Genus,Subgenus,Species,Author ,Local_Label,Y_Latitude,X_Longitude,Refs,Observations
Afrius,Afrius,kolleri,"Schouteden, 1911",DEMOCRATIC REPUBLIC OF THE CONGO: Elizabethville (Lubumbashi) ,-11.68000,27.49000,Roell et al. 2019,
Afrius,Afrius,kolleri,"Schouteden, 1911",DEMOCRATIC REPUBLIC OF THE CONGO: Galikoko ,-4.96000,21.25000,Roell et al. 2019,
Afrius,Afrius,kolleri,"Schouteden, 1911",DEMOCRATIC REPUBLIC OF THE CONGO: Ituri ,1.87000,29.26000,Roell et al. 2019,
Afrius,Afrius,kolleri,"Schouteden, 1911",DEMOCRATIC REPUBLIC OF THE CONGO: Kabwekanono ,-5.81000,28.56000,Schouteden 1972; Roell et al. 2019,
Afrius,Afrius,kolleri,"Schouteden, 1911",DEMOCRATIC REPUBLIC OF THE CONGO: Lukombe ,-4.37000,22.17000,Roell et al. 2019,
Afrius,Afrius,kolleri,"Schouteden, 1911","DEMOCRATIC REPUBLIC OF THE CONGO: Lulua, Kananga ",-7.96000,22.43000,Roell et al. 2019,
Afrius,Afrius,kolleri,"Schouteden, 1911",DEMOCRATIC REPUBLIC OF THE CONGO: Lusinga ,-8.92000,27.20000,Schouteden 1972; Roell et al. 2019,
Afrius,Afrius,kolleri,"Schouteden, 1911",DEMOCRATIC REPUBLIC OF THE CONGO: Lusinga ,-8.92000,27.20000,Roell et al. 2019,
Afrius,Afrius,kolleri,"Schouteden, 1911",DEMOCRATIC REPUBLIC OF THE CONGO: Ngowa,-5.74000,16.59000,Roell et al. 2019,
Afrius,Afrius,kolleri,"Schouteden, 1911",UGANDA:: Mpumu ,0.35000,32.83000,Roell et al. 2019,
Afrius,Afrius,kolleri,"Schouteden, 1911",UGANDA:: Bukalasa ,0.70000,32.51000,Maldès & Pluot-Sigwalt 2004; Roell et al. 2019,
Afrius,Afrius,kolleri,"Schouteden, 1911",ANGOLA: Zaire,-6.58000,13.51000,Thomas 1994,
Afrius,Afrius,kolleri,"Schouteden, 1911",KENYA,1.00000,38.00000,Thomas 1994,
Afrius,Afrius,kolleri,"Schouteden, 1911",ETHIOPIA,9.00000,39.50000,Thomas 1994,
Afrius,Afrius,purpureus,"Westwood, 1837",BENIN: Bassila,9.00000,1.66000,Villiers 1952; Roell et al. 2019,
Afrius,Afrius,purpureus,"Westwood, 1837",BENIN: Ouidah ,6.45000,2.08000,Roell et al. 2019,
Afrius,Afrius,purpureus,"Westwood, 1837",BENIN: Tchaourou,8.88000,2.59000,"Linnavuori 1982, 1989; Roell et al. 2019",
Afrius,Afrius,purpureus,"Westwood, 1837",CAMEROON: Baïgom ,5.57000,10.68000,Maldès & Pluot-Sigwalt 2004; Roell et al. 2019,
Afrius,Afrius,purpureus,"Westwood, 1837",CAMEROON: Dschang ,5.44000,10.05000,Maldès & Pluot-Sigwalt 2004; Roell et al. 2019,
Afrius,Afrius,purpureus,"Westwood, 1837",CAPE VERDE: Maio ,15.21000,-23.16000,Arechavaleta et al. 2005; Roell et al. 2019,
Afrius,Afrius,purpureus,"Westwood, 1837",CAPE VERDE: Maio: Monte Penoso ,15.22000,-23.13000,Lindberg 1958; Roell et al. 2019,
Afrius,Afrius,purpureus,"Westwood, 1837",CAPE VERDE: Maio: Porto Ingles ,15.14500,-23.21210,Lindberg 1958; Roell et al. 2019,
Afrius,Afrius,purpureus,"Westwood, 1837",CAPE VERDE: Maio: Porto Ingles ,15.14500,-23.21210,Roell et al. 2019,
Afrius,Afrius,purpureus,"Westwood, 1837",CAPE VERDE: Santiago ,15.08000,-23.62000,Lindberg 1958; Roell et al. 2019,
Afrius,Afrius,purpureus,"Westwood, 1837",CAPE VERDE: Santo Antão: Porto Novo ,17.06000,-25.06000,Lindberg 1958; Roell et al. 2019,
Afrius,Afrius,purpureus,"Westwood, 1837",CAPE VERDE: São Nicolau: Ribeira Brava ,16.61000,-24.29000,Lindberg 1958; Roell et al. 2019,
Afrius,Afrius,purpureus,"Westwood, 1837",CAPE VERDE: São Vicente: Monte Verde ,16.87000,-24.93000,Lindberg 1958; Roell et al. 2019,
Afrius,Afrius,purpureus,"Westwood, 1837",CAPE VERDE: São Vicente: Monte Verde ,16.87000,-24.93000,Roell et al. 2019,
Afrius,Afrius,purpureus,"Westwood, 1837",CENTRAL AFRICAN REPUBLIC: Bouar ,5.93000,15.59000,Roell et al. 2019,
Afrius,Afrius,purpureus,"Westwood, 1837",CENTRAL AFRICAN REPUBLIC: Mambéré-Kadéï [as Haute-Sangha] ,4.50000,16.00000,Schouteden 1905; Roell et al. 2019,
Afrius,Afrius,purpureus,"Westwood, 1837",CHAD: Bébédjia ,8.67000,16.57000,Maldès & Pluot-Sigwalt 2004; Roell et al. 2019,
Afrius,Afrius,purpureus,"Westwood, 1837",CHAD: Goundi ,9.36000,17.37000,Maldès & Pluot-Sigwalt 2004; Roell et al. 2019,
Afrius,Afrius,purpureus,"Westwood, 1837",DEMOCRATIC REPUBLIC OF THE CONGO: Faradje (Faradje: Congo 29o40' F; 3o40' N. I.1913 Lang & Chapin collection),3.74000,29.71000,AMNH,
Afrius,Afrius,purpureus,"Westwood, 1837",DEMOCRATIC REPUBLIC OF THE CONGO: Haut-Uele: Faradje (Faradje: Congo 29o40' F; 3o40' N. I.1913 Lang & Chapin collection),3.74000,29.71000,AMNH,
Afrius,Afrius,purpureus,"Westwood, 1837",DEMOCRATIC REPUBLIC OF THE CONGO: Duma ,2.57000,30.57000,Lehmann 1922; Roell et al. 2019,
Afrius,Afrius,purpureus,"Westwood, 1837",DEMOCRATIC REPUBLIC OF THE CONGO: Faradje ,3.74000,29.71000,Roell et al. 2019,
Afrius,Afrius,purpureus,"Westwood, 1837",DEMOCRATIC REPUBLIC OF THE CONGO: Kananga ,-7.96000,22.43000,Distant 1901; Schouteden 1909; Roell et al. 2019,
Afrius,Afrius,purpureus,"Westwood, 1837",DEMOCRATIC REPUBLIC OF THE CONGO: Kwango: Indaba ,-5.74000,17.06000,Schouteden 1905; Roell et al. 2019,
Afrius,Afrius,purpureus,"Westwood, 1837",DEMOCRATIC REPUBLIC OF THE CONGO: Tanganika: Mpala ,-6.73000,29.52000,"Schouteden 1905, 1909; Roell et al. 2019",
Afrius,Afrius,purpureus,"Westwood, 1837",EQUATORIAL GUINEA: Bioko [Fernando Po] ,3.41000,8.66000,Stål 1870; Schouteden 1905; Roell et al. 2019,
Afrius,Afrius,purpureus,"Westwood, 1837",ETHIOPIA: Oromiya: Banno,4.85000,37.40000,Hilgert 1908; Roell et al. 2019,
Afrius,Afrius,purpureus,"Westwood, 1837",ETHIOPIA: Ziway Hãyk ,8.00000,38.83000,Roell et al. 2019,
Afrius,Afrius,purpureus,"Westwood, 1837",GABON:Lambaréné ,-0.70000,10.24000,Schouteden 1905; Roell et al. 2019,
Afrius,Afrius,purpureus,"Westwood, 1837",GHANA: Ashanti: Tafo. 1966-XII-15. (U.V. Trap. Tafo Ghana 15.XII.66),6.73000,-1.61000,DARC,
Afrius,Afrius,purpureus,"Westwood, 1837",GHANA: Ashanti: Tafo ,6.74000,-1.61000,Roell et al. 2019,
Afrius,Afrius,purpureus,"Westwood, 1837",GHANA: Tafo,6.74000,-1.61000,Roell et al. 2019,
Afrius,Afrius,purpureus,"Westwood, 1837",GUINEA: Kindia ,10.40000,18.86000,Maldès & Pluot-Sigwalt 2004; Roell et al. 2019,
Afrius,Afrius,purpureus,"Westwood, 1837",GUINEA-BISSAU: Bolama ,11.46000,-15.94000,Schouteden 1913; Roell et al. 2019,
Afrius,Afrius,purpureus,"Westwood, 1837",IVORY COAST: Adiopodoumé ,5.43000,-4.13000,"Gillon 1972; Linnavuori 1982, 1989; Roell et al. 2019",
Afrius,Afrius,purpureus,"Westwood, 1837",IVORY COAST: Bingerville ,5.35000,-3.88000,Schouteden 1964; Gillon 1972; Roell et al. 2019,
Afrius,Afrius,purpureus,"Westwood, 1837",IVORY COAST: Bouaflé ,6.99000,-5.74000,Gillon 1972; Roell et al. 2019,
Afrius,Afrius,purpureus,"Westwood, 1837",IVORY COAST: Bouaké ,7.69000,-5.03000,Villiers 1949; Gillon 1972; Roell et al. 2019,
Afrius,Afrius,purpureus,"Westwood, 1837",IVORY COAST: Foro-Foro ,7.94000,-5.00000,Linnavuori 1982; Roell et al. 2019,
Afrius,Afrius,purpureus,"Westwood, 1837",IVORY COAST: Grand-Bassam ,5.22000,-3.75000,Schouteden 1905; Maldès & Pluot-Sigwalt 2004; Roell et al. 2019,
Afrius,Afrius,purpureus,"Westwood, 1837",IVORY COAST: Lamto ,6.22000,-5.03000,Schouteden 1963; Maldès & Pluot-Sigwalt 2004; Roell et al. 2019,
Afrius,Afrius,purpureus,"Westwood, 1837",KENYA: Kibwezi ,-2.41000,37.96000,Roell et al. 2019,
Afrius,Afrius,purpureus,"Westwood, 1837",KENYA: Loitokitok ,-2.92000,37.51000,Schouteden 1910; Roell et al. 2019,
Afrius,Afrius,purpureus,"Westwood, 1837",KENYA: Mombasa ,-4.02450,39.62380,Maldès & Pluot-Sigwalt 2004; Roell et al. 2019,
Afrius,Afrius,purpureus,"Westwood, 1837",KENYA: Mumias. 4500 ft ,0.33000,34.40000,Roell et al. 2019,
Afrius,Afrius,purpureus,"Westwood, 1837",KENYA: Nairobi ,-1.30000,36.84000,Roell et al. 2019,
Afrius,Afrius,purpureus,"Westwood, 1837",KENYA: Nakuru: Ilala: Maramas Dist.: 14 m E of Mumias ,-0.31000,36.11000,Roell et al. 2019,
Afrius,Afrius,purpureus,"Westwood, 1837",KENYA: Taita Taveta ,-3.40000,38.44000,Roell et al. 2019,
Afrius,Afrius,purpureus,"Westwood, 1837",MALI: Dogo: Macina ,13.99000,-5.73000,Villiers 1954; Maldès & Pluot-Sigwalt 2004; Roell et al. 2019,
Afrius,Afrius,purpureus,"Westwood, 1837",MALI: Niono ,15.19000,-5.95000,Maldès & Pluot-Sigwalt 2004; Roell et al. 2019,
Afrius,Afrius,purpureus,"Westwood, 1837",MOZAMBIQUE: Quelimane ,-17.87000,36.88000,Gerstaecker 1892; Roell et al. 2019,
Afrius,Afrius,purpureus,"Westwood, 1837",NAMIBIA: Damaraland ,-21.00000,17.50000,Hesse 1925; Roell et al. 2019,
Afrius,Afrius,purpureus,"Westwood, 1837",NAMIBIA: Oshikoto: Tsumeb ,-19.23000,17.71000,Hesse 1925; Roell et al. 2019,
Afrius,Afrius,purpureus,"Westwood, 1837",NAMIBIA: Otjozondjupa: Otjiwarongo ,-20.46000,16.64000,Hesse 1925; Roell et al. 2019,
Afrius,Afrius,purpureus,"Westwood, 1837",NIGERIA: Azara ,8.45000,9.50000,Roell et al. 2019,
Afrius,Afrius,purpureus,"Westwood, 1837",NIGERIA: Enugu ,6.73000,7.50000,Roell et al. 2019,
Afrius,Afrius,purpureus,"Westwood, 1837",NIGERIA: Ibadan ,7.37000,3.90000,Linnavuori 1982; Roell et al. 2019,
Afrius,Afrius,purpureus,"Westwood, 1837",NIGERIA: Ile-Ife ,7.48000,4.56000,Linnavuori 1982; Roell et al. 2019,
Afrius,Afrius,purpureus,"Westwood, 1837",NIGERIA: Ilorin ,8.49000,4.54000,Golding 1931; Roell et al. 2019,
Afrius,Afrius,purpureus,"Westwood, 1837",NIGERIA: Kagoro forest ,9.58000,8.47000,Linnavuori 1982; Roell et al. 2019,
Afrius,Afrius,purpureus,"Westwood, 1837",NIGERIA: Kano ,12.32000,8.61000,Roell et al. 2019,
Afrius,Afrius,purpureus,"Westwood, 1837",NIGERIA: Kaura: Namoda ,12.56000,6.57000,Linnavuori 1982; Roell et al. 2019,
Afrius,Afrius,purpureus,"Westwood, 1837",NIGERIA: Mokwa ,9.20000,5.33000,Linnavuori 1982; Roell et al. 2019,
Afrius,Afrius,purpureus,"Westwood, 1837",NIGERIA: Zaria: Samaru ,11.16000,7.63000,Roell et al. 2019,
Afrius,Afrius,purpureus,"Westwood, 1837",SENEGAL: Dakar (Dakkar: VIII: Senegal 27: Baum),14.68000,-17.45000,NMPC,
Afrius,Afrius,purpureus,"Westwood, 1837",SENEGAL: Bambey ,14.78000,-16.47000,Roell et al. 2019,
Afrius,Afrius,purpureus,"Westwood, 1837",SENEGAL: Cambérène ,14.77000,-17.42000,Maldès & Pluot-Sigwalt 2004; Roell et al. 2019,
Afrius,Afrius,purpureus,"Westwood, 1837",SENEGAL: Dakar (Dakkar: VIII: Senegal 27: Baum) ,14.68000,-17.45000,Roell et al. 2019,
Afrius,Afrius,purpureus,"Westwood, 1837",SENEGAL: Dakar: Gorée ,14.66700,-17.39830,Villiers 1949; Roell et al. 2019,
Afrius,Afrius,purpureus,"Westwood, 1837",SENEGAL: Dakar: Sébikotane ,14.74000,-17.13000,Villiers 1949; Roell et al. 2019,
Afrius,Afrius,purpureus,"Westwood, 1837",SENEGAL: Dakar: Thiaroye ,14.75000,-17.35000,Villiers 1949; Roell et al. 2019,
Afrius,Afrius,purpureus,"Westwood, 1837",SENEGAL: Mboro ,15.13000,-16.88000,Maldès & Pluot-Sigwalt 2004; Roell et al. 2019,
Afrius,Afrius,purpureus,"Westwood, 1837",SENEGAL: Pout ,14.77000,-17.06000,Villiers 1949; Roell et al. 2019,
Afrius,Afrius,purpureus,"Westwood, 1837",SENEGAL: Richard-Toll ,16.46000,-15.69000,Maldès & Pluot-Sigwalt 2004; Roell et al. 2019,
Afrius,Afrius,purpureus,"Westwood, 1837",SOMALIA: Afgooye ,2.13000,45.12000,Linnavuori 1976; Roell et al. 2019,
Afrius,Afrius,purpureus,"Westwood, 1837",SOMALIA: Jowhar ,2.99000,45.56000,Mancini 1937; Roell et al. 2019,
Afrius,Afrius,purpureus,"Westwood, 1837",SOUTH AFRICA: Free State: Toowoomba ,-30.25000,25.40000,Roell et al. 2019,
Afrius,Afrius,purpureus,"Westwood, 1837",SOUTH AFRICA: Free State: Toowoomba: 3m. ,-30.24000,25.41000,DARC,
Afrius,Afrius,purpureus,"Westwood, 1837",SOUTH AFRICA: Gauteng: Johannesburg: Bedford Ridge. ,-26.21000,28.05000,AMNH,
Afrius,Afrius,purpureus,"Westwood, 1837",SOUTH AFRICA: Gauteng: Johannesburg: Bedford Ridge. ,-26.21000,28.05000,AMNH,
Afrius,Afrius,purpureus,"Westwood, 1837",SOUTH AFRICA: Pietermaritzburg,-29.60000,30.38000,EMG,
Afrius,Afrius,purpureus,"Westwood, 1837",SOUTH AFRICA: Pietermaritzburg,-29.60000,30.38000,EMG,
Afrius,Afrius,purpureus,"Westwood, 1837",SOUTH AFRICA: Pietermaritzburg,-29.60000,30.38000,EMG,
Afrius,Afrius,purpureus,"Westwood, 1837",SOUTH AFRICA: Pietermaritzburg,-29.60000,30.38000,EMG,
Afrius,Afrius,purpureus,"Westwood, 1837",SOUTH AFRICA: Pietermaritzburg ,-29.60000,30.38000,Roell et al. 2019,
Afrius,Afrius,purpureus,"Westwood, 1837",SOUTH AFRICA: Barberton: Mpumalanga ,-25.77000,31.04000,Roell et al. 2019,
Afrius,Afrius,purpureus,"Westwood, 1837",SOUTH AFRICA: Cape of Good Hope ,-34.27000,18.42000,Maldès & Pluot-Sigwalt 2004; Roell et al. 2019,
Afrius,Afrius,purpureus,"Westwood, 1837",SOUTH AFRICA: Cape of Good Hope ,-34.27000,18.42000,Roell et al. 2019,
Afrius,Afrius,purpureus,"Westwood, 1837",SOUTH AFRICA: Delagoa: Limpopo ,-23.97000,28.75000,Roell et al. 2019,
Afrius,Afrius,purpureus,"Westwood, 1837",SOUTH AFRICA: Eastern Cape: Matatiele ,-30.36000,28.80000,Roell et al. 2019,
Afrius,Afrius,purpureus,"Westwood, 1837",SOUTH AFRICA: Johannesburg 6000ft ,-26.20000,28.04000,Roell et al. 2019,
Afrius,Afrius,purpureus,"Westwood, 1837",SOUTH AFRICA: KwaZulu-Natal ,-29.30000,30.00000,Roell et al. 2019,
Afrius,Afrius,purpureus,"Westwood, 1837",SOUTH AFRICA: KwaZulu-Natal: Weenen ,-28.84000,30.07000,Roell et al. 2019,
Afrius,Afrius,purpureus,"Westwood, 1837",SOUTH AFRICA: Little Falls ,-26.12000,27.89000,Roell et al. 2019,
Afrius,Afrius,purpureus,"Westwood, 1837",SOUTH AFRICA: Northern Cape: Hester Malan N.R.: E. Springbok ,-29.60000,17.90000,Roell et al. 2019,
Afrius,Afrius,purpureus,"Westwood, 1837",SOUTH AFRICA: Pretoria ,-25.73000,28.24000,Distant 1892; Roell et al. 2019,
Afrius,Afrius,purpureus,"Westwood, 1837",SOUTH AFRICA: Pretoria ,-25.73000,28.24000,Roell et al. 2019,
Afrius,Afrius,purpureus,"Westwood, 1837",SOUTH SUDAN: Latuka ,4.64000,32.55000,"Schouteden 1905, 1909; Roell et al. 2019",
Afrius,Afrius,purpureus,"Westwood, 1837",TANZANIA: Arusha: Oldean Rd: 3800 ft ,-3.34000,35.54000,Roell et al. 2019,
Afrius,Afrius,purpureus,"Westwood, 1837",TANZANIA: Bububu ,-5.92000,39.22000,Jeannel 1913; Roell et al. 2019,
Afrius,Afrius,purpureus,"Westwood, 1837",TANZANIA: Kagera ,-1.91000,31.25000,Roell et al. 2019,
Afrius,Afrius,purpureus,"Westwood, 1837",TANZANIA: Kilimanjaro ,-3.07000,37.35000,"Schouteden 1905, 1910; Maldès & Pluot-Sigwalt 2004; Roell et al. 2019",
Afrius,Afrius,purpureus,"Westwood, 1837",TANZANIA: Musoma: Banagi Hill ,-2.30000,34.83000,Leston 1952; Roell et al. 2019,
Afrius,Afrius,purpureus,"Westwood, 1837",TANZANIA: Old Shinyanga: Boma ,-3.56000,33.41000,Roell et al. 2019,
Afrius,Afrius,purpureus,"Westwood, 1837",TANZANIA: Usambara ,-4.75000,38.50000,Schouteden 1905; Roell et al. 2019,
Afrius,Afrius,purpureus,"Westwood, 1837",TANZANIA: Morogoro,-7.91667,37.25000,CeNak,
Afrius,Afrius,purpureus,"Westwood, 1837",TOGO: Atakpamé ,7.53000,1.13000,Maldès & Pluot-Sigwalt 2004; Roell et al. 2019,
Afrius,Afrius,purpureus,"Westwood, 1837",UGANDA:: Eastern Mbale Dist.: S of Mt Elgon ,1.08000,34.18000,Roell et al. 2019,
Afrius,Afrius,purpureus,"Westwood, 1837",UGANDA:: Entebe ,0.05000,32.46000,Roell et al. 2019,
Afrius,Afrius,purpureus,"Westwood, 1837",UGANDA:: Kadungulu: Eastern Province ,1.51000,33.20000,Roell et al. 2019,
Afrius,Afrius,purpureus,"Westwood, 1837",UGANDA:: Kampala ,0.34000,32.58000,Roell et al. 2019,
Afrius,Afrius,purpureus,"Westwood, 1837",UGANDA:: Kigezi Dist . Afr. Exp.: Mabungo Camp. 6000 ft: ,0.46000,31.63000,Roell et al. 2019,
Afrius,Afrius,purpureus,"Westwood, 1837",UGANDA:: Mabungo camp ,0.46000,31.63000,Roell et al. 2019,
Afrius,Afrius,purpureus,"Westwood, 1837",UGANDA:: Mbale: Kumi Rd: 3700 ft S. of L. Salisbury ,1.96000,34.18000,Roell et al. 2019,
Afrius,Afrius,purpureus,"Westwood, 1837",YEMEN: Wādī Risyān ,13.56000,43.28000,Linnavuori 1989; Roell et al. 2019,
Afrius,Subafrius,flavirostrum,"Signoret, 1861",MADAGASCAR: Ambanja ,-13.66000,48.45000,Cachan 1952; Roell et al. 2019,
Afrius,Subafrius,flavirostrum,"Signoret, 1861",MADAGASCAR: Amber Forest Reserve ,-12.45000,49.19000,Maldès & Pluot-Sigwalt 2004; Roell et al. 2019,
Afrius,Subafrius,flavirostrum,"Signoret, 1861",MADAGASCAR: Ankarafantsika ,-15.72000,46.45000,Roell et al. 2019,
Afrius,Subafrius,flavirostrum,"Signoret, 1861",MADAGASCAR: Diego-Suarez ,-12.32000,49.30000,Maldès & Pluot-Sigwalt 2004; Roell et al. 2019,
Afrius,Subafrius,flavirostrum,"Signoret, 1861",MADAGASCAR: Fenoarivo Atsinanana ,-17.38000,49.30000,Maldès & Pluot-Sigwalt 2004; Roell et al. 2019,
Afrius,Subafrius,flavirostrum,"Signoret, 1861",MADAGASCAR: Helodranon’ Antongila: Antanambe ,-16.44000,49.84000,Maldès & Pluot-Sigwalt 2004; Roell et al. 2019,
Afrius,Subafrius,flavirostrum,"Signoret, 1861",MADAGASCAR: Ivondro: between Tamatave and Andevorante ,-18.23000,49.36000,Maldès & Pluot-Sigwalt 2004; Roell et al. 2019,
Afrius,Subafrius,flavirostrum,"Signoret, 1861",MADAGASCAR: Maevatanana ,-13.88000,48.53000,Maldès & Pluot-Sigwalt 2004; Roell et al. 2019,
Afrius,Subafrius,flavirostrum,"Signoret, 1861",MADAGASCAR: Morondava ,-20.29000,44.29000,Roell et al. 2019,
Afrius,Subafrius,flavirostrum,"Signoret, 1861",MADAGASCAR: Mt. d’Ambre ,-12.58000,49.15000,Cachan 1952; Roell et al. 2019,
Afrius,Subafrius,flavirostrum,"Signoret, 1861",MADAGASCAR: Nosy Mitsio ,-12.89940,48.60360,Roell et al. 2019,
Afrius,Subafrius,flavirostrum,"Signoret, 1861",MADAGASCAR: Périnet: Analamazoatra ,-18.93000,48.43000,Cachan 1952; Roell et al. 2019,
Afrius,Subafrius,flavirostrum,"Signoret, 1861",MADAGASCAR: Tulear: Zombitse Forest ,-22.78000,44.67000,Roell et al. 2019,
Afrius,Subafrius,flavirostrum,"Signoret, 1861",MADAGASCAR: Vohemar ,-13.37000,50.00000,Roell et al. 2019,
Afrius,Subafrius,flavirostrum,"Signoret, 1861",MAURITIUS: Reduit ,-20.23000,57.49000,Roell et al. 2019,
Afrius,Subafrius,flavirostrum,"Signoret, 1861",MAURITIUS: Rose Hill ,-20.24000,57.47000,Mamet 1957; Roell et al. 2019,
Afrius,Subafrius,flavirostrum,"Signoret, 1861",SEYCHELLES ISLANDS: Aldabra ,-9.46930,46.32070,Distant 1913; Roell et al. 2019,
Afrius,Subafrius,flavirostrum,"Signoret, 1861",SEYCHELLES ISLANDS: Aldabra ,-9.46930,46.32070,Roell et al. 2019,
Afrius,Subafrius,flavirostrum,"Signoret, 1861",MADAGASCAR: Alaotra Mangoro: Perinet,-18.93000,48.41000,Gapon & Konstantinov 2006,
Alcaeorrhynchus,,grandis,"Dallas, 1851",HONDURAN: Atlántida,15.73000,-86.51000,Arismendi & Thomas 2003,
Alcaeorrhynchus,,grandis,"Dallas, 1851",HONDURAN: Comayagua,14.46000,-87.65000,Arismendi & Thomas 2003,
Alcaeorrhynchus,,grandis,"Dallas, 1851",HONDURAN: Cortés,15.33000,-87.91000,Arismendi & Thomas 2003,
Alcaeorrhynchus,,grandis,"Dallas, 1851",FRENCH GUIANA: Rémire-Montjoly,4.91000,-52.26000,Becker & Grazia 1977,
Alcaeorrhynchus,,grandis,"Dallas, 1851","USA: New Mexico, Otero",32.61000,-105.74000,Bundy 2012,
Alcaeorrhynchus,,grandis,"Dallas, 1851","USA: New Mexico, Roosevelt",34.02000,-103.48000,Bundy 2012,
Alcaeorrhynchus,,grandis,"Dallas, 1851","ARGENTINA:  Buenos Aires, Flores",-34.92000,-58.56000,Dellape et al 2003,
Alcaeorrhynchus,,grandis,"Dallas, 1851","ARGENTINA:  Buenos Aires, La Plata",-34.92000,-57.95000,Dellape et al 2003,
Alcaeorrhynchus,,grandis,"Dallas, 1851","ARGENTINA:  Corrientes, San Roque",-28.66000,-68.76000,Dellape et al 2003,
Alcaeorrhynchus,,grandis,"Dallas, 1851","ARGENTINA:  Entre Ríos, Concordia",-31.39000,-58.02000,Dellape et al 2003,
Alcaeorrhynchus,,grandis,"Dallas, 1851","ARGENTINA:  Misiones, Pindapoi",-27.47000,-55.80000,Dellape et al 2003,
Alcaeorrhynchus,,grandis,"Dallas, 1851","ARGENTINA: Santa Fé, Piquete",-31.56000,-60.71000,Dellape et al 2003,
Alcaeorrhynchus,,grandis,"Dallas, 1851","ARGENTINA:  Santiago del Estero, Río Saladillo",-29.07000,-63.39000,Dellape et al 2003,
Alcaeorrhynchus,,grandis,"Dallas, 1851","BOLIVIA:  Santa Cruz, La Concepción",-17.75000,-62.99000,Dellape et al 2003,
Alcaeorrhynchus,,grandis,"Dallas, 1851","BRAZIL: Pará, Mato Grosso",-4.00000,-53.00000,Dellape et al 2003,
Alcaeorrhynchus,,grandis,"Dallas, 1851",BRAZIL: Espírito Santo,-20.00000,-40.75000,Dellape et al 2003,
Alcaeorrhynchus,,grandis,"Dallas, 1851","PARAGUAY:  Concepción, San Carlo",-23.39000,-57.43000,Dellape et al 2003,
Alcaeorrhynchus,,grandis,"Dallas, 1851","PARAGUAY:  Central, Villa Elisa",-25.36000,-57.59000,Dellape et al 2003,
Alcaeorrhynchus,,grandis,"Dallas, 1851","URUGUAY: Cerro Largo, Fraile",-32.49000,-54.52000,Dellape et al 2003,
Alcaeorrhynchus,,grandis,"Dallas, 1851","PARAGUAY:  Canindeyu, Mbaracayu",-24.19000,-54.60000,Faúndez et al 2018,
Alcaeorrhynchus,,grandis,"Dallas, 1851","PARAGUAY:  Cordillera, Caacupe",-25.38000,-57.14000,Faúndez et al 2018,
Alcaeorrhynchus,,grandis,"Dallas, 1851","PARAGUAY:  Alto Paraná, Puerto Bertoni",-25.66000,-54.59000,Faúndez et al 2018,
Alcaeorrhynchus,,grandis,"Dallas, 1851","PARAGUAY:  San Pedro, Cororo",-23.46000,-56.51000,Faúndez et al 2018,
Alcaeorrhynchus,,grandis,"Dallas, 1851",PARAGUAY:  San Pedro,-24.13000,-56.66000,Faúndez et al 2018,
Alcaeorrhynchus,,grandis,"Dallas, 1851","BRAZIL: São Paulo, Piracicaba",-22.72000,-47.64000,Gapon & Konstantinov 2006,
Alcaeorrhynchus,,grandis,"Dallas, 1851","BRAZIL: Rio Grande do Sul, Cruz Alta",-28.64000,-53.60000,Gapon & Konstantinov 2006,
Alcaeorrhynchus,,grandis,"Dallas, 1851",FRENCH GUIANA: Maripasoula,3.64000,-54.03000,Lupoli 2019,
Alcaeorrhynchus,,grandis,"Dallas, 1851",FRENCH GUIANA: Regina,4.31000,-52.12000,Lupoli 2019,
Alcaeorrhynchus,,grandis,"Dallas, 1851",FRENCH GUIANA: Remire- Montjoly,4.91000,-52.26000,Lupoli 2019,
Alcaeorrhynchus,,grandis,"Dallas, 1851",FRENCH GUIANA: Montagne des Chevaux,4.71000,-52.40000,Lupoli 2019,
Alcaeorrhynchus,,grandis,"Dallas, 1851",FRENCH GUIANA: Roura,4.72000,-52.32000,Lupoli 2019,
Alcaeorrhynchus,,grandis,"Dallas, 1851",FRENCH GUIANA: Saül,3.62000,-53.20000,Lupoli 2019,
Alcaeorrhynchus,,grandis,"Dallas, 1851","MEXICO: Veracruz, Atoyac",18.93000,-96.80000,Ortega León 1997,
Alcaeorrhynchus,,grandis,"Dallas, 1851","MEXICO: Veracruz, Cuesta de Misantla",19.98000,-96.89000,Ortega León 1997,
Alcaeorrhynchus,,grandis,"Dallas, 1851","MEXICO: Veracruz, Xalapa de Enriquez",19.53000,-96.91000,Ortega León 1997,
Alcaeorrhynchus,,grandis,"Dallas, 1851","MEXICO: Coahuila, Saltillo",25.42000,-101.00000,Ortega León 1997,
Alcaeorrhynchus,,grandis,"Dallas, 1851","MEXICO: Tamaulipas, Gomez Farias",22.96000,-99.07000,Ortega León 1997,
Alcaeorrhynchus,,grandis,"Dallas, 1851","MEXICO: San Luis Potosi, Ciudade Valles",21.99000,-99.01000,Ortega León 1997,
Alcaeorrhynchus,,grandis,"Dallas, 1851","MEXICO: Jalisco, Guadalajara",20.66000,-103.39000,Ortega León 1997,
Alcaeorrhynchus,,grandis,"Dallas, 1851","MEXICO: Jalisco, Chamela",19.52000,-105.07000,Ortega León 1997,
Alcaeorrhynchus,,grandis,"Dallas, 1851","MEXICO: Michoacan, Tinganbato",19.49000,-101.86000,Ortega León 1997,
Alcaeorrhynchus,,grandis,"Dallas, 1851","MEXICO: Michoacan, La Huacana",18.88000,-101.87000,Ortega León 1997,
Alcaeorrhynchus,,grandis,"Dallas, 1851","MEXICO: Veracruz, Almolonga",19.59000,-96.78000,Ortega León 1997,
Alcaeorrhynchus,,grandis,"Dallas, 1851",MEXICO: Fortin de Las Flores,18.90000,-97.00000,Ortega León 1997,
Alcaeorrhynchus,,grandis,"Dallas, 1851","MEXICO: Veracruz, San Andres Tuxtla",18.44000,-95.21000,Ortega León 1997,
Alcaeorrhynchus,,grandis,"Dallas, 1851","MEXICO: Guerrero, Valerio Trujano",18.30000,-99.45000,Ortega León 1997,
Alcaeorrhynchus,,grandis,"Dallas, 1851","MEXICO: Morelos, Cuernavaca",18.92000,-99.23000,Ortega León 1997,
Alcaeorrhynchus,,grandis,"Dallas, 1851","MEXICO: Morelos, Canon de Lobos",18.85000,-99.12000,Ortega León 1997,
Alcaeorrhynchus,,grandis,"Dallas, 1851","MEXICO: Chiapas, El Aguacero",16.78000,-93.49000,Ortega León 1997,
Alcaeorrhynchus,,grandis,"Dallas, 1851","MEXICO: Chiapas, Palenque",17.50000,-91.89000,Ortega León 1997,
Alcaeorrhynchus,,grandis,"Dallas, 1851","USA: Missouri, Ozark",36.64000,-92.44000,Sites et al 2012,
Alcaeorrhynchus,,grandis,"Dallas, 1851","USA: Missouri, Mississippi Lowlands",34.90000,-92.43000,Sites et al 2012,
Alcaeorrhynchus,,grandis,"Dallas, 1851","VENEZUELA:  Zulia, Colon",9.00000,-71.92000,Barão et al 2013,
Alcaeorrhynchus,,grandis,"Dallas, 1851","VENEZUELA:  Aragua, Ramizito",10.00000,-67.16000,Barão et al 2013,
Alcaeorrhynchus,,grandis,"Dallas, 1851","MEXICO: Veracruz, Los Tuxtlas",18.47000,-95.00000,Brailovsky and Mayorga 1994,
Alcaeorrhynchus,,grandis,"Dallas, 1851",ECUADOR: Galápagos,-0.67000,-90.87000,Causton et al 2006,
Alcaeorrhynchus,,grandis,"Dallas, 1851","VENEZUELA:  Aragua, El Zamuro",10.35000,-67.40000,Díaz et al 2000,
Alcaeorrhynchus,,grandis,"Dallas, 1851","BRAZIL: Parana, Londrina",-23.31000,-51.16000,Grande & Rando 2018,
Alcaeorrhynchus,,grandis,"Dallas, 1851","BRAZIL: Rio Grande do Sul, São Sepé",-30.15000,-53.60000,Magistralli et al 2014,
Alcaeorrhynchus,,grandis,"Dallas, 1851","BRAZIL: Parana, Londrina",-23.31000,-51.16000,Malaguido & Panizzi 1998,
Alcaeorrhynchus,,grandis,"Dallas, 1851","BRAZIL: Pará, Tailândia",-2.87000,-48.75000,Ribeiro et al 2010,
Alcaeorrhynchus,,grandis,"Dallas, 1851","BRAZIL: Piauí, Teresina",-5.08000,-42.80000,Sousa et al 2016,
Alcaeorrhynchus,,grandis,"Dallas, 1851","BRAZIL: Minas Gerais, Caoté",-19.87000,-43.65000,Zanuncio et al 2009,
Alcaeorrhynchus,,grandis,"Dallas, 1851",VENEZUELA:  Santa Rosa,9.89000,-69.76000,UFRG,
Alcaeorrhynchus,,grandis,"Dallas, 1851","BRAZIL: Rio Grande do Sul, Santa Maria. ",-29.68000,-53.81000,UFRG,
Alcaeorrhynchus,,grandis,"Dallas, 1851","BRAZIL: Rio Grande do Sul, Xangri-Lá, Atlântida. ",-29.80000,-50.04000,UFRG,
Alcaeorrhynchus,,grandis,"Dallas, 1851",VENEZUELA:  Santa Rosa,9.89000,-69.76000,UFRG,
Alcaeorrhynchus,,grandis,"Dallas, 1851",VENEZUELA:  Santa Rosa,9.89000,-69.76000,UFRG,
Alcaeorrhynchus,,grandis,"Dallas, 1851","PERU:  Cusco, Kunyal",-13.53000,-71.96000,UFRG,
Alcaeorrhynchus,,grandis,"Dallas, 1851","BRAZIL: Santa Catarina, São José do Cedro",-26.45000,-53.49000,UFRG,
Alcaeorrhynchus,,grandis,"Dallas, 1851","BRAZIL: Minas Gerais, Turmalina",-17.28000,-42.72000,UFRG,
Alcaeorrhynchus,,grandis,"Dallas, 1851","BRAZIL: Bahia, Itajibá",-14.28000,-39.84000,UFRG,
Alcaeorrhynchus,,grandis,"Dallas, 1851","BRAZIL: Bahia, Itajibá",-14.28000,-39.84000,UFRG,
Alcaeorrhynchus,,grandis,"Dallas, 1851","BRAZIL: Rio Grande do Sul, São Borja. ",-28.65000,-56.00000,UFRG,
Alcaeorrhynchus,,grandis,"Dallas, 1851","BRAZIL: São Paulo, Altinópolis, Chanflora.",-21.02000,-47.37000,UFRG,
Alcaeorrhynchus,,grandis,"Dallas, 1851","BRAZIL: Rio Grande do Sul, Carazinho",-28.29000,-52.79000,UFRG,
Alcaeorrhynchus,,grandis,"Dallas, 1851","BRAZIL: Minas Gerais, Presidente Olegário",-18.41000,-46.42000,UFRG,
Alcaeorrhynchus,,grandis,"Dallas, 1851","BRAZIL: Rio Grande do Sul, Santa Maria",-29.68000,-53.81000,UFRG,
Alcaeorrhynchus,,grandis,"Dallas, 1851","PERU:  Cusco, Bilcobata",-13.53000,-71.96000,UFRG,
Alcaeorrhynchus,,grandis,"Dallas, 1851","ECUADOR: Galápagos, Floreana Island, Black Beach",-1.31000,-90.43000,UFRG,
Alcaeorrhynchus,,grandis,"Dallas, 1851","BRAZIL: Maranhão, São Luís",-2.53000,-44.28000,UFRG,
Alcaeorrhynchus,,grandis,"Dallas, 1851",VENEZUELA:  Santa Rosa,9.89000,-69.76000,UFRG,
Alcaeorrhynchus,,grandis,"Dallas, 1851",VENEZUELA:  Santa Rosa,9.89000,-69.76000,UFRG,
Alcaeorrhynchus,,grandis,"Dallas, 1851","BRAZIL: Bahia, Itajibá",-14.28000,-39.84000,UFRG,
Alcaeorrhynchus,,grandis,"Dallas, 1851","BRAZIL: Bahia, Itajibá",-14.28000,-39.84000,UFRG,
Alcaeorrhynchus,,grandis,"Dallas, 1851","BRAZIL: Rio Grande do Sul, Torres",-29.33000,-49.72000,UFRG,
Alcaeorrhynchus,,grandis,"Dallas, 1851","BRAZIL: Rio Grande do Sul, Imbé, Albatroz",-29.90000,-50.09000,UFRG,
Alcaeorrhynchus,,grandis,"Dallas, 1851","BRAZIL: Rio Grande do Sul, Pelotas",-31.76000,-52.33000,UFRG,
Alcaeorrhynchus,,grandis,"Dallas, 1851","BRAZIL: Rio Grande do Sul, Santa Maria",-29.68000,-53.81000,UFRG,
Alcaeorrhynchus,,grandis,"Dallas, 1851","BRAZIL: São Paulo, Altinópolis, Chanflora",-21.02000,-47.37000,UFRG,
Alcaeorrhynchus,,grandis,"Dallas, 1851","BRAZIL: Rio de Janeiro, Paraty, Praia do Sono",-23.33000,-44.62000,UFRJ,
Alcaeorrhynchus,,grandis,"Dallas, 1851","BRAZIL: Piauí, Piracuruca, Parque Nacional de Sete Cidades, Cachoeira do Riacho, 171m",-4.09000,-41.71000,UFRJ,
Alcaeorrhynchus,,grandis,"Dallas, 1851","BRAZIL: São Paulo, São Sebastião",-23.80000,-45.40000,UFRJ,
Alcaeorrhynchus,,grandis,"Dallas, 1851","USA: Florida, Suwanee, Intersection of Highway 129 and US 27. 16m elev.",29.96000,-82.85000,FSCA,
Alcaeorrhynchus,,grandis,"Dallas, 1851","USA: Florida, Miami. 1961-XI-28",25.78000,-80.22000,UMSP,
Alcaeorrhynchus,,grandis,"Dallas, 1851",BRAZIL: São Paulo,-23.54000,-46.63000,NMPC,
Alcaeorrhynchus,,grandis,"Dallas, 1851",BRAZIL: São Paulo,-23.54000,-46.63000,NMPC,
Alcaeorrhynchus,,grandis,"Dallas, 1851",ARGENTINA:  Chaco. Coll. Ohnneiser,-27.42000,-59.02000,NMPC,
Alcaeorrhynchus,,grandis,"Dallas, 1851","USA: Florida, Highlands County, Venus, Archbold Biological Station, 13km south of Lake Placid",27.18000,-81.35000,NMPC,
Alcaeorrhynchus,,grandis,"Dallas, 1851","BRAZIL: Amazonas, Maués, Rio Abacaxis, Flona Pau Rosa. 35m",-5.15000,-58.41000,INPA,
Alcaeorrhynchus,,grandis,"Dallas, 1851","BRAZIL: Amazonas, Rio Abacaxis, Campina Pacamiri",-4.35000,-58.13000,INPA,
Alcaeorrhynchus,,grandis,"Dallas, 1851","BRAZIL: Amazonas, Rio Abacaxis, Campina Pacamiri",-4.35000,-58.13000,INPA,
Alcaeorrhynchus,,grandis,"Dallas, 1851","BRAZIL: Amazonas, Rio Abacaxis, Campina Pacamiri",-4.35000,-58.13000,INPA,
Alcaeorrhynchus,,grandis,"Dallas, 1851","BRAZIL: Amazonas, Maués, Rio Abacaxis, Campina Pacamiri.",-5.15000,-58.41000,INPA,
Alcaeorrhynchus,,grandis,"Dallas, 1851","BRAZIL: Amazonas, Maués, Rio Abacaxis, Campina Pacamiri. ",-5.15000,-58.41000,INPA,
Alcaeorrhynchus,,grandis,"Dallas, 1851","BRAZIL: Amazonas, Maués, Rio Abacaxis, Campina Pacamiri",-5.15000,-58.41000,INPA,
Alcaeorrhynchus,,grandis,"Dallas, 1851","BRAZIL: Amazonas, Rio Abacaxis, Campina Pacamiri",-4.35000,-58.13000,INPA,
Alcaeorrhynchus,,grandis,"Dallas, 1851","BRAZIL: Amazonas, Rio Nhamundá, Cuipiranga",-1.53000,-57.02000,INPA,
Alcaeorrhynchus,,grandis,"Dallas, 1851","BRAZIL: Amazonas, Maués, Rio Abacaxis, Campina Pacamir. 35m.",-5.15000,-58.41000,INPA,
Alcaeorrhynchus,,grandis,"Dallas, 1851","BRAZIL: Amazonas, Maués, Rio Abacaxis, Campina Pacamiri. 35m.",-5.15000,-58.41000,INPA,
Alcaeorrhynchus,,grandis,"Dallas, 1851","BRAZIL: Amazonas, Maués, Rio Abacaxis, Campina Pacamiri. ",-5.15000,-58.41000,INPA,
Alcaeorrhynchus,,grandis,"Dallas, 1851","BRAZIL: Amazonas, Maués, Rio Abacaxis, Campina Pacamiri. ",-5.15000,-58.41000,INPA,
Alcaeorrhynchus,,grandis,"Dallas, 1851","BRAZIL: Amazonas, Rio Abacaxis, Campina Pacamiri 2008-V-30/31. ",-4.35000,-58.13000,INPA,
Alcaeorrhynchus,,grandis,"Dallas, 1851","BRAZIL: Amazonas, Maués, Rio Abacaxis, Campina Pacamiri. 35m. ",-5.15000,-58.41000,INPA,
Alcaeorrhynchus,,grandis,"Dallas, 1851","BRAZIL: Amazonas, Maués, Rio Abacaxis, Flona Pau Rosa 05°15'09''S - 58°41'52''W. 35m",-5.15000,-58.41000,INPA,
Alcaeorrhynchus,,grandis,"Dallas, 1851","BRAZIL: Amazonas, Barcelos, próximo ao rio Unini. ",-1.38000,-61.33000,INPA,
Alcaeorrhynchus,,grandis,"Dallas, 1851","BRAZIL: Mato Grosso, Trivelato, próximo ao Rio Aripuanã. 800m. ",-10.25000,-59.28000,INPA,
Alcaeorrhynchus,,grandis,"Dallas, 1851","BRAZIL: Amazonas, Parque Nacional do Jaú, Igarapé Miracutu.",-1.57000,-61.49000,INPA,
Alcaeorrhynchus,,grandis,"Dallas, 1851","BRAZIL: Amazonas, Parque Nacional do Jaú, Igarapé Miracutu. ",-1.57000,-61.49000,INPA,
Alcaeorrhynchus,,grandis,"Dallas, 1851","BRAZIL: Amazonas, Rio Abacaxis, Campina Pacamiri. 35m. ",-5.15000,-58.41000,INPA,
Alcaeorrhynchus,,grandis,"Dallas, 1851","BRAZIL: Amazonas, Rio Abacaxis, Campina Pacamiri. 35m.",-5.15000,-58.41000,INPA,
Alcaeorrhynchus,,grandis,"Dallas, 1851","BRAZIL: Porto Estrela, XI 1984 MT. Magn & Alvarenga",-15.32389,-57.22778,INPA,
Alcaeorrhynchus,,grandis,"Dallas, 1851","BRAZIL: Mato Grosso, Porto Esperidião, XI-1984",-15.85000,-58.46000,INPA,
Alcaeorrhynchus,,grandis,"Dallas, 1851","BRAZIL: Minas Gerais, Marliéria, Parque Estadual do Rio Doce",-19.64000,-42.53000,BHMH,
Alcaeorrhynchus,,grandis,"Dallas, 1851","BRAZIL: Minas Gerais, Marliéria, Parque Estadual do Rio Doce",-19.64000,-42.53000,BHMH,
Alcaeorrhynchus,,grandis,"Dallas, 1851","BRAZIL: Minas Gerais, Marliéria, Parque Estadual do Rio Doce",-19.64000,-42.53000,BHMH,
Alcaeorrhynchus,,grandis,"Dallas, 1851","BRAZIL: Minas Gerais, Marliéria Parque Estadual do Rio Doce",-19.64000,-42.53000,BHMH,
Alcaeorrhynchus,,grandis,"Dallas, 1851","BRAZIL: Minas Gerais, Marliéria, Parque Estadual do Rio Doce",-19.64000,-42.53000,BHMH,
Alcaeorrhynchus,,grandis,"Dallas, 1851","BRAZIL: Minas Gerais, Marliéria, Parque Estadual do Rio Doce",-19.64000,-42.53000,BHMH,
Alcaeorrhynchus,,grandis,"Dallas, 1851","BRAZIL: Minas Gerais, Marliéria Parque Estadual do Rio Doce",-19.64000,-42.53000,BHMH,
Alcaeorrhynchus,,grandis,"Dallas, 1851","BRAZIL: Minas Gerais, Marliéria, Parque Estadual do Rio Doce",-19.64000,-42.53000,BHMH,
Alcaeorrhynchus,,grandis,"Dallas, 1851","BRAZIL: Paraná, Fênix",-23.91000,-51.98000,DZUP,
Alcaeorrhynchus,,grandis,"Dallas, 1851","BRAZIL: Paraná, Fênix, Reserva Estadual ITCF",-23.91000,-51.98000,DZUP,
Alcaeorrhynchus,,grandis,"Dallas, 1851","BRAZIL: Santa Catarina, Corupá",-26.43000,-49.24000,DZUP,
Alcaeorrhynchus,,grandis,"Dallas, 1851","BRAZIL: Santa Catarina, Corupá",-26.43000,-49.24000,DZUP,
Alcaeorrhynchus,,grandis,"Dallas, 1851","BRAZIL: Paraná, Fênix, Reserva Estadual ITCF. ",-23.91000,-51.98000,DZUP,
Alcaeorrhynchus,,grandis,"Dallas, 1851","BRAZIL: Santa Catarina, Corupá. ",-26.43000,-49.24000,DZUP,
Alcaeorrhynchus,,grandis,"Dallas, 1851","BRAZIL: Paraná, Matelândia. ",-23.91000,-51.98000,DZUP,
Alcaeorrhynchus,,grandis,"Dallas, 1851","BRAZIL: Espírito Santo, Linhares.",-19.39000,-40.06000,DZUP,
Alcaeorrhynchus,,grandis,"Dallas, 1851","BRAZIL: Rio Grande do Sul, Tramandaí, Praia do Pinhal",-30.24000,-50.23000,UFRG,
Alcaeorrhynchus,,grandis,"Dallas, 1851","PARAGUAY:  Dep. Guira, Colonie Indepedenza (?)",-25.80000,-56.26000,EMG,
Alcaeorrhynchus,,grandis,"Dallas, 1851","USA: Florida, Miami. ",25.78000,-80.22000,UMSP,
Alcaeorrhynchus,,grandis,"Dallas, 1851","BRAZIL: São Paulo, Osasco",-23.53310,-46.79090,MZSP,
Alcaeorrhynchus,,grandis,"Dallas, 1851","BRAZIL: São Paulo, Osasco",-23.53310,-46.79090,MZSP,
Alcaeorrhynchus,,grandis,"Dallas, 1851","BRAZIL: Mato Grosso, São Domingos",-15.28950,-59.06780,MZSP,
Alcaeorrhynchus,,grandis,"Dallas, 1851","BRAZIL: São Paulo, Santos",-23.95830,-46.33850,MZSP,
Alcaeorrhynchus,,grandis,"Dallas, 1851","BRAZIL: Paraíba, Coremas",-7.01600,-37.94640,MZSP,
Alcaeorrhynchus,,grandis,"Dallas, 1851","BRAZIL: Paraíba, Coremas",-7.01600,-37.94640,MZSP,
Alcaeorrhynchus,,grandis,"Dallas, 1851","BRAZIL: Paraíba, Coremas",-7.01600,-37.94640,MZSP,
Alcaeorrhynchus,,grandis,"Dallas, 1851","BRAZIL: Paraíba, Coremas",-7.01600,-37.94640,MZSP,
Alcaeorrhynchus,,grandis,"Dallas, 1851","BRAZIL: Paraíba, Coremas",-7.01600,-37.94640,MZSP,
Alcaeorrhynchus,,grandis,"Dallas, 1851","BRAZIL: Goiás, Niquelândia",-14.47210,-48.46200,MZSP,
Alcaeorrhynchus,,phymatophorus,"Beauvois, 1811","CUBA: Província Guantánamo, montanha El Yunque. 40m",20.35000,-74.57000,NMPC,
Alcaeorrhynchus,,phymatophorus,"Beauvois, 1811","CUBA: Província Guantánamo, montanha El Yunque",20.35000,-74.57000,NMPC,
Alcaeorrhynchus,,phymatophorus,"Beauvois, 1811",PUERTO RICO: 1987-VIII-12/18. J. Maldonado,18.24000,-66.49000,DARC,
Alcaeorrhynchus,,phymatophorus,"Beauvois, 1811","DOMINICAN REPUBLIC: Azua, Vieja Marina",18.45000,-70.73000,Perez-Gelabert & Thomas 2005,
Alcaeorrhynchus,,phymatophorus,"Beauvois, 1811","DOMINICAN REPUBLIC: Pedernales, Cabo Rojo",17.90000,-71.63000,Perez-Gelabert & Thomas 2005,
Alcaeorrhynchus,,phymatophorus,"Beauvois, 1811","DOMINICAN REPUBLIC: La Altagracia, Punta Cana",18.58000,-68.40000,Perez-Gelabert & Thomas 2005,
Amyotea,,erythromela,"Walker, 1867",INDONESIA: Kepulauan Bacan,-0.58000,127.50000,Walker 1867,"Walker (1867:339) describes Strachia praecipua and Strachia pyrophila from ""Batchian"". This locality was recovered as ""Kepulauan Bacan - Indonesia"" in the Geonames platform"
Amyotea,,erythromela,"Walker, 1867",INDONESIA: Pulau Halmahera,0.60000,127.85000,Kirkaldy 1909,"This locality is listed as ""Jilolo"" in Kirkaldy 1909 and was recovered as Pulau Halmahera - Indonesia in the Geonames platform"
Amyotea,,erythromela,"Walker, 1867",INDONESIA: Ternate,0.79521,127.36108,Kirkaldy 1909,
Amyotea,,frontalis,"Walker, 1867",INDONESIA: Kepulauan Bacan,-0.58000,127.50000,Walker 1867,"Walker (1867:338) describes Strachia frontalis from ""Batchian"". This locality was recovered as ""Kepulauan Bacan - Indonesia"" in the Geonames platform"
Amyotea,,frontalis,"Walker, 1867",INDONESIA: Pulau Halmahera,0.60000,127.85000,Kirkaldy 1909,"This locality is listed as ""Jilolo"" in Kirkaldy 1909 and was recovered as Pulau Halmahera - Indonesia in the Geonames platform"
Amyotea,,glaucolimbata,"Tyron, 1892",NEW GUINEA: Bismarck islands,-5.10730,150.07100,Thomas 1994,
Amyotea,,hamata,"Walker, 1867",AUSTRALIA: north Queensland / at Garradunga near Innisfail / property of the Hasenpusch family,-17.45000,146.00000,Reid et al. 2009,
Amyotea,,hamata,"Walker, 1867",AUSTRALIA: south-eastern Queensland / Caboolture,-27.08000,152.95000,Coombs & Khan 1998,
Amyotea,,hamata,"Walker, 1867",INDONESIA: Ambon,-3.62960,128.10070,Stål 1870,
Amyotea,,hamata,"Walker, 1867",INDONESIA: Ternate,0.79521,127.36108,Stål 1870,
Amyotea,,hamata,"Walker, 1867","AUSTRALIA: New South Wales, Tweed River.",-28.20000,153.22000,AMS,
Amyotea,,hamata,"Walker, 1867","AUSTRALIA: Queensland, Kuranda, near Barron River. 1949-V.",-16.49000,145.38000,AMS,
Amyotea,,hamata,"Walker, 1867","AUSTRALIA: Queensland, Cairns",-16.55000,145.46000,AMS,
Amyotea,,hamata,"Walker, 1867","PAPUA NEW GUINEA: Northern Province (Oro), Mount Lamington District. (8° 57' S , 148° 9' E),",-8.93000,148.16000,AMS,
Amyotea,,hamata,"Walker, 1867",INDONESIA: Ceram,-3.13334,129.50000,Roell et al. 2023,
Amyotea,,lata,"Zhao et al., 2011",CHINA: Yunnan / Xizang / Chayu county / Shaqiong Village / 1700 m,28.65000,97.46000,Zhao et al. 2011,
Amyotea,,lata,"Zhao et al., 2011",CHINA: Yunnan / Xizang / Jingdong County / 1367 m,24.43000,100.83000,Zhao et al. 2011,
Amyotea,,lata,"Zhao et al., 2011",CHINA: Yunnan / Xizang / Motuo County / Beibeng Village / 881 m,29.23000,95.16000,Zhao et al. 2011 ,
Amyotea,,lata,"Zhao et al., 2011",CHINA: Yunnan / Xizang / Xishuangbannan /  Mengla County / Menglun Village / 620 m ,21.93000,101.25000,Zhao et al. 2011 ,
Amyotea,,malabarica,"Fabricius, 1775","INDIA: Chhattisgarh, Raipur",21.23000,81.63000,Biswas et al. 2014,
Amyotea,,malabarica,"Fabricius, 1775",INDIA: Assam,26.00000,93.00000,Biswas et al. 2014,
Amyotea,,malabarica,"Fabricius, 1775",INDIA: Karnataka,14.66000,75.93000,Biswas et al. 2014,
Amyotea,,malabarica,"Fabricius, 1775",INDIA: Maharashtra,19.28000,76.95000,Biswas et al. 2014,
Amyotea,,malabarica,"Fabricius, 1775",INDIA: West Bengal,24.00000,88.00000,Biswas et al. 2014,
Amyotea,,malabarica,"Fabricius, 1775",INDIA: Bihar Pusa,25.97000,85.66000,Salini 2015,
Amyotea,,malabarica,"Fabricius, 1775",INDIA: Biligiranga Hills,11.99000,77.14000,Salini 2015,
Amyotea,,malabarica,"Fabricius, 1775",INDIA: Chikmangalur,13.49000,75.73000,Salini 2015,
Amyotea,,malabarica,"Fabricius, 1775",INDIA: Mudigere,13.16000,75.50000,Salini 2015,
Amyotea,,malabarica,"Fabricius, 1775",INDIA: Mysore,12.29000,76.63000,Salini 2015,
Amyotea,,malabarica,"Fabricius, 1775",INDIA: Sidlaghatta,13.44000,77.89000,Salini 2015,
Amyotea,,malabarica,"Fabricius, 1775",INDIA: Pune,18.51000,73.85000,Salini 2015,
Amyotea,,malabarica,"Fabricius, 1775","INDIA: Odisha, Ganjam",19.50000,84.50000,Salini 2015,
Amyotea,,malabarica,"Fabricius, 1775",INDIA: Aska,19.61000,84.65000,Salini 2015,
Amyotea,,malabarica,"Fabricius, 1775",INDIA: Tamil Nadu,11.00000,78.33000,Salini 2015,
Amyotea,,malabarica,"Fabricius, 1775",INDIA: Uttar Pradesh,27.25000,80.75000,Salini 2015,
Amyotea,,malabarica,"Fabricius, 1775",INDIA: Hebbal,13.04000,77.58000,Salini 2016,
Amyotea,,malabarica,"Fabricius, 1775",INDIA: Shimoga,13.93000,75.56000,Salini 2016,
Amyotea,,malabarica,"Fabricius, 1775","INDIA: Attur, Yelahanka",13.11000,77.59000,Salini 2016,
Amyotea,,malabarica,"Fabricius, 1775","INDIA: Karnataka, Hoskote",13.07000,77.79000,Salini 2016,
Amyotea,,malabarica,"Fabricius, 1775",INDIA: Savanadurga,12.92000,77.29000,Salini 2016,
Amyotea,,malabarica,"Fabricius, 1775",INDIA: Hosur,12.73000,77.83000,Salini 2016,
Amyotea,,malabarica,"Fabricius, 1775","INDIA: Karnataka, Mysore",12.29000,76.69000,Azim 2011,
Amyotea,,malabarica,"Fabricius, 1775","INDIA: Uttar Pradesh, Agra",27.18000,78.01000,Azim 2011,
Amyotea,,malabarica,"Fabricius, 1775",INDIA: Bihar / Pusa,25.98000,85.67000,Azim 2011,
Amyotea,,malabarica,"Fabricius, 1775",INDIA: Chhattisgarh / Hardinala / Distr. Raipur,21.23000,81.63000,Biswas et al. 2014,
Amyotea,,malabarica,"Fabricius, 1775",INDIA: Karnataka / Attur,13.10000,77.56000,Salini 2016 ,
Amyotea,,malabarica,"Fabricius, 1775",INDIA: Karnataka / Bagalur,13.13000,77.66000,Salini 2016 ,
Amyotea,,malabarica,"Fabricius, 1775",INDIA: Karnataka / Bangalore,12.97000,77.59000,Salini 2016 ,
Amyotea,,malabarica,"Fabricius, 1775",INDIA: Karnataka / Bidadi,12.79000,77.38000,Salini 2016 ,
Amyotea,,malabarica,"Fabricius, 1775",INDIA: Karnataka / Devanahalli,13.24000,77.71000,Salini 2016 ,
Amyotea,,malabarica,"Fabricius, 1775",INDIA: Karnataka / Hebbal,13.04000,77.58000,Salini 2016 ,
Amyotea,,malabarica,"Fabricius, 1775",INDIA: Karnataka /Hoskote ,13.07000,77.79000,Salini 2016 ,
Amyotea,,malabarica,"Fabricius, 1775",INDIA: Karnataka / Kolar,13.13000,78.12000,Salini 2016 ,
Amyotea,,malabarica,"Fabricius, 1775",INDIA: Karnataka / Mysore/ Nanjangarth on Paddy,12.29000,76.63000,Azim 2011,
Amyotea,,malabarica,"Fabricius, 1775",INDIA: Karnataka / Savanadurga,12.92000,77.29000,Salini 2016 ,
Amyotea,,malabarica,"Fabricius, 1775",INDIA: Karnataka / Shimoga,13.93000,75.56000,Salini 2016 ,
Amyotea,,malabarica,"Fabricius, 1775",INDIA: Karnataka / Yelahanka,13.10000,77.59000,Salini 2016 ,
Amyotea,,malabarica,"Fabricius, 1775",INDIA: Odisha / Ganjam / Aska,19.61000,84.65000,Azim 2011,
Amyotea,,malabarica,"Fabricius, 1775",INDIA: Uttar Pradesh / Agra ,27.18000,78.01000,Azim 2011,
Amyotea,,malabarica,"Fabricius, 1775",INDONESIA: Lombok,-8.67000,116.33000,Kirkaldy 1909,
Amyotea,,malabarica,"Fabricius, 1775",PHILIPPINES: Luzon,16.00000,121.00000,Kirkaldy 1909,
Amyotea,,malabarica,"Fabricius, 1775",CHINA: Fujian,26.25000,118.00000,Rider & Zheng 2002,
Amyotea,,malabarica,"Fabricius, 1775",CHINA: Guizhou,27.00000,107.00000,Rider & Zheng 2002,
Amyotea,,malabarica,"Fabricius, 1775",CHINA: Hainan,19.25000,109.75000,Rider & Zheng 2002,
Amyotea,,malabarica,"Fabricius, 1775",CHINA: Jiangxi,27.66000,115.66000,Rider & Zheng 2002,
Amyotea,,malabarica,"Fabricius, 1775",CHINA: Taiwan,24.00000,121.00000,Rider & Zheng 2002,
Amyotea,,malabarica,"Fabricius, 1775",CHINA: Xiang,32.04000,112.14000,Rider & Zheng 2002,
Amyotea,,malabarica,"Fabricius, 1775",CHINA: Yunnan,25.00000,101.50000,Rider & Zheng 2002,
Amyotea,,malabarica,"Fabricius, 1775","INDIA: Madhya Pradesh, Jabalpur. 393m",23.18000,79.96000,INHS,
Amyotea,,malabarica,"Fabricius, 1775","INDIA: Madhya Pradesh, Jabalpur. 393m",23.18000,79.96000,INHS,
Amyotea,,malabarica,"Fabricius, 1775",INDONESIA: Java Occ Ma Géde,-6.78000,106.98000,MNHN,
Amyotea,,malabarica,"Fabricius, 1775",INDONESIA: Java Vole. Gédé,-6.78000,106.98000,MNHN,
Amyotea,,malabarica,"Fabricius, 1775",INDONESIA: Java Vole. Gédé,-6.78000,106.98000,MNHN,
Amyotea,,micans,"Distant, 1888",NEW GUINEA,-5.00000,140.00000,Thomas 1994,
Amyotea,,reciproca,"Walker, 1867",INDONESIA: Misool,-1.89000,130.08000,Walker 1867,
Amyotea,,reciproca,"Walker, 1867","PAPUA NEW GUINEA: Morobe Dist., Wau. 1100m",-7.34000,146.32000,DARC,
Amyotea,,reciproca,"Walker, 1867","PAPUA NEW GUINEA: East Sepik, Sepik River",-4.00000,143.75000,EMG,
Anasida,,funebris,"Distant, 1900",SOUTH AFRICA,-29.00000,24.00000,Thomas 1994,
Anasida,,orientalis,"Distant, 1910",INDIA: Karnataka,14.66000,75.93000,Salini 2015,
Anasida,,orientalis,"Distant, 1910",INDIA: Bombay,19.00000,72.83000,Salini 2015,
Anasida,,orientalis,"Distant, 1910",INDIA: Maharashtra,19.28911,76.95374,Pal et al 2023,
Anasida,,schoutedeni,"Distant, 1910",ANGOLA: Zaire,-6.58000,13.51000,Thomas 1994,
Anasida,,tenebrio,"Karsch, 1892",CENTRAL AFRICAN REPUBLIC: Maboké,3.83000,17.84000,Maldès & Pluot-Sigwalt 2004,
Anasida,,tenebrio,"Karsch, 1892","GUINEA: Mont Nimba, 1600 ft",7.61000,-8.41000,Maldès & Pluot-Sigwalt 2004,
Anasida,,tenebrio,"Karsch, 1892",GUINEA: Zouguépo,7.70000,-8.40000,Maldès & Pluot-Sigwalt 2004,
Anasida,,tenebrio,"Karsch, 1892",CAMEROON,6.00000,12.50000,Thomas 1994,
Anasida,,tenebrio,"Karsch, 1892",DEMOCRATIC REPUBLIC OF CONGO: Faradje,3.40000,29.40000,AMNH,
Anasida,,tenebrio,"Karsch, 1892",DEMOCRATIC REPUBLIC OF CONGO: Faradje,3.40000,29.40000,AMNH,
Anasida,,tenebrio,"Karsch, 1892","BELGIAN CONGO: Reg. Lag Kivu, Kadjudju",-4.95000,19.59000,MNHN,
Anasida,,tenebrio,"Karsch, 1892","BELGIAN CONGO: Liozolanik, coll Schouteden",-4.95000,19.59000,RMCA,
Anasida,,tenebrio,"Karsch, 1892",DEMOCRATIC REPUBLIC OF CONGO: Haut- Uele: Moku Moto,2.76000,27.61000,RMCA,
Anasida,,tenebrio,"Karsch, 1892","DEMOCRATIC REPUBLIC OF CONGO: Kananga, Luluabourg",-5.89000,22.41000,RMCA,
Anasida,,tenebrio,"Karsch, 1892",BELGIAN CONGO: Léopalanilk,-4.95000,19.59000,RMCA,
Anasida,,tenebrio,"Karsch, 1892","GUINÉE: Mt. Nimba, Lamotte-Roy",7.63776,-8.42061,RMCA,
Andrallus,,spinidens,"Fabricius, 1787",MADAGASCAR: Tamatave,-18.16000,49.38000,Maldès & Pluot-Sigwalt 2004,
Andrallus,,spinidens,"Fabricius, 1787","INDIA: Uttar Pradesh, Moradabad",28.83000,78.77000,Azim 2011,
Andrallus,,spinidens,"Fabricius, 1787",INDIA: New Delhi,28.62000,77.22000,Azim 2011,
Andrallus,,spinidens,"Fabricius, 1787",HONDURAN: Comayagua,14.46000,-87.65000,Arismendi & Thomas 2003,
Andrallus,,spinidens,"Fabricius, 1787",HONDURAN: El Paraiso,14.06000,-85.96000,Arismendi & Thomas 2003,
Andrallus,,spinidens,"Fabricius, 1787",TURKMENISTAN: Balkan,40.69000,54.65000,Gapon & Konstantinov 2006,
Andrallus,,spinidens,"Fabricius, 1787","INDIA: Chhattisgarh, Raipur",21.23000,81.63000,Biswas et al. 2014,
Andrallus,,spinidens,"Fabricius, 1787","INDIA: Chhattisgarh, Jagdalpur",19.08000,82.02000,Biswas et al. 2014,
Andrallus,,spinidens,"Fabricius, 1787",INDIA: Karnataka,14.66000,75.93000,Biswas et al. 2014,
Andrallus,,spinidens,"Fabricius, 1787",INDIA: Maharashtra,19.28000,76.95000,Biswas et al. 2014,
Andrallus,,spinidens,"Fabricius, 1787",INDIA: Sikkim,27.75000,88.50000,Biswas et al. 2014,
Andrallus,,spinidens,"Fabricius, 1787",INDIA: Uttar Pradesh,27.75000,80.75000,Biswas et al. 2014,
Andrallus,,spinidens,"Fabricius, 1787",INDIA: West Bengal,24.00000,88.00000,Biswas et al. 2014,
Andrallus,,spinidens,"Fabricius, 1787",PAKISTAN: Tando,25.46000,68.71000,Kandhro et al. 2016,
Andrallus,,spinidens,"Fabricius, 1787","TURKEY: Izmir, Bornova",38.47000,27.23000,Lodos & Onder 1983,
Andrallus,,spinidens,"Fabricius, 1787",MEXICO: Veracruz,19.33000,-96.66000,Ortega León 1997,
Andrallus,,spinidens,"Fabricius, 1787","MEXICO: Veracruz, Veracruz",19.18000,-96.14000,Ortega León 1997,
Andrallus,,spinidens,"Fabricius, 1787","MEXICO: Veracruz, San Andres Tuxla",18.44000,-95.21000,Ortega León 1997,
Andrallus,,spinidens,"Fabricius, 1787",HAITI: Port au Prince,18.54000,-72.33000,Perez-Gelabert & Thomas 2005,
Andrallus,,spinidens,"Fabricius, 1787","INDIA: Assam, Harmatti",26.00000,93.00000,Salini 2015,
Andrallus,,spinidens,"Fabricius, 1787",INDIA: Bengal,24.00000,88.00000,Salini 2015,
Andrallus,,spinidens,"Fabricius, 1787",INDIA: Delhi,28.65000,77.23000,Salini 2015,
Andrallus,,spinidens,"Fabricius, 1787","INDIA: Jharkhand, Ranchi",23.33000,85.37000,Salini 2015,
Andrallus,,spinidens,"Fabricius, 1787","INDIA: Karnataka, Bengaluru",12.97000,77.59000,Salini 2015,
Andrallus,,spinidens,"Fabricius, 1787",INDIA: Mysone,12.29000,76.63000,Salini 2015,
Andrallus,,spinidens,"Fabricius, 1787","INDIA: Ponnampet, Raichur",16.16000,76.91000,Salini 2015,
Andrallus,,spinidens,"Fabricius, 1787","INDIA: Puducherry, Mahe",11.70000,75.54010,Salini 2015,
Andrallus,,spinidens,"Fabricius, 1787","INDIA: Punjab, Amritsar",31.62000,74.87000,Salini 2015,
Andrallus,,spinidens,"Fabricius, 1787",INDIA: Tamil Nadu,11.00000,78.33000,Salini 2015,
Andrallus,,spinidens,"Fabricius, 1787",INDIA: Javadi,12.62000,78.85000,Salini 2015,
Andrallus,,spinidens,"Fabricius, 1787",INDIA: Kumaon,29.83000,79.50000,Salini 2015,
Andrallus,,spinidens,"Fabricius, 1787","PAKISTAN: Swat, Barikot",34.67000,72.22000,Ullah et al. 2017,
Andrallus,,spinidens,"Fabricius, 1787","MEXICO: Veracruz, Los Tuxtlas",18.47000,-95.00000,Brailovsky and Mayorga 1994,
Andrallus,,spinidens,"Fabricius, 1787","IRAN: Mazandaran, Amol",36.46000,52.35000,Chitgar 2014,
Andrallus,,spinidens,"Fabricius, 1787","INDIA: Uttar Pradesh, Deoria",26.66000,83.75000,Claver & Jaiswal 2013,
Andrallus,,spinidens,"Fabricius, 1787","INDIA: Maharashtra, Kolhapur",16.96000,73.84000,Ghate et al 2012,
Andrallus,,spinidens,"Fabricius, 1787","JAPAN: Miyazaki, Takanabe",32.13000,131.50000,Hyuodo et al 2014,
Andrallus,,spinidens,"Fabricius, 1787","INDIA: Punjab, Pathankot",32.33000,75.64000,Kaur & Semahagn 2010,
Andrallus,,spinidens,"Fabricius, 1787","IRAN: Mazandaran, Amol",36.46000,52.35000,Zibaee et al 2012,
Andrallus,,spinidens,"Fabricius, 1787",CHINA: Guangdong,23.50000,113.25000,Rider & Zheng 2002,
Andrallus,,spinidens,"Fabricius, 1787",CHINA: Guangxi,24.00000,109.00000,Rider & Zheng 2002,
Andrallus,,spinidens,"Fabricius, 1787",CHINA: Guizhou,27.00000,107.00000,Rider & Zheng 2002,
Andrallus,,spinidens,"Fabricius, 1787",CHINA: Hubei,31.00000,112.25000,Rider & Zheng 2002,
Andrallus,,spinidens,"Fabricius, 1787",CHINA: Hunan,27.66000,111.75000,Rider & Zheng 2002,
Andrallus,,spinidens,"Fabricius, 1787",CHINA: Jiangxi,27.66000,115.66000,Rider & Zheng 2002,
Andrallus,,spinidens,"Fabricius, 1787",CHINA: Taiwan,24.00000,121.00000,Rider & Zheng 2002,
Andrallus,,spinidens,"Fabricius, 1787",CHINA: Xizang,31.66000,88.00000,Rider & Zheng 2002,
Andrallus,,spinidens,"Fabricius, 1787",BOTSWANA,-22.00000,24.00000,Thomas 1994,
Andrallus,,spinidens,"Fabricius, 1787",MALAYSIA,2.50000,112.50000,Thomas 1994,
Andrallus,,spinidens,"Fabricius, 1787",JAPAN: Okinawa,26.50000,127.93000,Thomas 1994,
Andrallus,,spinidens,"Fabricius, 1787",INDONESIA: Java,-7.49000,110.00000,Thomas 1994,
Andrallus,,spinidens,"Fabricius, 1787",INDONESIA: Borneo,-1.00000,114.00000,Thomas 1994,
Andrallus,,spinidens,"Fabricius, 1787",VIETNAM,16.16000,107.83000,Thomas 1994,
Andrallus,,spinidens,"Fabricius, 1787","ARGENTINA:  Prov. Cordoba, Dep. Calamuchita, ""El Saucé""",-32.05000,-64.54000,UFRG,
Andrallus,,spinidens,"Fabricius, 1787","INDIA: Central INDIA: Madhya Pradesh, Satpura Hills, Pachmarhi. 1050m",22.46000,78.43000,AMNH,
Andrallus,,spinidens,"Fabricius, 1787","BRAZIL: Maranhão, Arari",-3.45000,-44.77000,UFRG,
Andrallus,,spinidens,"Fabricius, 1787","USA: Louisiana, West Baton Rouge Parish",30.47000,-91.32000,AMNH,
Andrallus,,spinidens,"Fabricius, 1787","BRAZIL: Maranhão, Arari. Reginaldo, R.",-3.45000,-44.77000,UFRG,
Andrallus,,spinidens,"Fabricius, 1787","USA: Louisiana, New Orleans",29.95000,-90.07000,UFRG,
Andrallus,,spinidens,"Fabricius, 1787","BRAZIL: Maranhão, Arari. ",-3.45000,-44.77000,UFRG,
Andrallus,,spinidens,"Fabricius, 1787","BRAZIL: Maranhão, Arari. ",-3.45000,-44.77000,UFRG,
Andrallus,,spinidens,"Fabricius, 1787","BRAZIL: Pará, Novo Progresso, Fazenda Florentino, plantação de arroz",-7.07000,-55.23000,UFRG,
Andrallus,,spinidens,"Fabricius, 1787",SUMATRA: Dolok Merangir.,3.11000,99.10000,AMNH,
Andrallus,,spinidens,"Fabricius, 1787","USA: Louisiana, New Orleans",29.95000,-90.07000,UFRG,
Andrallus,,spinidens,"Fabricius, 1787","USA: Florida, Palm Beach county, Palm Beach",26.70840,-80.03850,FSCA,
Andrallus,,spinidens,"Fabricius, 1787","USA: Florida, Polk County, Lake Alfred, CR 17 M.",28.09000,-81.72000,FSCA,
Andrallus,,spinidens,"Fabricius, 1787","USA: Florida, Dade County, Homestead, Arec. Laboratory Reared.",25.46000,-80.47000,FSCA,
Andrallus,,spinidens,"Fabricius, 1787","USA: Florida, Alachua County, Green Acres",29.64000,-82.38000,FSCA,
Andrallus,,spinidens,"Fabricius, 1787","USA: Florida, Hendry County, Clewiston",26.75000,-80.93000,DARC,
Andrallus,,spinidens,"Fabricius, 1787","INDONESIA: Java Ocidental, Bogor City",-6.59000,106.80000,EMG,
Andrallus,,spinidens,"Fabricius, 1787","USA: Minnesota, Ramsey County. Powder plant woods",44.99000,-93.06000,UMSP,
Andrallus,,spinidens,"Fabricius, 1787",Java Vole. Gédé,-6.77210,107.00090,MNHN,
Andrallus,,spinidens,"Fabricius, 1787",Java Mont Geden (J.B. Ledru),-6.77210,107.00090,MNHN,
Andrallus,,spinidens,"Fabricius, 1787",BOUTHAN: Maria Basti (M. Durel),27.51930,90.43900,MNHN,
Andrallus,,spinidens,"Fabricius, 1787","UGANDA:: Prot. Eastern Mbale Dist., S. of Mt Elgon. 3700 3900 ft",1.15050,34.54530,NHMUK,
Andrallus,,spinidens,"Fabricius, 1787","BELGIAN CONGO: P.N.U, Mabwe (585m)",-8.65440,26.51380,RMCA,
Andrallus,,spinidens,"Fabricius, 1787",TANZANIA: Victoria Nyanza: Ukerewe,-0.57680,35.38250,RMCA,
Andrallus,,spinidens,"Fabricius, 1787",INDONESIA: Sumatra,0.00000,102.00000,ZMUC,
Andrallus,,spinidens,"Fabricius, 1787","INDIA: Uttarakhand, Pantnagar",29.02170,79.48830,Bhojendra el al. 2020,
Andrallus,,spinidens,"Fabricius, 1787","INDIA: Uttarakhand, Tanakpur",29.07110,80.10460,Bhojendra el al. 2020,
Andrallus,,spinidens,"Fabricius, 1787","INDIA: Uttarakhand, Ramnagar",29.39450,79.12560,Bhojendra el al. 2020,
Andrallus,,spinidens,"Fabricius, 1787",INDIA: Meghalaya,25.50000,91.33333,Pal et al 2023,
Apateticus,,lineolatus,"Herrich-Shaeffer, 1840",HONDURAN: El Paraíso,14.06000,-85.96000,Arismendi & Thomas 2003,
Apateticus,,lineolatus,"Herrich-Shaeffer, 1840",HONDURAN: Olancho,14.91000,-86.38000,Arismendi & Thomas 2003,
Apateticus,,lineolatus,"Herrich-Shaeffer, 1840","USA: New Mexico, Roosevelt",34.02000,-103.48000,Bundy 2012,
Apateticus,,lineolatus,"Herrich-Shaeffer, 1840","MEXICO: Veracruz, Xalapa de Enriquez",19.53000,-96.91000,Ortega León 1997,
Apateticus,,lineolatus,"Herrich-Shaeffer, 1840","MEXICO: Guerrero, Amula",19.28000,-103.69000,Ortega León 1997,
Apateticus,,lineolatus,"Herrich-Shaeffer, 1840",MEXICO: Oaxaca,17.00000,-96.50000,Ortega León 1997,
Apateticus,,lineolatus,"Herrich-Shaeffer, 1840","MEXICO: Sonora, La Pintada",30.30000,-110.30000,Ortega León 1997,
Apateticus,,lineolatus,"Herrich-Shaeffer, 1840",MEXICO: Chihuahua,28.75000,-106.25000,Ortega León 1997,
Apateticus,,lineolatus,"Herrich-Shaeffer, 1840","MEXICO: Durango, Santa Lucia",24.09000,-105.44000,Ortega León 1997,
Apateticus,,lineolatus,"Herrich-Shaeffer, 1840","MEXICO: Durango, Hidalgo del Parral",27.05000,-105.90000,Ortega León 1997,
Apateticus,,lineolatus,"Herrich-Shaeffer, 1840","MEXICO: Nuevo Leon, Monterrey",25.67000,-100.31000,Ortega León 1997,
Apateticus,,lineolatus,"Herrich-Shaeffer, 1840","MEXICO: Nuevo Leon, Cerro Potosi",24.87000,-100.23000,Ortega León 1997,
Apateticus,,lineolatus,"Herrich-Shaeffer, 1840","MEXICO: Nuevo Leon, Potrero",26.09000,-100.51000,Ortega León 1997,
Apateticus,,lineolatus,"Herrich-Shaeffer, 1840","MEXICO: Nuevo Leon, Redondo",26.06000,-99.56000,Ortega León 1997,
Apateticus,,lineolatus,"Herrich-Shaeffer, 1840","MEXICO: Nuevo Leon, Aramberri",24.22000,-99.82000,Ortega León 1997,
Apateticus,,lineolatus,"Herrich-Shaeffer, 1840","MEXICO: Nuevo Leon, Monte Morelos",25.58000,-99.75000,Ortega León 1997,
Apateticus,,lineolatus,"Herrich-Shaeffer, 1840","MEXICO: Tamaulipas, Gomes Farias",23.03000,-99.15000,Ortega León 1997,
Apateticus,,lineolatus,"Herrich-Shaeffer, 1840","MEXICO: Tamaulipas, Ciudade Victoria",23.74000,-99.14000,Ortega León 1997,
Apateticus,,lineolatus,"Herrich-Shaeffer, 1840","MEXICO: Nayari, Tepic",21.50000,-104.89000,Ortega León 1997,
Apateticus,,lineolatus,"Herrich-Shaeffer, 1840","MEXICO: San Luis Potosi, Ciudad Valles",21.99000,-99.01000,Ortega León 1997,
Apateticus,,lineolatus,"Herrich-Shaeffer, 1840","MEXICO: Jalisco, Techaluta",20.09000,-103.56000,Ortega León 1997,
Apateticus,,lineolatus,"Herrich-Shaeffer, 1840","MEXICO: Jalisco, Guadalajara",20.66000,-103.39000,Ortega León 1997,
Apateticus,,lineolatus,"Herrich-Shaeffer, 1840","MEXICO: Jalisco, Tequila",20.88000,-103.83000,Ortega León 1997,
Apateticus,,lineolatus,"Herrich-Shaeffer, 1840","MEXICO: Colima, El Terreno",19.11000,-103.88000,Ortega León 1997,
Apateticus,,lineolatus,"Herrich-Shaeffer, 1840","MEXICO: Guanajuato, Sauceda",20.89000,-101.19000,Ortega León 1997,
Apateticus,,lineolatus,"Herrich-Shaeffer, 1840","MEXICO: Michoacan, Coacolman",18.77000,-103.16000,Ortega León 1997,
Apateticus,,lineolatus,"Herrich-Shaeffer, 1840","MEXICO: Michoacan, Uruapan",19.41000,-102.05000,Ortega León 1997,
Apateticus,,lineolatus,"Herrich-Shaeffer, 1840","MEXICO: Michoacan, Compuyo",19.16000,-101.83000,Ortega León 1997,
Apateticus,,lineolatus,"Herrich-Shaeffer, 1840","MEXICO: Michoacan, La Huacana",18.88000,-101.87000,Ortega León 1997,
Apateticus,,lineolatus,"Herrich-Shaeffer, 1840","MEXICO: Michoacan, Cotija de la Paz",19.80000,-102.70000,Ortega León 1997,
Apateticus,,lineolatus,"Herrich-Shaeffer, 1840","MEXICO: Michoacan, Tinganbato",19.49000,-101.86000,Ortega León 1997,
Apateticus,,lineolatus,"Herrich-Shaeffer, 1840","MEXICO: Veracruz, Almolonga",19.59000,-96.78000,Ortega León 1997,
Apateticus,,lineolatus,"Herrich-Shaeffer, 1840","MEXICO: Veracruz, Presidio",19.06000,-96.97000,Ortega León 1997,
Apateticus,,lineolatus,"Herrich-Shaeffer, 1840","MEXICO: Veracruz, El Castillo",19.54000,-96.86000,Ortega León 1997,
Apateticus,,lineolatus,"Herrich-Shaeffer, 1840","MEXICO: Estado de Mexico, Malinalco",18.89000,-99.48000,Ortega León 1997,
Apateticus,,lineolatus,"Herrich-Shaeffer, 1840","MEXICO: Estado de Mexico, Valle de Bravo",19.19000,-100.13000,Ortega León 1997,
Apateticus,,lineolatus,"Herrich-Shaeffer, 1840","MEXICO: Estado de Mexico, Temazcaltepec",17.42000,-98.68000,Ortega León 1997,
Apateticus,,lineolatus,"Herrich-Shaeffer, 1840","MEXICO: Estado de Mexico, Nevado de Toluca",19.17000,-99.82000,Ortega León 1997,
Apateticus,,lineolatus,"Herrich-Shaeffer, 1840","MEXICO: Guerrero, Carrizal de Bravo",17.62000,-99.83000,Ortega León 1997,
Apateticus,,lineolatus,"Herrich-Shaeffer, 1840","MEXICO: Guerrero, Ciudad Altamirano",18.35000,-100.66000,Ortega León 1997,
Apateticus,,lineolatus,"Herrich-Shaeffer, 1840","MEXICO: Guerrero, Tecpan de Galeana",17.37000,-100.76000,Ortega León 1997,
Apateticus,,lineolatus,"Herrich-Shaeffer, 1840","MEXICO: Guerrero, Agua de Obispo",17.31000,-99.46000,Ortega León 1997,
Apateticus,,lineolatus,"Herrich-Shaeffer, 1840","MEXICO: Guerrero, Taxco",18.55000,-99.60000,Ortega León 1997,
Apateticus,,lineolatus,"Herrich-Shaeffer, 1840","MEXICO: Guerrero, El Huizteco",18.59000,-99.60000,Ortega León 1997,
Apateticus,,lineolatus,"Herrich-Shaeffer, 1840","MEXICO: Guerrero, Acahuizotla de Chilpancingo",17.36000,-99.46000,Ortega León 1997,
Apateticus,,lineolatus,"Herrich-Shaeffer, 1840","MEXICO: Guerrero, Mezcala",17.93000,-99.60000,Ortega León 1997,
Apateticus,,lineolatus,"Herrich-Shaeffer, 1840","MEXICO: Morelos, Yautepec de Zaragoza",18.88000,-99.06000,Ortega León 1997,
Apateticus,,lineolatus,"Herrich-Shaeffer, 1840","MEXICO: Morelos, Cuernavaca",18.92000,-99.23000,Ortega León 1997,
Apateticus,,lineolatus,"Herrich-Shaeffer, 1840","MEXICO: Morelos, Tres Cumbres",19.05000,-99.25000,Ortega León 1997,
Apateticus,,lineolatus,"Herrich-Shaeffer, 1840","MEXICO: Morelos, Tres Marias",19.05000,-99.24000,Ortega León 1997,
Apateticus,,lineolatus,"Herrich-Shaeffer, 1840",MEXICO: Morelos Amatlan,18.97000,-99.03000,Ortega León 1997,
Apateticus,,lineolatus,"Herrich-Shaeffer, 1840","MEXICO: Morelos, Villa de Ayala",18.66000,-99.00000,Ortega León 1997,
Apateticus,,lineolatus,"Herrich-Shaeffer, 1840","MEXICO: Puebla, Izucar de Matamoros",18.60000,-98.46000,Ortega León 1997,
Apateticus,,lineolatus,"Herrich-Shaeffer, 1840","MEXICO: Puebla, Zacango",19.03000,-98.20000,Ortega León 1997,
Apateticus,,lineolatus,"Herrich-Shaeffer, 1840","MEXICO: Puebla, Tecamachalco",18.86000,-97.74000,Ortega León 1997,
Apateticus,,lineolatus,"Herrich-Shaeffer, 1840","MEXICO: Oaxaca, Monte Alban",17.04000,-96.76000,Ortega León 1997,
Apateticus,,lineolatus,"Herrich-Shaeffer, 1840","MEXICO: Oaxaca, Guelatao",17.30000,-96.48000,Ortega León 1997,
Apateticus,,lineolatus,"Herrich-Shaeffer, 1840","MEXICO: Chiapas, El Triunfo",16.98000,-91.86000,Ortega León 1997,
Apateticus,,lineolatus,"Herrich-Shaeffer, 1840","MEXICO: Tabasco, Chontalpa",17.66000,-93.48000,Ortega León 1997,
Apateticus,,lineolatus,"Herrich-Shaeffer, 1840","COSTA RICA: Cartago, Turrialba",9.90000,-83.68000,Phillips 1983,
Apateticus,,lineolatus,"Herrich-Shaeffer, 1840","COSTA RICA: Cartago, Pacayas",9.80000,-84.04000,Phillips 1983,
Apateticus,,lineolatus,"Herrich-Shaeffer, 1840","COSTA RICA: Puntarenas, Monteverde",10.29000,-84.82000,Phillips 1983,
Apateticus,,lineolatus,"Herrich-Shaeffer, 1840","GUATEMALA: Baja Verapaz, Rabinal",15.11000,-90.50000,Phillips 1983,
Apateticus,,lineolatus,"Herrich-Shaeffer, 1840","GUATEMALA: Baja Verapaz, San Geronimo",15.06000,-90.23000,Phillips 1983,
Apateticus,,lineolatus,"Herrich-Shaeffer, 1840",PANAMA: El Volcan de Chiriqui,8.77000,-82.63000,Phillips 1983,
Apateticus,,lineolatus,"Herrich-Shaeffer, 1840","USA: Texas, Brewster",29.81000,-103.25000,Phillips 1983,
Apateticus,,lineolatus,"Herrich-Shaeffer, 1840","USA: Texas, Chisos",29.26000,-103.30000,Phillips 1983,
Apateticus,,lineolatus,"Herrich-Shaeffer, 1840","USA: Texas, Cameron",26.15000,-97.45000,Phillips 1983,
Apateticus,,lineolatus,"Herrich-Shaeffer, 1840","USA: Texas, Brownsville",25.90000,-97.49000,Phillips 1983,
Apateticus,,lineolatus,"Herrich-Shaeffer, 1840","USA: Texas, Gillespie",30.31000,-98.94000,Phillips 1983,
Apateticus,,lineolatus,"Herrich-Shaeffer, 1840","USA: Texas, Goliad",28.65000,-97.42000,Phillips 1983,
Apateticus,,lineolatus,"Herrich-Shaeffer, 1840","USA: Texas, Hidalgo",26.39000,-98.18000,Phillips 1983,
Apateticus,,lineolatus,"Herrich-Shaeffer, 1840","USA: Texas, Real",29.83000,-99.82000,Phillips 1983,
Apateticus,,lineolatus,"Herrich-Shaeffer, 1840","USA: Texas, Sutton",30.48000,-100.53000,Phillips 1983,
Apateticus,,lineolatus,"Herrich-Shaeffer, 1840","USA: Texas, Uvalde",29.20000,-99.78000,Phillips 1983,
Apateticus,,lineolatus,"Herrich-Shaeffer, 1840","USA: Texas, Val Verde",29.89000,-101.15000,Phillips 1983,
Apateticus,,lineolatus,"Herrich-Shaeffer, 1840",PUERTO RICO: Mayaguez,18.20000,-67.13000,Segarra & Carmona 2015,
Apateticus,,lineolatus,"Herrich-Shaeffer, 1840","MEXICO: Morelos, Canon de Lobos",18.86000,-99.11000,UMSP,
Apateticus,,lineolatus,"Herrich-Shaeffer, 1840","VENEZUELA:  AR, Rancho Grande, 1100m",10.06000,-67.54000,UFRG,
Apateticus,,lineolatus,"Herrich-Shaeffer, 1840","VENEZUELA:  AR, Maracay, Can Choroni",10.23000,-67.59000,UFRG,
Apateticus,,lineolatus,"Herrich-Shaeffer, 1840","HONDURAN: Francisco Morazan dept., El Zamorano, Monte Uyuca, 5500 elev.",14.00000,-86.98000,FSCA,
Apateticus,,lineolatus,"Herrich-Shaeffer, 1840","EL SALVADOR: Parque Nacional Montecristo, Cerro Miramundo. 2300m.",14.41000,-89.36000,FSCA,
Apateticus,,lineolatus,"Herrich-Shaeffer, 1840","PANAMA: Chiriqui prov., Volcan Baru.",8.79000,-82.54000,FSCA,
Apateticus,,lineolatus,"Herrich-Shaeffer, 1840",MEXICO: Oaxaca 2.7 mi. Nw. El Cameron. ,17.00000,-96.50000,DARC,
Apateticus,,lineolatus,"Herrich-Shaeffer, 1840",MEXICO: Oaxaca 2.7 mi. Nw. El Cameron. ,17.00000,-96.50000,DARC,
Apateticus,,marginiventris,"Stål, 1870","USA: New Mexico, Colfax",36.60000,-104.64000,Bundy 2012,
Apateticus,,marginiventris,"Stål, 1870","USA: New Mexico, Otero",32.61000,-105.74000,Bundy 2012,
Apateticus,,marginiventris,"Stål, 1870","USA: New Mexico, Santa Fe",35.68000,-105.93000,Bundy 2012,
Apateticus,,marginiventris,"Stål, 1870",MEXICO: Oaxaca,17.00000,-96.50000,Ortega León 1997,
Apateticus,,marginiventris,"Stål, 1870","MEXICO: Morelos, Tres Marias",19.05000,-99.24000,Ortega León 1997,
Apateticus,,marginiventris,"Stål, 1870","MEXICO: Chihuahua, Matachic",28.84000,-107.75000,Phillips 1983,
Apateticus,,marginiventris,"Stål, 1870","MEXICO: Sonora, Sierra de Madera",30.64000,-110.75000,Phillips 1983,
Apateticus,,marginiventris,"Stål, 1870","USA: Arizona, Cochise",31.87000,-109.75000,Phillips 1983,
Apateticus,,marginiventris,"Stål, 1870","USA: Arizona, Huachuca",31.62000,-110.33000,Phillips 1983,
Apateticus,,marginiventris,"Stål, 1870","USA: Arizona, Santa Cruz",31.52000,-110.84000,Phillips 1983,
Apateticus,,marginiventris,"Stål, 1870","USA: Arizona, Patagonia",31.53000,-110.75000,Phillips 1983,
Apateticus,,marginiventris,"Stål, 1870","USA: Colorado, Larimer",40.66000,-105.46000,Phillips 1983,
Apateticus,,marginiventris,"Stål, 1870","USA: Colorado, Fort Collins",40.58000,-105.08000,Phillips 1983,
Apateticus,,marginiventris,"Stål, 1870","USA: Montana, Gallatin",45.54000,-111.17000,Phillips 1983,
Apoecilus,,bracteatus,"Fitch, 1856","CANADA: Alberta, Cypress Hills",49.56000,-110.13000,Phillips 1983,
Apoecilus,,bracteatus,"Fitch, 1856","CANADA: Alberta, Edmonton",53.55000,-113.46000,Phillips 1983,
Apoecilus,,bracteatus,"Fitch, 1856","CANADA: Alberta, Medicine Hat",50.03000,-110.67000,Phillips 1983,
Apoecilus,,bracteatus,"Fitch, 1856","CANADA: Alberta, Milk River",49.15000,-112.08000,Phillips 1983,
Apoecilus,,bracteatus,"Fitch, 1856","CANADA: Alberta, Rockyford",51.23000,-113.13000,Phillips 1983,
Apoecilus,,bracteatus,"Fitch, 1856","CANADA: Alberta, Wellington",53.59000,-113.55000,Phillips 1983,
Apoecilus,,bracteatus,"Fitch, 1856","CANADA: British Columbia, Eburne",49.22230,-123.12790,Phillips 1983,
Apoecilus,,bracteatus,"Fitch, 1856","CANADA: British Columbia, Royal Oak",48.48000,-123.39000,Phillips 1983,
Apoecilus,,bracteatus,"Fitch, 1856","CANADA: British Columbia, Saanich District",48.66000,-123.41000,Phillips 1983,
Apoecilus,,bracteatus,"Fitch, 1856","CANADA: British Columbia, Vancouver",49.24000,-123.11000,Phillips 1983,
Apoecilus,,bracteatus,"Fitch, 1856","CANADA: British Columbia, Victoria",48.43000,-123.35000,Phillips 1983,
Apoecilus,,bracteatus,"Fitch, 1856","CANADA: British Columbia, Vancouver Island",49.75000,-126.48000,Phillips 1983,
Apoecilus,,bracteatus,"Fitch, 1856","CANADA: Manitoba, Winnipeg",49.88000,-97.14000,Phillips 1983,
Apoecilus,,bracteatus,"Fitch, 1856","CANADA: Nova Scotia, Cape Breton Island",46.03000,-60.80000,Phillips 1983,
Apoecilus,,bracteatus,"Fitch, 1856","CANADA: Nova Scotia, Truro",45.36000,-63.26000,Phillips 1983,
Apoecilus,,bracteatus,"Fitch, 1856","CANADA: Nova Scotia, Yarmouth",43.83000,-66.11000,Phillips 1983,
Apoecilus,,bracteatus,"Fitch, 1856","CANADA: Ontario, Cardinal",50.01000,-84.16000,Phillips 1983,
Apoecilus,,bracteatus,"Fitch, 1856","CANADA: Ontario, Ridgeway",42.88000,-79.04000,Phillips 1983,
Apoecilus,,bracteatus,"Fitch, 1856","CANADA: Ontario, Swansea",43.64160,-79.47590,Phillips 1983,
Apoecilus,,bracteatus,"Fitch, 1856","CANADA: Ontario, Toronto",43.70000,-79.41000,Phillips 1983,
Apoecilus,,bracteatus,"Fitch, 1856","CANADA: Quebec, Covey Hill",45.01000,-73.79000,Phillips 1983,
Apoecilus,,bracteatus,"Fitch, 1856","CANADA: Quebec, Lauzon",52.21000,-68.73000,Phillips 1983,
Apoecilus,,bracteatus,"Fitch, 1856","CANADA: Quebec, Montreal",45.50000,-73.58000,Phillips 1983,
Apoecilus,,bracteatus,"Fitch, 1856","CANADA: Saskatchewan, Lloydminster",53.27000,-110.02000,Phillips 1983,
Apoecilus,,bracteatus,"Fitch, 1856","USA: California, Eldorado",38.68000,-120.84000,Phillips 1983,
Apoecilus,,bracteatus,"Fitch, 1856","USA: California, Lake Tahoe",39.09000,-120.03000,Phillips 1983,
Apoecilus,,bracteatus,"Fitch, 1856","USA: California, Fresno",36.74000,-119.77000,Phillips 1983,
Apoecilus,,bracteatus,"Fitch, 1856","USA: California, Fresno",36.74000,-119.77000,Phillips 1983,
Apoecilus,,bracteatus,"Fitch, 1856","USA: California, Lassen",40.67000,-120.59000,Phillips 1983,
Apoecilus,,bracteatus,"Fitch, 1856","USA: California, Modoc",41.58000,-120.72000,Phillips 1983,
Apoecilus,,bracteatus,"Fitch, 1856","USA: California, Mono",37.93000,-118.88000,Phillips 1983,
Apoecilus,,bracteatus,"Fitch, 1856","USA: California, Plumas",40.00000,-120.83000,Phillips 1983,
Apoecilus,,bracteatus,"Fitch, 1856","USA: California, San Bernardino",34.10000,-117.28000,Phillips 1983,
Apoecilus,,bracteatus,"Fitch, 1856","USA: California, San Diego",32.71000,-117.16000,Phillips 1983,
Apoecilus,,bracteatus,"Fitch, 1856","USA: California, San Mateo",37.56000,-122.32000,Phillips 1983,
Apoecilus,,bracteatus,"Fitch, 1856","USA: California, Santa Barbara",34.42000,-119.69000,Phillips 1983,
Apoecilus,,bracteatus,"Fitch, 1856","USA: California, Sunset Valley",34.75320,-119.94460,Phillips 1983,
Apoecilus,,bracteatus,"Fitch, 1856","USA: California, Sacramento",38.58000,-121.49000,Phillips 1983,
Apoecilus,,bracteatus,"Fitch, 1856","USA: California, Sonoma",38.29000,-122.45000,Phillips 1983,
Apoecilus,,bracteatus,"Fitch, 1856","USA: California, Trinity",40.65000,-123.11000,Phillips 1983,
Apoecilus,,bracteatus,"Fitch, 1856","USA: California, Tulare",36.20000,-119.34000,Phillips 1983,
Apoecilus,,bracteatus,"Fitch, 1856","USA: California, Tuolumne",38.02000,-119.95000,Phillips 1983,
Apoecilus,,bracteatus,"Fitch, 1856","USA: California, Descanso",32.85000,-116.61000,Phillips 1983,
Apoecilus,,bracteatus,"Fitch, 1856","USA: California, Paraiso",39.75000,-121.62000,Phillips 1983,
Apoecilus,,bracteatus,"Fitch, 1856","USA: California, Riverton",38.77000,-120.44000,Phillips 1983,
Apoecilus,,bracteatus,"Fitch, 1856","USA: Colorado, El Paso",38.83000,-104.52000,Phillips 1983,
Apoecilus,,bracteatus,"Fitch, 1856","USA: Colorado, Manitou Springs",38.85000,-104.91000,Phillips 1983,
Apoecilus,,bracteatus,"Fitch, 1856","USA: Colorado, Las Animas",37.31000,-104.03000,Phillips 1983,
Apoecilus,,bracteatus,"Fitch, 1856","USA: Colorado, Routt",40.48000,-106.99000,Phillips 1983,
Apoecilus,,bracteatus,"Fitch, 1856","USA: Colorado, Montezuma",37.33000,-108.59000,Phillips 1983,
Apoecilus,,bracteatus,"Fitch, 1856","USA: Colorado, Mesa Verde",37.23000,-108.46000,Phillips 1983,
Apoecilus,,bracteatus,"Fitch, 1856","USA: Colorado, Montrose",38.47000,-107.87000,Phillips 1983,
Apoecilus,,bracteatus,"Fitch, 1856","USA: Colorado, Teller",38.88000,-105.16000,Phillips 1983,
Apoecilus,,bracteatus,"Fitch, 1856","USA: Colorado, Little Beaver",39.91000,-103.68000,Phillips 1983,
Apoecilus,,bracteatus,"Fitch, 1856","USA: Connecticut, Fairfield",41.05000,-73.53000,Phillips 1983,
Apoecilus,,bracteatus,"Fitch, 1856","USA: Connecticut, Litchfield",41.74000,-73.18000,Phillips 1983,
Apoecilus,,bracteatus,"Fitch, 1856","USA: Connecticut, New Haven",41.30000,-72.92000,Phillips 1983,
Apoecilus,,bracteatus,"Fitch, 1856","USA: Idaho, Bear Lake",42.28000,-111.32000,Phillips 1983,
Apoecilus,,bracteatus,"Fitch, 1856","USA: Idaho, Boise",43.61000,-116.20000,Phillips 1983,
Apoecilus,,bracteatus,"Fitch, 1856","USA: Idaho, Blaine",43.41000,-113.98000,Phillips 1983,
Apoecilus,,bracteatus,"Fitch, 1856","USA: Idaho, Cassia",42.28000,-113.60000,Phillips 1983,
Apoecilus,,bracteatus,"Fitch, 1856","USA: Idaho, Moscow",46.73000,-117.00000,Phillips 1983,
Apoecilus,,bracteatus,"Fitch, 1856","USA: Idaho, Nez Perce",46.32000,-116.75000,Phillips 1983,
Apoecilus,,bracteatus,"Fitch, 1856","USA: Idaho, Shoshone",47.35000,-115.89000,Phillips 1983,
Apoecilus,,bracteatus,"Fitch, 1856","USA: Idaho, Cook",44.12000,-116.15000,Phillips 1983,
Apoecilus,,bracteatus,"Fitch, 1856","USA: Idaho, Lake",48.15000,-116.44000,Phillips 1983,
Apoecilus,,bracteatus,"Fitch, 1856","USA: Idaho, McHenry",42.59000,-114.05000,Phillips 1983,
Apoecilus,,bracteatus,"Fitch, 1856","USA: Idaho, Dubois",44.17000,-112.23000,Phillips 1983,
Apoecilus,,bracteatus,"Fitch, 1856","USA: Maine, York",43.42000,-70.67000,Phillips 1983,
Apoecilus,,bracteatus,"Fitch, 1856","USA: Maine, Southport",43.84090,-69.65860,Phillips 1983,
Apoecilus,,bracteatus,"Fitch, 1856","USA: Maryland, Baltimore",39.29000,-76.61000,Phillips 1983,
Apoecilus,,bracteatus,"Fitch, 1856","USA: Massachusetts, Barnstable",41.70000,-70.29000,Phillips 1983,
Apoecilus,,bracteatus,"Fitch, 1856","USA: Massachusetts, Berkshire",42.16000,-73.14000,Phillips 1983,
Apoecilus,,bracteatus,"Fitch, 1856","USA: Massachusetts, Essex",42.77000,-71.07000,Phillips 1983,
Apoecilus,,bracteatus,"Fitch, 1856","USA: Massachusetts, Salem",42.51000,-70.89000,Phillips 1983,
Apoecilus,,bracteatus,"Fitch, 1856","USA: Massachusetts, Hampshire",42.34000,-72.66000,Phillips 1983,
Apoecilus,,bracteatus,"Fitch, 1856","USA: Massachusetts, Midlesex",42.37000,-71.10000,Phillips 1983,
Apoecilus,,bracteatus,"Fitch, 1856","USA: Massachusetts, Sherborn",42.23000,-71.36000,Phillips 1983,
Apoecilus,,bracteatus,"Fitch, 1856","USA: Massachusetts, Nantucket",41.27030,-70.09670,Phillips 1983,
Apoecilus,,bracteatus,"Fitch, 1856","USA: Massachusetts, Norfolk",42.11000,-71.32000,Phillips 1983,
Apoecilus,,bracteatus,"Fitch, 1856","USA: Massachusetts, Beach Bluff",42.48340,-70.89270,Phillips 1983,
Apoecilus,,bracteatus,"Fitch, 1856","USA: Massachusetts, Faneuil",42.36000,-71.05000,Phillips 1983,
Apoecilus,,bracteatus,"Fitch, 1856","USA: Massachusetts, Stony Brook",42.10000,-71.32000,Phillips 1983,
Apoecilus,,bracteatus,"Fitch, 1856","USA: Massachusetts, Sunderland",42.46000,-72.57000,Phillips 1983,
Apoecilus,,bracteatus,"Fitch, 1856","USA: Massachusetts, Truro",41.99000,-70.04000,Phillips 1983,
Apoecilus,,bracteatus,"Fitch, 1856","USA: Michigan, Alger",46.45000,-86.54000,Phillips 1983,
Apoecilus,,bracteatus,"Fitch, 1856","USA: Michigan, Plainwell",42.44000,-85.64000,Phillips 1983,
Apoecilus,,bracteatus,"Fitch, 1856","USA: Michigan, Berrien",41.94000,-86.33000,Phillips 1983,
Apoecilus,,bracteatus,"Fitch, 1856","USA: Michigan, Sawyer",41.88000,-86.58000,Phillips 1983,
Apoecilus,,bracteatus,"Fitch, 1856","USA: Michigan, Charlevoix",45.26000,-85.24000,Phillips 1983,
Apoecilus,,bracteatus,"Fitch, 1856","USA: Michigan, Susan Lake",45.32000,-85.18000,Phillips 1983,
Apoecilus,,bracteatus,"Fitch, 1856","USA: Michigan, Thumb Lake",45.19000,-84.76000,Phillips 1983,
Apoecilus,,bracteatus,"Fitch, 1856","USA: Michigan, Cheboygan",45.47000,-84.49000,Phillips 1983,
Apoecilus,,bracteatus,"Fitch, 1856","USA: Michigan, Trout Lake",46.18000,-85.04000,Phillips 1983,
Apoecilus,,bracteatus,"Fitch, 1856","USA: Michigan, Emmet",45.58000,-84.98000,Phillips 1983,
Apoecilus,,bracteatus,"Fitch, 1856","USA: Michigan, Houghton",46.99000,-88.65000,Phillips 1983,
Apoecilus,,bracteatus,"Fitch, 1856","USA: Michigan, Huron",43.19000,-82.85000,Phillips 1983,
Apoecilus,,bracteatus,"Fitch, 1856","USA: Michigan, Iosco",44.30000,-83.51000,Phillips 1983,
Apoecilus,,bracteatus,"Fitch, 1856","USA: Michigan, Livingston",42.60000,-83.91000,Phillips 1983,
Apoecilus,,bracteatus,"Fitch, 1856","USA: Michigan, Luce",46.36000,-85.50000,Phillips 1983,
Apoecilus,,bracteatus,"Fitch, 1856","USA: Michigan, Mackinac",45.87000,-84.76000,Phillips 1983,
Apoecilus,,bracteatus,"Fitch, 1856","USA: Michigan, Naubinway",46.09560,-85.45250,Phillips 1983,
Apoecilus,,bracteatus,"Fitch, 1856","USA: Michigan, St Ignace",45.86000,-84.72000,Phillips 1983,
Apoecilus,,bracteatus,"Fitch, 1856","USA: Michigan, Marquette",46.66000,-87.57000,Phillips 1983,
Apoecilus,,bracteatus,"Fitch, 1856","USA: Michigan, Midland",43.61000,-84.24000,Phillips 1983,
Apoecilus,,bracteatus,"Fitch, 1856","USA: Michigan, Oakland",42.63000,-83.29000,Phillips 1983,
Apoecilus,,bracteatus,"Fitch, 1856","USA: Michigan, Manchester",42.15000,-84.03000,Phillips 1983,
Apoecilus,,bracteatus,"Fitch, 1856","USA: Michigan, Wayne",42.28000,-83.38000,Phillips 1983,
Apoecilus,,bracteatus,"Fitch, 1856","USA: Minnesota, Clay",46.89000,-96.49000,Phillips 1983,
Apoecilus,,bracteatus,"Fitch, 1856","USA: Minnesota, Clearwater",47.57000,-95.37000,Phillips 1983,
Apoecilus,,bracteatus,"Fitch, 1856","USA: Minnesota, Freeborn",43.67000,-93.34000,Phillips 1983,
Apoecilus,,bracteatus,"Fitch, 1856","USA: Minnesota, St Louis",47.58000,-92.46000,Phillips 1983,
Apoecilus,,bracteatus,"Fitch, 1856","USA: Montana, Gallatin",45.54000,-111.17000,Phillips 1983,
Apoecilus,,bracteatus,"Fitch, 1856","USA: Nebraska, Red Willow",40.17000,-100.47000,Phillips 1983,
Apoecilus,,bracteatus,"Fitch, 1856","USA: Nevada, Douglas",38.19000,-119.61000,Phillips 1983,
Apoecilus,,bracteatus,"Fitch, 1856","USA: Nevada, Washoe",40.66000,-119.66000,Phillips 1983,
Apoecilus,,bracteatus,"Fitch, 1856","USA: New Hampshire, Grafton",43.94000,-71.82000,Phillips 1983,
Apoecilus,,bracteatus,"Fitch, 1856","USA: New Hampshire, Crawfords",44.26000,-71.40000,Phillips 1983,
Apoecilus,,bracteatus,"Fitch, 1856","USA: New Jersey, Bergen",40.72000,-74.07000,Phillips 1983,
Apoecilus,,bracteatus,"Fitch, 1856","USA: New Mexico, Sandoval",35.68000,-106.86000,Phillips 1983,
Apoecilus,,bracteatus,"Fitch, 1856","USA: New Mexico, Santa Fe",35.68000,-105.93000,Phillips 1983,
Apoecilus,,bracteatus,"Fitch, 1856","USA: New York, Erie",42.88000,-78.87000,Phillips 1983,
Apoecilus,,bracteatus,"Fitch, 1856","USA: New York, Colden",42.64000,-78.68000,Phillips 1983,
Apoecilus,,bracteatus,"Fitch, 1856","USA: New York, Hamburg",42.71000,-78.82000,Phillips 1983,
Apoecilus,,bracteatus,"Fitch, 1856","USA: New York, Lancaster",42.90000,-78.67000,Phillips 1983,
Apoecilus,,bracteatus,"Fitch, 1856","USA: New York, Essex",44.11000,-73.77000,Phillips 1983,
Apoecilus,,bracteatus,"Fitch, 1856","USA: New York, Greene",42.27000,-74.12000,Phillips 1983,
Apoecilus,,bracteatus,"Fitch, 1856","USA: New York, Kings",40.65000,-73.94000,Phillips 1983,
Apoecilus,,bracteatus,"Fitch, 1856","USA: New York, Onodaga",43.00000,-76.19000,Phillips 1983,
Apoecilus,,bracteatus,"Fitch, 1856","USA: New York, Queens",40.68000,-73.83000,Phillips 1983,
Apoecilus,,bracteatus,"Fitch, 1856","USA: New York, Suffolk",40.81000,-73.06000,Phillips 1983,
Apoecilus,,bracteatus,"Fitch, 1856",USA: New York Tompkins,42.45000,-76.47000,Phillips 1983,
Apoecilus,,bracteatus,"Fitch, 1856","USA: North Dakota, Bottineau",48.79000,-100.83000,Phillips 1983,
Apoecilus,,bracteatus,"Fitch, 1856","USA: North Dakota, Cass",46.93000,-97.24000,Phillips 1983,
Apoecilus,,bracteatus,"Fitch, 1856","USA: North Dakota, Divide",48.81000,-103.48000,Phillips 1983,
Apoecilus,,bracteatus,"Fitch, 1856","USA: North Dakota, Hettinger",46.43000,-102.46000,Phillips 1983,
Apoecilus,,bracteatus,"Fitch, 1856","USA: North Dakota, Stutsman",46.97000,-98.95000,Phillips 1983,
Apoecilus,,bracteatus,"Fitch, 1856","USA: Ohio, Lake",41.71630,-81.22700,Phillips 1983,
Apoecilus,,bracteatus,"Fitch, 1856","USA: Ohio, Lucas",41.68000,-83.46000,Phillips 1983,
Apoecilus,,bracteatus,"Fitch, 1856","USA: Ohio, Williams",41.56000,-84.58000,Phillips 1983,
Apoecilus,,bracteatus,"Fitch, 1856","USA: Oregon, Benton",44.49000,-123.42000,Phillips 1983,
Apoecilus,,bracteatus,"Fitch, 1856","USA: Oregon, MacDonald",44.85000,-120.44000,Phillips 1983,
Apoecilus,,bracteatus,"Fitch, 1856","USA: Oregon, Clackamas",45.18000,-122.22000,Phillips 1983,
Apoecilus,,bracteatus,"Fitch, 1856","USA: Oregon, Seaside",45.99000,-123.91000,Phillips 1983,
Apoecilus,,bracteatus,"Fitch, 1856","USA: Oregon, Deschutes",43.91000,-121.22000,Phillips 1983,
Apoecilus,,bracteatus,"Fitch, 1856","USA: Oregon, Harney",43.06000,-118.96000,Phillips 1983,
Apoecilus,,bracteatus,"Fitch, 1856","USA: Oregon, Jackson",42.43000,-122.72000,Phillips 1983,
Apoecilus,,bracteatus,"Fitch, 1856","USA: Oregon, Medford",42.32000,-122.87000,Phillips 1983,
Apoecilus,,bracteatus,"Fitch, 1856","USA: Oregon, Siskiyou",42.05000,-122.60000,Phillips 1983,
Apoecilus,,bracteatus,"Fitch, 1856","USA: Oregon, Josephine",42.36000,-123.55000,Phillips 1983,
Apoecilus,,bracteatus,"Fitch, 1856","USA: Oregon, Klamath",42.68000,-121.65000,Phillips 1983,
Apoecilus,,bracteatus,"Fitch, 1856","USA: Oregon, Lane",43.94000,-122.87000,Phillips 1983,
Apoecilus,,bracteatus,"Fitch, 1856","USA: Oregon, Marion",44.90000,-122.58000,Phillips 1983,
Apoecilus,,bracteatus,"Fitch, 1856","USA: Oregon, Union",45.31000,-118.00000,Phillips 1983,
Apoecilus,,bracteatus,"Fitch, 1856","USA: Oregon, Wasco",45.16000,-121.16000,Phillips 1983,
Apoecilus,,bracteatus,"Fitch, 1856","USA: Pennsylvania, Crawford",41.68000,-80.10000,Phillips 1983,
Apoecilus,,bracteatus,"Fitch, 1856","USA: Pennsylvania, Erie",42.12000,-80.08000,Phillips 1983,
Apoecilus,,bracteatus,"Fitch, 1856","USA: South Dakota, Brookings",44.36000,-96.79000,Phillips 1983,
Apoecilus,,bracteatus,"Fitch, 1856","USA: Utah, Cache",41.72000,-111.74000,Phillips 1983,
Apoecilus,,bracteatus,"Fitch, 1856","USA: Utah, Davis",41.06000,-111.97000,Phillips 1983,
Apoecilus,,bracteatus,"Fitch, 1856","USA: Utah, Juab",39.70000,-112.78000,Phillips 1983,
Apoecilus,,bracteatus,"Fitch, 1856","USA: Utah, Weber",41.26000,-111.91000,Phillips 1983,
Apoecilus,,bracteatus,"Fitch, 1856","USA: Washington, Asotin",46.19000,-117.20000,Phillips 1983,
Apoecilus,,bracteatus,"Fitch, 1856","USA: Washington, King",47.38000,-122.23000,Phillips 1983,
Apoecilus,,bracteatus,"Fitch, 1856","USA: Washington, Seattle",47.60000,-122.30000,Phillips 1983,
Apoecilus,,bracteatus,"Fitch, 1856","USA: Washington, Mason",47.35000,-123.18000,Phillips 1983,
Apoecilus,,bracteatus,"Fitch, 1856","USA: Washington, Pacific",47.50000,-120.50000,Phillips 1983,
Apoecilus,,bracteatus,"Fitch, 1856","USA: Washington, Pierce",47.17000,-122.51000,Phillips 1983,
Apoecilus,,bracteatus,"Fitch, 1856","USA: Washington, Stevens",48.39000,-117.85000,Phillips 1983,
Apoecilus,,bracteatus,"Fitch, 1856","USA: Washington, Wawawai",46.63000,-117.37000,Phillips 1983,
Apoecilus,,bracteatus,"Fitch, 1856","USA: Washington, Whitman",46.90000,-117.52000,Phillips 1983,
Apoecilus,,bracteatus,"Fitch, 1856","USA: Washington, Yakima",46.60000,-120.50000,Phillips 1983,
Apoecilus,,bracteatus,"Fitch, 1856","USA: Wisconsin, Bayfield",46.63000,-91.18000,Phillips 1983,
Apoecilus,,bracteatus,"Fitch, 1856","USA: Wisconsin, Dane",43.06000,-89.41000,Phillips 1983,
Apoecilus,,bracteatus,"Fitch, 1856","USA: Wisconsin, Door",44.83000,-87.35000,Phillips 1983,
Apoecilus,,bracteatus,"Fitch, 1856","USA: Wisconsin, Iron",46.31000,-90.26000,Phillips 1983,
Apoecilus,,bracteatus,"Fitch, 1856","USA: Wisconsin, Marathon",44.89000,-89.75000,Phillips 1983,
Apoecilus,,bracteatus,"Fitch, 1856","USA: Wisconsin, Milwaukee",43.03000,-87.90000,Phillips 1983,
Apoecilus,,bracteatus,"Fitch, 1856","USA: Winsconsin, Ozaukee County, near Newburg, Riveredge Nature Center, Hawthorne Dr.",43.43000,-88.02000,MCPM,
Apoecilus,,bracteatus,"Fitch, 1856","USA: Winsconsin, Kenosha County, Chiwaukee Prairie. ",42.58000,-88.05000,MCPM,
Apoecilus,,bracteatus,"Fitch, 1856","USA: Montana, Glacier National Park, Iceberg Lake. 1800m.",48.81000,-113.73000,CLEV,
Apoecilus,,bracteatus,"Fitch, 1856","USA: Minesota, Pope County, Sedan. ",45.57000,-95.24000,UMSP,
Apoecilus,,bracteatus,"Fitch, 1856","USA: Minesota, Pope County, Sedan. ",45.57000,-95.24000,UMSP,
Apoecilus,,bracteatus,"Fitch, 1856","USA: Minnesota, Cook County.",47.69000,-90.67000,UMSP,
Apoecilus,,bracteatus,"Fitch, 1856","USA: New Mexico, Lincoln National Forest, White Peak. 3200m. ",31.70000,-106.34000,UMSP,
Apoecilus,,bracteatus,"Fitch, 1856","USA: California, Mono County, Lee Vining, Mono Lake. ",37.96000,-119.11000,FSCA,
Apoecilus,,bracteatus,"Fitch, 1856","USA: North Dakota, McKenzie County, Theodore Roosevelt National Park. ",46.97000,-103.53000,AMNH,
Apoecilus,,bracteatus,"Fitch, 1856","USA: New York, Suffolk County, Fire Island. ",40.64750,-73.14630,AMNH,
Apoecilus,,bracteatus,"Fitch, 1856","USA: Illinois, Wauconda",42.25000,-88.13000,INHS,
Apoecilus,,bracteatus,"Fitch, 1856","USA: Illinois, McHenry County, Marengo, Wonder Lake Marengo.",42.38000,-88.36000,INHS,
Apoecilus,,bracteatus,"Fitch, 1856","USA: Illinois, Cook County, Chicago.",41.87000,-87.62000,INHS,
Apoecilus,,bracteatus,"Fitch, 1856","USA: Idaho, Freemont County, St. Anthony, dunes. ",43.96000,-111.68000,DARC,
Apoecilus,,bracteatus,"Fitch, 1856","USA: Utah, Sanpete County, Freedom.",39.54000,-111.64000,DARC,
Apoecilus,,bracteatus,"Fitch, 1856","USA: New Mexico, Bernalillo",35.05000,-106.67000,Bundy 2012,
Apoecilus,,bracteatus,"Fitch, 1856","USA: New Mexico, San Miguel",35.48000,-104.81000,Bundy 2012,
Apoecilus,,bracteatus,"Fitch, 1856","USA: New Mexico, Santa Fe",35.68000,-105.93000,Bundy 2012,
Apoecilus,,bracteatus,"Fitch, 1856","USA: Minnesota, Clearwater",47.57000,-95.37000,Koch et al. 2014,
Apoecilus,,bracteatus,"Fitch, 1856","USA: Minnesota, Clay",46.89000,-96.49000,Koch et al. 2014,
Apoecilus,,bracteatus,"Fitch, 1856","USA: Minnesota, Hennepin",44.97000,-93.26000,Koch et al. 2014,
Apoecilus,,bracteatus,"Fitch, 1856","USA: Minnesota, Kittson ",48.77000,-96.78000,Koch et al. 2014,
Apoecilus,,bracteatus,"Fitch, 1856","USA: Minnesota, Polk",47.77000,-96.40000,Koch et al. 2014,
Apoecilus,,bracteatus,"Fitch, 1856","USA: Minnesota, Pope",45.58000,-95.44000,Koch et al. 2014,
Apoecilus,,bracteatus,"Fitch, 1856","USA: Minnesota, Ramsey",45.01000,-93.09000,Koch et al. 2014,
Apoecilus,,bracteatus,"Fitch, 1856","USA: Minnesota, Stearns",45.55000,-94.61000,Koch et al. 2014,
Apoecilus,,bracteatus,"Fitch, 1856","CANADA: Quebec, Quebec",46.81410,-71.21200,Koch et al. 2014,
Apoecilus,,bracteatus,"Fitch, 1856",USA: New England,44.00000,-71.00000,Koch et al. 2014,
Apoecilus,,bracteatus,"Fitch, 1856",USA: Idaho,44.50000,-114.25000,Koch et al. 2014,
Apoecilus,,bracteatus,"Fitch, 1856",USA: Colorado,39.00000,-105.50000,Koch et al. 2014,
Apoecilus,,bracteatus,"Fitch, 1856",USA: Utah,39.25000,-111.75000,Koch et al. 2014,
Apoecilus,,bracteatus,"Fitch, 1856",USA: California,37.25000,-119.75000,Koch et al. 2014,
Apoecilus,,bracteatus,"Fitch, 1856","USA: Connecticut, Litchfield",41.74000,-73.18000,O'Donnell & Schaefer 2012,
Apoecilus,,bracteatus,"Fitch, 1856","USA: Connecticut, Prospect",41.50000,-72.97000,O'Donnell & Schaefer 2012,
Apoecilus,,bracteatus,"Fitch, 1856","USA: Connecticut, Meriden",41.53000,-72.80000,O'Donnell & Schaefer 2012,
Apoecilus,,bracteatus,"Fitch, 1856","USA: Connecticut, New Haven",41.60000,-72.92000,O'Donnell & Schaefer 2012,
Apoecilus,,bracteatus,"Fitch, 1856","USA: Connecticut, Madison",41.29430,-72.57510,O'Donnell & Schaefer 2012,
Apoecilus,,bracteatus,"Fitch, 1856","USA: Connecticut, Canaan",42.02000,-73.32000,O'Donnell & Schaefer 2012,
Apoecilus,,bracteatus,"Fitch, 1856","USA: Connecticut, Durham",41.48000,-72.68000,O'Donnell & Schaefer 2012,
Apoecilus,,bracteatus,"Fitch, 1856","USA: North Dakota, Cass",46.93000,-97.24000,Rider 2012,
Apoecilus,,bracteatus,"Fitch, 1856","USA: North Dakota, Cavalier",48.77000,-98.46000,Rider 2012,
Apoecilus,,bracteatus,"Fitch, 1856","USA: North Dakota, Divide",48.81000,-103.48000,Rider 2012,
Apoecilus,,bracteatus,"Fitch, 1856","USA: North Dakota, Grand Forks",47.92000,-97.03000,Rider 2012,
Apoecilus,,bracteatus,"Fitch, 1856","USA: North Dakota, Hettinger",46.43000,-102.46000,Rider 2012,
Apoecilus,,bracteatus,"Fitch, 1856","USA: Michigan, Alger",46.45000,-86.54000,Swanson 2012,
Apoecilus,,bracteatus,"Fitch, 1856","USA: Michigan, Allegan",42.51000,-85.91000,Swanson 2012,
Apoecilus,,bracteatus,"Fitch, 1856","USA: Michigan, Barry",42.59000,-85.30000,Swanson 2012,
Apoecilus,,bracteatus,"Fitch, 1856","USA: Michigan, Charlevoix",45.26000,-85.24000,Swanson 2012,
Apoecilus,,bracteatus,"Fitch, 1856","USA: Michigan, Cheboygan",45.47000,-84.49000,Swanson 2012,
Apoecilus,,bracteatus,"Fitch, 1856","USA: Michigan, Chippewa",46.32000,-84.52000,Swanson 2012,
Apoecilus,,bracteatus,"Fitch, 1856","USA: Michigan, Delta",45.79000,-86.87000,Swanson 2012,
Apoecilus,,bracteatus,"Fitch, 1856","USA: Michigan, Emmet",45.58000,-84.98000,Swanson 2012,
Apoecilus,,bracteatus,"Fitch, 1856","USA: Michigan, Gladwin",43.99000,-84.38000,Swanson 2012,
Apoecilus,,bracteatus,"Fitch, 1856","USA: Michigan, Gratiot",43.29000,-84.60000,Swanson 2012,
Apoecilus,,bracteatus,"Fitch, 1856","USA: Michigan, Houghton",46.99000,-88.65000,Swanson 2012,
Apoecilus,,bracteatus,"Fitch, 1856","USA: Michigan, Huron",43.91000,-82.85000,Swanson 2012,
Apoecilus,,bracteatus,"Fitch, 1856","USA: Michigan, Iosco",44.30000,-83.51000,Swanson 2012,
Apoecilus,,bracteatus,"Fitch, 1856","USA: Michigan, Isabella",43.64000,-84.84000,Swanson 2012,
Apoecilus,,bracteatus,"Fitch, 1856","USA: Michigan, Keweenaw",47.28000,-88.21000,Swanson 2012,
Apoecilus,,bracteatus,"Fitch, 1856","USA: Michigan, Livingston",42.60000,-83.91000,Swanson 2012,
Apoecilus,,bracteatus,"Fitch, 1856","USA: Michigan, Luce",46.36000,-85.50000,Swanson 2012,
Apoecilus,,bracteatus,"Fitch, 1856","USA: Michigan, Mackinac",45.87000,-84.76000,Swanson 2012,
Apoecilus,,bracteatus,"Fitch, 1856","USA: Michigan, Marquette",46.66000,-87.57000,Swanson 2012,
Apoecilus,,bracteatus,"Fitch, 1856","USA: Michigan, Midland",43.61000,-84.24000,Swanson 2012,
Apoecilus,,bracteatus,"Fitch, 1856","USA: Michigan, Oakland",42.63000,-83.29000,Swanson 2012,
Apoecilus,,bracteatus,"Fitch, 1856","USA: Michigan, Ogemaw",44.33000,-84.12000,Swanson 2012,
Apoecilus,,bracteatus,"Fitch, 1856","USA: Michigan, Schoolcraft",46.04000,-86.17000,Swanson 2012,
Apoecilus,,bracteatus,"Fitch, 1856","USA: Michigan, Washtenaw",42.25000,-83.83000,Swanson 2012,
Apoecilus,,bracteatus,"Fitch, 1856","USA: Michigan, Wayne",42.28000,-83.38000,Swanson 2012,
Apoecilus,,bracteatus,"Fitch, 1856","USA: Washington, Olympic Mountains",47.87000,-123.66000,Zack 2012,
Apoecilus,,bracteatus,"Fitch, 1856","USA: Washington, Seattle, Pierce",46.92000,-121.79000,Zack 2012,
Apoecilus,,bracteatus,"Fitch, 1856","USA: Washington, Rainier",46.88000,-122.68000,Zack 2012,
Apoecilus,,bracteatus,"Fitch, 1856","USA: Washington, Colville",48.54000,-117.90000,Zack 2012,
Apoecilus,,bracteatus,"Fitch, 1856","USA: Washington, Pullman",46.73000,-117.17000,Zack 2012,
Apoecilus,,bracteatus,"Fitch, 1856","USA: Washington, Tampico",46.53000,-120.86000,Zack 2012,
Apoecilus,,cynicus,"Say, 1831","USA: New Mexico, Santa Fe",35.68000,-105.93000,Bundy 2012,
Apoecilus,,cynicus,"Say, 1831","USA: Minnesota, Morison",46.01000,-94.26000,Koch et al. 2014,
Apoecilus,,cynicus,"Say, 1831","USA: Minnesota, Clay",46.89000,-96.49000,Koch et al. 2014,
Apoecilus,,cynicus,"Say, 1831","USA: Minnesota, Hennepin",44.97000,-93.26000,Koch et al. 2014,
Apoecilus,,cynicus,"Say, 1831","USA: Minnesota, Norman",47.32000,-96.45000,Koch et al. 2014,
Apoecilus,,cynicus,"Say, 1831","USA: Minnesota, Ramsey",45.01000,-93.09000,Koch et al. 2014,
Apoecilus,,cynicus,"Say, 1831","USA: Minnesota, Waseca",44.02000,-93.58000,Koch et al. 2014,
Apoecilus,,cynicus,"Say, 1831",USA: Chicago,41.85000,-87.65000,Koch et al. 2014,
Apoecilus,,cynicus,"Say, 1831",USA: New England,44.00000,-71.00000,Koch et al. 2014,
Apoecilus,,cynicus,"Say, 1831",USA: Florida,28.75000,-82.50000,Koch et al. 2014,
Apoecilus,,cynicus,"Say, 1831","CANADA: Quebec, Quebec",46.81410,-71.21200,Koch et al. 2014,
Apoecilus,,cynicus,"Say, 1831",USA: Colorado,39.00000,-105.50000,Koch et al. 2014,
Apoecilus,,cynicus,"Say, 1831",USA: Texas,31.25000,-99.25000,Koch et al. 2014,
Apoecilus,,cynicus,"Say, 1831",USA: Arizona,34.50000,-111.50000,Koch et al. 2014,
Apoecilus,,cynicus,"Say, 1831","USA: Connecticut, Durham",41.48000,-72.68000,O'Donnell & Schaefer 2012,
Apoecilus,,cynicus,"Say, 1831","USA: Connecticut, Brookfield",41.48000,-73.40000,O'Donnell & Schaefer 2012,
Apoecilus,,cynicus,"Say, 1831","USA: Connecticut, Portland",41.57000,-72.64000,O'Donnell & Schaefer 2012,
Apoecilus,,cynicus,"Say, 1831","USA: Connecticut, Meriden",41.53000,-72.80000,O'Donnell & Schaefer 2012,
Apoecilus,,cynicus,"Say, 1831","USA: Connecticut, South Meriden",41.51000,-72.83000,O'Donnell & Schaefer 2012,
Apoecilus,,cynicus,"Say, 1831","USA: Connecticut, Storrs",41.80000,-72.24000,O'Donnell & Schaefer 2012,
Apoecilus,,cynicus,"Say, 1831","USA: Connecticut, Westville",41.33000,-72.97000,O'Donnell & Schaefer 2012,
Apoecilus,,cynicus,"Say, 1831","USA: North Dakota, Grand Forks",47.92000,-97.03000,Rider 2012,
Apoecilus,,cynicus,"Say, 1831","USA: North Dakota, Hettinger",46.43000,-102.46000,Rider 2012,
Apoecilus,,cynicus,"Say, 1831","USA: North Dakota, Richland",46.26000,-96.94000,Rider 2012,
Apoecilus,,cynicus,"Say, 1831","USA: North Dakota, Sargent",46.10000,-97.63000,Rider 2012,
Apoecilus,,cynicus,"Say, 1831","USA: Missouri, City of Louis",38.62000,-90.19000,Sites et al. 2012,
Apoecilus,,cynicus,"Say, 1831","USA: Missouri, Ozark",36.64000,-92.44000,Sites et al. 2012,
Apoecilus,,cynicus,"Say, 1831","USA: Missouri, Glaciated Plains",36.72000,-91.85000,Sites et al. 2012,
Apoecilus,,cynicus,"Say, 1831","USA: Michigan, Alger",46.45000,-86.54000,Swanson 2012,
Apoecilus,,cynicus,"Say, 1831","USA: Michigan, Allegan",42.51000,-85.91000,Swanson 2012,
Apoecilus,,cynicus,"Say, 1831","USA: Michigan, Berrien",41.91000,-86.42000,Swanson 2012,
Apoecilus,,cynicus,"Say, 1831","USA: Michigan, Cheboygan",45.47000,-84.49000,Swanson 2012,
Apoecilus,,cynicus,"Say, 1831","USA: Michigan, Crawford",44.68000,-84.61000,Swanson 2012,
Apoecilus,,cynicus,"Say, 1831","USA: Michigan, Gladwin",43.99000,-84.38000,Swanson 2012,
Apoecilus,,cynicus,"Say, 1831","USA: Michigan, Houghton",46.99000,-88.65000,Swanson 2012,
Apoecilus,,cynicus,"Say, 1831","USA: Michigan, Huron",43.91000,-82.85000,Swanson 2012,
Apoecilus,,cynicus,"Say, 1831","USA: Michigan, Ingham",42.59000,-84.37000,Swanson 2012,
Apoecilus,,cynicus,"Say, 1831","USA: Michigan, Iosco",44.30000,-83.51000,Swanson 2012,
Apoecilus,,cynicus,"Say, 1831","USA: Michigan, Isabella",43.64000,-84.84000,Swanson 2012,
Apoecilus,,cynicus,"Say, 1831","USA: Michigan, Keweenaw",47.28000,-88.21000,Swanson 2012,
Apoecilus,,cynicus,"Say, 1831","USA: Michigan, Lenawee",41.89000,-84.06000,Swanson 2012,
Apoecilus,,cynicus,"Say, 1831","USA: Michigan, Livingston",42.60000,-83.91000,Swanson 2012,
Apoecilus,,cynicus,"Say, 1831","USA: Michigan, Midland",43.61000,-84.24000,Swanson 2012,
Apoecilus,,cynicus,"Say, 1831","USA: Michigan, Muskegon",43.23000,-86.24000,Swanson 2012,
Apoecilus,,cynicus,"Say, 1831","USA: Michigan, Oakland",42.63000,-83.29000,Swanson 2012,
Apoecilus,,cynicus,"Say, 1831","USA: Michigan, Oceana",43.68000,-86.31000,Swanson 2012,
Apoecilus,,cynicus,"Say, 1831","USA: Michigan, Oscoda",44.68000,-84.12000,Swanson 2012,
Apoecilus,,cynicus,"Say, 1831","USA: Michigan, Saint Joseph",41.91000,-85.52000,Swanson 2012,
Apoecilus,,cynicus,"Say, 1831","USA: Michigan, Shiawassee",42.95000,-84.14000,Swanson 2012,
Apoecilus,,cynicus,"Say, 1831","USA: Michigan, Van Bure",42.28000,-86.30000,Swanson 2012,
Apoecilus,,cynicus,"Say, 1831","USA: Michigan, Washtenaw",42.25000,-83.83000,Swanson 2012,
Apoecilus,,cynicus,"Say, 1831",USA: Minnesota,46.25000,-94.25000,Pezzini et al. 2018,
Apoecilus,,cynicus,"Say, 1831","CANADA: Ontario, Guelph",43.54000,-80.25000,Phillips 1983,
Apoecilus,,cynicus,"Say, 1831","CANADA: Quebec, Covey Hill",45.01000,-73.79000,Phillips 1983,
Apoecilus,,cynicus,"Say, 1831","USA: Arizona, Coconino",35.83000,-111.77000,Phillips 1983,
Apoecilus,,cynicus,"Say, 1831","USA: Arizona, Williams",35.24000,-112.19000,Phillips 1983,
Apoecilus,,cynicus,"Say, 1831","USA: Colorado, El Paso",38.83000,-104.52000,Phillips 1983,
Apoecilus,,cynicus,"Say, 1831","USA: Colorado, Larimer",40.66000,-105.46000,Phillips 1983,
Apoecilus,,cynicus,"Say, 1831","USA: Colorado, Las Animas",37.31000,-104.03000,Phillips 1983,
Apoecilus,,cynicus,"Say, 1831","USA: Colorado, Trinidad",37.16000,-104.50000,Phillips 1983,
Apoecilus,,cynicus,"Say, 1831","USA: Connecticut, New Haven",41.30000,-72.92000,Phillips 1983,
Apoecilus,,cynicus,"Say, 1831","USA: Connecticut, Yale Bird",41.78000,-73.45000,Phillips 1983,
Apoecilus,,cynicus,"Say, 1831","USA: Connecticut, Tolland",41.85000,-72.33000,Phillips 1983,
Apoecilus,,cynicus,"Say, 1831","USA: Connecticut, Mansfield",41.76000,-72.19000,Phillips 1983,
Apoecilus,,cynicus,"Say, 1831","USA: Connecticut, Storrs",41.80000,-72.24000,Phillips 1983,
Apoecilus,,cynicus,"Say, 1831","USA: Florida, Alachua",29.67000,-82.35000,Phillips 1983,
Apoecilus,,cynicus,"Say, 1831","USA: Florida, Dixie",29.58000,-83.18000,Phillips 1983,
Apoecilus,,cynicus,"Say, 1831","USA: Florida, Liberty",30.24000,-84.88000,Phillips 1983,
Apoecilus,,cynicus,"Say, 1831","USA: Georgia, Houston",32.45000,-83.66000,Phillips 1983,
Apoecilus,,cynicus,"Say, 1831","USA; Georgia, Liberty",31.80000,-81.45000,Phillips 1983,
Apoecilus,,cynicus,"Say, 1831","USA: Georgia, Union",34.83000,-83.99000,Phillips 1983,
Apoecilus,,cynicus,"Say, 1831","USA: Illinois, Champaign",40.11000,-88.24000,Phillips 1983,
Apoecilus,,cynicus,"Say, 1831","USA: Illinois, Chicago",41.85000,-87.65000,Phillips 1983,
Apoecilus,,cynicus,"Say, 1831","USA: Illinois, Glencoe",42.13000,-87.75000,Phillips 1983,
Apoecilus,,cynicus,"Say, 1831","USA: Illinois, Willow Springs",41.74000,-87.86000,Phillips 1983,
Apoecilus,,cynicus,"Say, 1831","USA: Illinois, Jersey",39.08000,-90.35000,Phillips 1983,
Apoecilus,,cynicus,"Say, 1831","USA: Illinois, Jackson",37.78000,-89.38000,Phillips 1983,
Apoecilus,,cynicus,"Say, 1831","USA: Illinois, Knox",40.93000,-90.21000,Phillips 1983,
Apoecilus,,cynicus,"Say, 1831","USA: Illinois, Lake Forest",42.25000,-87.84000,Phillips 1983,
Apoecilus,,cynicus,"Say, 1831","USA: Illinois, Mercer",41.20000,-90.74000,Phillips 1983,
Apoecilus,,cynicus,"Say, 1831","USA: Illinois, Ogle",42.04000,-89.32000,Phillips 1983,
Apoecilus,,cynicus,"Say, 1831","USA: Illinois, St Clair",38.47000,-89.92000,Phillips 1983,
Apoecilus,,cynicus,"Say, 1831","USA: Illinois, Edgebrook",41.99000,-87.76000,Phillips 1983,
Apoecilus,,cynicus,"Say, 1831","USA: Indiana, Brown",39.19000,-86.22000,Phillips 1983,
Apoecilus,,cynicus,"Say, 1831","USA: Indiana, Clark",38.47000,-85.70000,Phillips 1983,
Apoecilus,,cynicus,"Say, 1831","USA: Indiana, Crawford",38.29000,-86.45000,Phillips 1983,
Apoecilus,,cynicus,"Say, 1831","USA: Indiana, Lawrence",38.84000,-86.48000,Phillips 1983,
Apoecilus,,cynicus,"Say, 1831","USA: Indiana, Putnam",39.66000,-86.84000,Phillips 1983,
Apoecilus,,cynicus,"Say, 1831","USA: Indiana, Tippecanoe",40.38000,-86.89000,Phillips 1983,
Apoecilus,,cynicus,"Say, 1831","USA: Indiana, Hessville",41.59000,-87.46000,Phillips 1983,
Apoecilus,,cynicus,"Say, 1831","USA: Iowa, Boone",42.05000,-93.88000,Phillips 1983,
Apoecilus,,cynicus,"Say, 1831","USA: Iowa, Johnson",41.67000,-91.58000,Phillips 1983,
Apoecilus,,cynicus,"Say, 1831","USA: Iowa, Lee",40.64000,-91.47000,Phillips 1983,
Apoecilus,,cynicus,"Say, 1831","USA: Iowa, Tama",42.07000,-92.53000,Phillips 1983,
Apoecilus,,cynicus,"Say, 1831","USA: Iowa, Wapello",41.03000,-92.40000,Phillips 1983,
Apoecilus,,cynicus,"Say, 1831","USA: Iowa, Ottumwa",41.01000,-92.40000,Phillips 1983,
Apoecilus,,cynicus,"Say, 1831","USA: Iowa, Robinson",42.34000,-91.57000,Phillips 1983,
Apoecilus,,cynicus,"Say, 1831","USA: Kansas, Atchison",39.53000,-95.31000,Phillips 1983,
Apoecilus,,cynicus,"Say, 1831","USA: Kentucky, Fayette",38.04000,-84.45000,Phillips 1983,
Apoecilus,,cynicus,"Say, 1831","USA: Kentucky, Floyd",37.55000,-82.74000,Phillips 1983,
Apoecilus,,cynicus,"Say, 1831","USA: Kentucky, Laurel",37.11000,-84.11000,Phillips 1983,
Apoecilus,,cynicus,"Say, 1831","USA: Kentucky, Trigg",36.80000,-87.87000,Phillips 1983,
Apoecilus,,cynicus,"Say, 1831","USA: Louisiana, Jennings",30.22000,-92.65000,Phillips 1983,
Apoecilus,,cynicus,"Say, 1831","USA: Maine, Lincoln",43.99000,-69.52000,Phillips 1983,
Apoecilus,,cynicus,"Say, 1831","USA: Massachusetts, Dukes",41.38000,-70.69000,Phillips 1983,
Apoecilus,,cynicus,"Say, 1831","USA: Massachusetts, Hampshire",42.34000,-72.66000,Phillips 1983,
Apoecilus,,cynicus,"Say, 1831","USA: Massachusetts, Malden",42.42000,-71.06000,Phillips 1983,
Apoecilus,,cynicus,"Say, 1831","USA: Massachusetts, Tyngsboro",42.67000,-71.42000,Phillips 1983,
Apoecilus,,cynicus,"Say, 1831","USA: Michigan, Alger",46.45000,-86.54000,Phillips 1983,
Apoecilus,,cynicus,"Say, 1831","USA: Michigan, Allegan",42.51000,-85.91000,Phillips 1983,
Apoecilus,,cynicus,"Say, 1831","USA: Michigan, Berrien",41.94000,-86.33000,Phillips 1983,
Apoecilus,,cynicus,"Say, 1831","USA: Michigan, Crawford",44.68000,-84.61000,Phillips 1983,
Apoecilus,,cynicus,"Say, 1831","USA: Michigan, Emmet",45.58000,-84.98000,Phillips 1983,
Apoecilus,,cynicus,"Say, 1831","USA: Michigan, Huron",43.91000,-82.85000,Phillips 1983,
Apoecilus,,cynicus,"Say, 1831",USA: Michigan Ingham,42.59000,-84.37000,Phillips 1983,
Apoecilus,,cynicus,"Say, 1831","USA: Michigan, Isabella",43.64000,-84.84000,Phillips 1983,
Apoecilus,,cynicus,"Say, 1831","USA: Michigan, Lenawee",41.89000,-84.06000,Phillips 1983,
Apoecilus,,cynicus,"Say, 1831","USA: Michigan, Livingston",42.60000,-83.91000,Phillips 1983,
Apoecilus,,cynicus,"Say, 1831","USA: Michigan, Manistee",44.23000,-86.28000,Phillips 1983,
Apoecilus,,cynicus,"Say, 1831","USA: Michigan, Midland",43.61000,-84.24000,Phillips 1983,
Apoecilus,,cynicus,"Say, 1831","USA: Michigan, Oakland",42.63000,-83.29000,Phillips 1983,
Apoecilus,,cynicus,"Say, 1831","USA: Michigan, Oceana",43.68000,-86.31000,Phillips 1983,
Apoecilus,,cynicus,"Say, 1831","USA: Michigan, Oscoda",44.68000,-84.12000,Phillips 1983,
Apoecilus,,cynicus,"Say, 1831","USA: Michigan, Shiawassee",42.95000,-84.14000,Phillips 1983,
Apoecilus,,cynicus,"Say, 1831","USA: Michigan, Manchester",42.15000,-84.03000,Phillips 1983,
Apoecilus,,cynicus,"Say, 1831","USA: Minnesota, Mora",45.75000,-93.29000,Phillips 1983,
Apoecilus,,cynicus,"Say, 1831","USA: Missouri, Boone",38.99000,-92.30000,Phillips 1983,
Apoecilus,,cynicus,"Say, 1831","USA: Missouri, Columbia",38.95000,-92.33000,Phillips 1983,
Apoecilus,,cynicus,"Say, 1831","USA: Missouri, Carter",36.94000,-90.96000,Phillips 1983,
Apoecilus,,cynicus,"Say, 1831","USA: Missouri, Dent",37.60000,-91.50000,Phillips 1983,
Apoecilus,,cynicus,"Say, 1831","USA: Missouri, Lesterville",37.45000,-90.84000,Phillips 1983,
Apoecilus,,cynicus,"Say, 1831","USA: Missouri, Linn",39.87000,-93.10000,Phillips 1983,
Apoecilus,,cynicus,"Say, 1831","USA: Missouri, St Charles",38.78000,-90.48000,Phillips 1983,
Apoecilus,,cynicus,"Say, 1831","USA: Missouri, St Louis",38.62000,-90.19000,Phillips 1983,
Apoecilus,,cynicus,"Say, 1831","USA: Missouri, Shannon",37.15000,-91.40000,Phillips 1983,
Apoecilus,,cynicus,"Say, 1831","USA: Missouri, Texas",29.61000,-95.53000,Phillips 1983,
Apoecilus,,cynicus,"Say, 1831","USA: Missouri, Warren",38.76000,-91.16000,Phillips 1983,
Apoecilus,,cynicus,"Say, 1831","USA: Missouri, Wayne",37.11000,-90.46000,Phillips 1983,
Apoecilus,,cynicus,"Say, 1831","USA: New Hampshire, Coss",44.46000,-71.18000,Phillips 1983,
Apoecilus,,cynicus,"Say, 1831","USA: New Jersey, Bergen",40.88000,-74.04000,Phillips 1983,
Apoecilus,,cynicus,"Say, 1831","USA: New Jersey, Morris",40.79000,-74.48000,Phillips 1983,
Apoecilus,,cynicus,"Say, 1831","USA: New Jersey, Ocean",39.95000,-74.19000,Phillips 1983,
Apoecilus,,cynicus,"Say, 1831","USA: New Jersey, Ship Bottom",39.64000,-74.18000,Phillips 1983,
Apoecilus,,cynicus,"Say, 1831","USA: New Jersey, Union",40.77000,-74.02000,Phillips 1983,
Apoecilus,,cynicus,"Say, 1831","USA: New Jersey, Ramapo",41.03000,-74.25000,Phillips 1983,
Apoecilus,,cynicus,"Say, 1831","USA: New Mexico, Lincoln",33.74000,-105.45000,Phillips 1983,
Apoecilus,,cynicus,"Say, 1831","USA: New Mexico, Santa Fe",35.68000,-105.93000,Phillips 1983,
Apoecilus,,cynicus,"Say, 1831","USA: New York, Cattaraugus",42.24000,-78.67000,Phillips 1983,
Apoecilus,,cynicus,"Say, 1831","USA: New York, Gowanda",42.46000,-78.93000,Phillips 1983,
Apoecilus,,cynicus,"Say, 1831","USA: New York, Columbia",42.25000,-73.63000,Phillips 1983,
Apoecilus,,cynicus,"Say, 1831","USA: New York, New Baltimore",42.44000,-73.78000,Phillips 1983,
Apoecilus,,cynicus,"Say, 1831","USA: New York, Malone",44.84000,-74.29000,Phillips 1983,
Apoecilus,,cynicus,"Say, 1831","USA: New York, Erie",42.88000,-78.87000,Phillips 1983,
Apoecilus,,cynicus,"Say, 1831","USA: New York, Lancaster",42.90000,-78.67000,Phillips 1983,
Apoecilus,,cynicus,"Say, 1831","USA: New York, Jefferson",43.99000,-76.05000,Phillips 1983,
Apoecilus,,cynicus,"Say, 1831","USA: New York, Ontario",42.85000,-77.29000,Phillips 1983,
Apoecilus,,cynicus,"Say, 1831","USA: New York, Orange",41.40000,-74.30000,Phillips 1983,
Apoecilus,,cynicus,"Say, 1831","USA: New York, Putnam",41.42000,-73.74000,Phillips 1983,
Apoecilus,,cynicus,"Say, 1831","USA: New York, Queens",40.68000,-73.83000,Phillips 1983,
Apoecilus,,cynicus,"Say, 1831","USA: New York, Sullivan",41.71000,-74.76000,Phillips 1983,
Apoecilus,,cynicus,"Say, 1831","USA: New York, Wayne",43.06000,-76.97000,Phillips 1983,
Apoecilus,,cynicus,"Say, 1831","USA: North Carolina, Valley of Black ",35.57000,-81.70000,Phillips 1983,
Apoecilus,,cynicus,"Say, 1831","USA: North Dakota, Hettinger",46.43000,-102.46000,Phillips 1983,
Apoecilus,,cynicus,"Say, 1831","USA: Ohio, Delaware",40.29000,-83.06000,Phillips 1983,
Apoecilus,,cynicus,"Say, 1831","USA: Ohio, Hancock",41.00000,-83.66000,Phillips 1983,
Apoecilus,,cynicus,"Say, 1831","USA: Ohio, Hardin",40.66000,-83.65000,Phillips 1983,
Apoecilus,,cynicus,"Say, 1831","USA: Ohio, Mercer",40.54000,-84.62000,Phillips 1983,
Apoecilus,,cynicus,"Say, 1831","USA: Ohio, Paulding",41.11000,-84.58000,Phillips 1983,
Apoecilus,,cynicus,"Say, 1831","USA: Ohio, Scioto",38.80000,-82.99000,Phillips 1983,
Apoecilus,,cynicus,"Say, 1831","USA: Ohio, Vinton",39.25000,-82.48000,Phillips 1983,
Apoecilus,,cynicus,"Say, 1831","USA: Oklahoma, Bryan",33.96000,-96.25000,Phillips 1983,
Apoecilus,,cynicus,"Say, 1831","USA: Oklahoma, CLEV",35.20000,-97.32000,Phillips 1983,
Apoecilus,,cynicus,"Say, 1831","USA: Oklahoma, Garvin",34.70000,-97.30000,Phillips 1983,
Apoecilus,,cynicus,"Say, 1831","USA: Oklahoma, Payne",36.07000,-96.97000,Phillips 1983,
Apoecilus,,cynicus,"Say, 1831","USA: Oklahoma, Seminole",35.16000,-96.61000,Phillips 1983,
Apoecilus,,cynicus,"Say, 1831","USA: Pennsylvania, Allegheny",40.46000,-79.98000,Phillips 1983,
Apoecilus,,cynicus,"Say, 1831","USA: Pennsylvania, Bedford",40.00000,-78.49000,Phillips 1983,
Apoecilus,,cynicus,"Say, 1831","USA: Pennsylvania, Washington",40.17000,-80.24000,Phillips 1983,
Apoecilus,,cynicus,"Say, 1831","USA: Pennsylvania, Penn",40.32000,-79.64000,Phillips 1983,
Apoecilus,,cynicus,"Say, 1831","USA: South Carolina, Greenville",34.85000,-82.39000,Phillips 1983,
Apoecilus,,cynicus,"Say, 1831","USA: South Dakota, Brookings",44.36000,-96.79000,Phillips 1983,
Apoecilus,,cynicus,"Say, 1831","USA: Tennessee, Stewart",36.50000,-87.83000,Phillips 1983,
Apoecilus,,cynicus,"Say, 1831","USA: Texas, Brazos",30.66000,-96.30000,Phillips 1983,
Apoecilus,,cynicus,"Say, 1831","USA: Texas, Dallas",32.78000,-96.80000,Phillips 1983,
Apoecilus,,cynicus,"Say, 1831","USA: Texas, Gillespie",30.31000,-98.94000,Phillips 1983,
Apoecilus,,cynicus,"Say, 1831","USA: Texas, Mills",31.49000,-98.59000,Phillips 1983,
Apoecilus,,cynicus,"Say, 1831","USA: Texas, San Saba",31.15000,-98.81000,Phillips 1983,
Apoecilus,,cynicus,"Say, 1831","USA: West Virginia, Pocahontas",38.33000,-80.00000,Phillips 1983,
Apoecilus,,cynicus,"Say, 1831","USA: Wisconsin, Bayfield",46.63000,-91.18000,Phillips 1983,
Apoecilus,,cynicus,"Say, 1831","USA: Wisconsin, Clark",44.73000,-90.61000,Phillips 1983,
Apoecilus,,cynicus,"Say, 1831","USA: Wisconsin, Dane",43.06000,-89.41000,Phillips 1983,
Apoecilus,,cynicus,"Say, 1831","USA: Wisconsin, Polk",45.46000,-92.44000,Phillips 1983,
Apoecilus,,cynicus,"Say, 1831","USA: Wisconsin, Shawano",44.78000,-88.76000,Phillips 1983,
Apoecilus,,cynicus,"Say, 1831","USA: Wisconsin, Waupaca",44.47000,-88.96000,Phillips 1983,
Apoecilus,,cynicus,"Say, 1831","USA: New York, Bear Mountain",41.31350,-74.00700,AMNH,
Apoecilus,,cynicus,"Say, 1831","USA: New York, Suffolk County, Long Beach. ",40.58860,-73.66040,AMNH,
Apoecilus,,cynicus,"Say, 1831","USA: Nebraska, Brown County, Long Pine.",42.53000,-99.69000,AMNH,
Apoecilus,,cynicus,"Say, 1831","USA: Minnesota, Ramsey County. ",44.99000,-93.06000,UMSP,
Apoecilus,,cynicus,"Say, 1831","USA: Minnesota, Ramsey County. Powder plant woods.",44.99000,-93.06000,UMSP,
Apoecilus,,cynicus,"Say, 1831","USA: Wisconsin, Milwaukee County. ",43.03000,-87.90000,MCPM,
Apoecilus,,cynicus,"Say, 1831","USA: Wisconsin, Milwaukee County. ",43.03000,-87.90000,MCPM,
Apoecilus,,cynicus,"Say, 1831","USA: Wisconsin, Milwaukee County. ",43.03000,-87.90000,MCPM,
Apoecilus,,cynicus,"Say, 1831","USA: Wisconsin, Milwaukee County. ",43.03000,-87.90000,MCPM,
Apoecilus,,cynicus,"Say, 1831","USA: Louisiana, St. Landry Parish, Thistlethwaite State Wildlife Management Area.",30.66000,-91.99000,DARC,
Apoecilus,,cynicus,"Say, 1831","USA: Louisiana, St. Landry Parish, Thistlethwaite State Wildlife Management Area.",30.66000,-91.99000,DARC,
Apoecilus,,cynicus,"Say, 1831","USA: Pennsylvania, Wilmerding.",40.39000,-79.81000,CLEV,
Apoecilus,,cynicus,"Say, 1831","USA: Illinois, Mercer County, Keithsburg. ",41.09000,-90.94000,INHS,
Apoecilus,,cynicus,"Say, 1831","USA: Michigan, Muskegon County, Owasippe Scout Reservation, near Whitehall. On oak-tree. ",43.41000,-86.34000,INHS,
Apoecilus,,cynicus,"Say, 1831","USA: New Jersey, Ocean County, Long Beach Island. (Holgate Unik. Of B.N.W.R.) ",40.78000,-73.13000,INHS,
Apoecilus,,cynicus,"Say, 1831","USA: Virginia, Dickenson County, Breaks Interstate Park.",37.28000,-82.29000,VMNH,
Apoecilus,,cynicus,"Say, 1831","USA: Virginia, Craig County, Wildlife Road. (FS 224)",37.42000,-80.10000,VMNH,
Apoecilus,,cynicus,"Say, 1831","USA: Virginia, Dickenson County, Breaks Interstate Park. ",37.28000,-82.29000,VMNH,
Apoecilus,,cynicus,"Say, 1831","USA: Virginia, Bedford County, Blue Ridge Mountains, Peaks of Otter. (Shop top Peaks of Otter)",37.43000,-79.60000,VMNH,
Apoecilus,,cynicus,"Say, 1831","USA: Virginia, Dickenson County, Breaks Interstate Park. ",37.28000,-82.29000,VMNH,
Apoecilus,,cynicus,"Say, 1831","USA: Virginia, Dickenson County, Breaks Interstate Park. ",37.28000,-82.29000,VMNH,
Apoecilus,,cynicus,"Say, 1831","USA: Virginia, Augusta County, Maple Flats Pond. (Maple Flats Oak Pond) ",37.97000,-78.99000,VMNH,
Apoecilus,,cynicus,"Say, 1831","USA: Virginia, Dickenson County, Breaks Interstate Park. ",37.28000,-82.29000,VMNH,
Apoecilus,,cynicus,"Say, 1831","USA: Virginia, Craig County, Wildlife Road. (FS 224)",37.42000,-80.10000,VMNH,
Apoecilus,,cynicus,"Say, 1831","USA: Texas, Brazos County, College Station. ",30.62000,-96.33000,FSCA,
Apoecilus,,cynicus,"Say, 1831","USA: Texas, Brazos County, College Station",30.62000,-96.33000,FSCA,
Apoecilus,,cynicus,"Say, 1831","USA: Texas, Brazos County, College Station.",30.62000,-96.33000,FSCA,
Apoecilus,,cynicus,"Say, 1831","USA: Texas, Hardin County, Big Thicket National Preserve. ",30.53000,-94.34000,FSCA,
Apoecilus,,invarius,"Walker, 1867",MEXICO: Oaxaca,17.00000,-96.50000,Ortega León 1997,
Apoecilus,,invarius,"Walker, 1867","MEXICO: Chihuahua, San Juanito",27.97000,-107.60000,Ortega León 1997,
Arma,,custos,"Fabricius, 1794",CHINA: Beijing,39.90000,116.39000,Rider & Zheng 2002,
Arma,,custos,"Fabricius, 1794",CHINA: Gansu,37.75000,102.75000,Rider & Zheng 2002,
Arma,,custos,"Fabricius, 1794",CHINA: Guizhou,27.00000,107.00000,Rider & Zheng 2002,
Arma,,custos,"Fabricius, 1794",CHINA: Hebei,39.00000,115.66000,Rider & Zheng 2002,
Arma,,custos,"Fabricius, 1794",CHINA: Hubei,31.00000,112.25000,Rider & Zheng 2002,
Arma,,custos,"Fabricius, 1794",CHINA: Hunan,27.66000,111.75000,Rider & Zheng 2002,
Arma,,custos,"Fabricius, 1794",CHINA: Jiangsu,33.00000,119.83000,Rider & Zheng 2002,
Arma,,custos,"Fabricius, 1794",CHINA: Jiangxi,27.66000,115.66000,Rider & Zheng 2002,
Arma,,custos,"Fabricius, 1794",CHINA: Jilin,43.58000,126.16000,Rider & Zheng 2002,
Arma,,custos,"Fabricius, 1794",CHINA: Liaoning,41.25000,122.66000,Rider & Zheng 2002,
Arma,,custos,"Fabricius, 1794",CHINA: Nei Monggol,43.50000,114.75000,Rider & Zheng 2002,
Arma,,custos,"Fabricius, 1794",CHINA: Shaanxi,36.00000,109.00000,Rider & Zheng 2002,
Arma,,custos,"Fabricius, 1794",CHINA: Shandong,36.33000,118.25000,Rider & Zheng 2002,
Arma,,custos,"Fabricius, 1794",CHINA: Shanxi,37.66000,112.25000,Rider & Zheng 2002,
Arma,,custos,"Fabricius, 1794",CHINA: Sichuan,30.50000,102.66000,Rider & Zheng 2002,
Arma,,custos,"Fabricius, 1794",CHINA: Xinjiang,41.50000,85.50000,Rider & Zheng 2002,
Arma,,custos,"Fabricius, 1794",CHINA: Yunnan,25.00000,101.50000,Rider & Zheng 2002,
Arma,,custos,"Fabricius, 1794",CHINA: Zhejiang,29.16000,120.00000,Rider & Zheng 2002,
Arma,,custos,"Fabricius, 1794","RUSSIA: Tyumen Oblast, Vinogradovka",56.87000,70.39000,Gapon & Konstantinov 2006,
Arma,,custos,"Fabricius, 1794",AZERBAIJAN: Geok Tapa,39.16000,48.80000,Kerzhner 2005,
Arma,,custos,"Fabricius, 1794",TURKEY: Manisa,38.63000,27.41000,Lodos & Onder 1983,
Arma,,custos,"Fabricius, 1794",TURKEY: Luleburgaz,41.40000,27.35000,Lodos & Onder 1983,
Arma,,custos,"Fabricius, 1794",TURKEY: Unie,41.13000,37.28000,Lodos & Onder 1983,
Arma,,custos,"Fabricius, 1794","IRAN: Guilan, Nazok Sara",37.32000,49.93000,Mohaghegh 2008,
Arma,,custos,"Fabricius, 1794","IRAN: Gilan, Lasht-e Nesha",37.36000,49.86000,Mohaghegh 2008,
Arma,,custos,"Fabricius, 1794","SPAIN: Cataluña, Barcelona",41.38000,2.15000,Tanco 2018,
Arma,,custos,"Fabricius, 1794","SPAIN: Madrid, Madrid",40.41000,-3.70000,Tanco 2018,
Arma,,custos,"Fabricius, 1794",SPAIN: Andalucia,37.50000,-4.50000,Tanco 2018,
Arma,,custos,"Fabricius, 1794",SPAIN: Cantabria,43.20000,-4.03000,Tanco 2018,
Arma,,custos,"Fabricius, 1794",SPAIN: Castilla y Leon,41.66000,-4.25000,Tanco 2018,
Arma,,custos,"Fabricius, 1794",SPAIN: Gerona,41.98000,2.82000,Tanco 2018,
Arma,,custos,"Fabricius, 1794",SPAIN: Tarragona,41.11000,1.25000,Tanco 2018,
Arma,,custos,"Fabricius, 1794",SPAIN: Extremadura,39.16000,-6.16000,Tanco 2018,
Arma,,custos,"Fabricius, 1794","SPAIN: Galicia, Lugo",43.00000,-7.50000,Tanco 2018,
Arma,,custos,"Fabricius, 1794",SPAIN: Orense,42.16000,-7.50000,Tanco 2018,
Arma,,custos,"Fabricius, 1794",SPAIN: Principado de Asturias,43.33000,-6.00000,Tanco 2018,
Arma,,custos,"Fabricius, 1794",PORTUGAL: Coimbra,40.19000,-8.30000,Tanco 2018,
Arma,,custos,"Fabricius, 1794",PORTUGAL: Guarda,40.64000,-7.21000,Tanco 2018,
Arma,,custos,"Fabricius, 1794",PORTUGAL: Leiria,39.74000,-8.80000,Tanco 2018,
Arma,,custos,"Fabricius, 1794",PORTUGAL: Porto,41.22000,-8.32000,Tanco 2018,
Arma,,custos,"Fabricius, 1794",PORTUGAL: Vila Real,41.54000,-7.59000,Tanco 2018,
Arma,,custos,"Fabricius, 1794",PORTUGAL: Viseu,40.82000,-7.79000,Tanco 2018,
Arma,,custos,"Fabricius, 1794",RUSSIA: Krasnodar,45.04000,38.97000,Shestakov 2008,
Arma,,custos,"Fabricius, 1794","CHINA: Hebei, Langfang",39.50000,116.69000,Pan et al. 2019,
Arma,,custos,"Fabricius, 1794",CHINA: Jilin,43.58000,126.16000,Zhang et al. 2014,
Arma,,custos,"Fabricius, 1794",CHINA: Xinjiang,41.50000,85.50000,Zhao et al. 2018a,
Arma,,custos,"Fabricius, 1794","CHINA: Xinjiang, Shuimogou",43.84000,87.64000,Zhao et al. 2018a,
Arma,,custos,"Fabricius, 1794","CHINA: Shandong, Zhengwang",35.17000,118.60000,Zhao et al. 2018a,
Arma,,custos,"Fabricius, 1794","CHINA: Yunnan, Lijiang",26.86000,100.22000,Zhao et al. 2018a,
Arma,,custos,"Fabricius, 1794","CHINA: Shanxi, Luya Shan",37.66000,111.75000,Zhao et al. 2018a,
Arma,,custos,"Fabricius, 1794",CHINA: Tianjin,39.14000,117.17000,Zhao et al. 2018a,
Arma,,custos,"Fabricius, 1794","CHINA: Liaoning, Qianshan",41.06000,122.95000,Zhao et al. 2018a,
Arma,,custos,"Fabricius, 1794","CHINA: Zhejiang, Baxian Jian",28.86000,119.62000,Zhao et al. 2018a,
Arma,,custos,"Fabricius, 1794",CHINA: Tianmu Shan,30.49000,119.61000,Zhao et al. 2018a,
Arma,,custos,"Fabricius, 1794","CHINA: Jilin, Songyuan",42.12000,124.82000,Zhang et al. 2014,
Arma,,custos,"Fabricius, 1794",CHINA: Heilongjiang,47.75000,128.00000,Rider & Zheng 2002,
Arma,,custos,"Fabricius, 1794",CHINA: Xinjiang,41.50000,85.50000,Rider & Zheng 2002,
Arma,,custos,"Fabricius, 1794","CHINA: Beijing. 1932-VII. G.Liu. (Peiping, Hopei, China)",39.90000,116.40000,AMNH,
Arma,,custos,"Fabricius, 1794","CHINA: Beijing. 1932-VII. G.Liu. (Peiping, Hopei, China)",39.90000,116.40000,AMNH,
Arma,,custos,"Fabricius, 1794","CHINA: Beijing. 1932-VII. G.Liu. (Peiping, Hopei, China)",39.90000,116.40000,AMNH,
Arma,,custos,"Fabricius, 1794","CHINA: Beijing. 1932-VII. G.Liu. (Peiping, Hopei, China)",39.90000,116.40000,AMNH,
Arma,,custos,"Fabricius, 1794","RUSSIA: Distrito Federal Oriental, Krai do Litoral prov., Vladivostok (RUSSIA: Sedanka, Vladivostok)",43.17000,132.00000,NHRS,
Arma,,custos,"Fabricius, 1794","RUSSIA: Siberia, Irkutsk Oblast, Irkutsk.",52.28000,104.30000,NHRS,
Arma,,custos,"Fabricius, 1794",HUNGARY: Det. Charles Sejo. Budapest,47.48120,19.13030,UMSP,
Arma,,custos,"Fabricius, 1794","SWITZERLAND: Canton of Vaud, Saint-Prex. Coll. A. Forel.",46.48000,6.45000,MZLS,
Arma,,custos,"Fabricius, 1794",SWITZERLAND: Canton of Valais. (Suisse-Valais) Coll. N. Cerutti.,46.19000,7.54000,MZLS,
Arma,,custos,"Fabricius, 1794",SWITZERLAND: Canton of Valais. (Suisse-Valais) Coll. N. Cerutti.,46.19000,7.54000,MZLS,
Arma,,custos,"Fabricius, 1794","SWITZERLAND: Canton of Valais, Sion. (Suisse-Valais Siou 13 V 47) J. Aubert",46.23000,7.36000,MZLS,
Arma,,custos,"Fabricius, 1794",SLOVAKIA: leg Korvát,48.66000,19.69000,NMPC,
Arma,,custos,"Fabricius, 1794",SLOVAKIA: leg Korvát,48.66000,19.69000,NMPC,
Arma,,custos,"Fabricius, 1794",SLOVAKIA: leg Korvát,48.66000,19.69000,NMPC,
Arma,,custos,"Fabricius, 1794",SLOVAKIA: leg Korvát,48.66000,19.69000,NMPC,
Arma,,custos,"Fabricius, 1794","CZECH REPUBLIC: Bohemia, Prague, Praha-Suchdol",50.13000,14.37000,DARC,
Arma,,custos,"Fabricius, 1794","CZECH REPUBLIC: Bohemia, Prague, Praha-Suchdol",50.13000,14.37000,DARC,
Arma,,custos,"Fabricius, 1794","GERMANY: Dübener Heide Nature Park, Zadlitzbruch",51.69000,12.58000,EMG,
Arma,,custos,"Fabricius, 1794","GERMANY: Renânia-Palatinado, Brodenbach",50.22000,7.44000,ZFMK,
Arma,,custos,"Fabricius, 1794","GERMANY: Renânia do Norte-Vestfália, Bonn, Duisdorf",50.71000,7.09000,ZFMK,
Arma,,custos,"Fabricius, 1794","GERMANY: Baixa Saxônia, Hanôver, Kakenstorr",52.37000,9.72000,ZFMK,
Arma,,custos,"Fabricius, 1794","GERMANY: Baixa Saxônia, Hanôver, Kakenstorr",52.37000,9.72000,ZFMK,
Arma,,custos,"Fabricius, 1794","GERMANY: Baixa Saxônia, Hanôver, Kakenstorr",52.37000,9.72000,ZFMK,
Arma,,custos,"Fabricius, 1794","GERMANY: Bade-Vurtemberga, Heidelberg",49.40000,8.67000,ZFMK,
Arma,,custos,"Fabricius, 1794","GERMANY: Thüringen, Nahetal-Waldau",50.51000,10.79000,ZFMK,
Arma,,custos,"Fabricius, 1794","GERMANY: Saxônia, Venusberg",50.69000,13.01000,ZFMK,
Arma,,custos,"Fabricius, 1794","GERMANY: Turgóvia, Bodensee, Jordans Mettnau",47.72000,8.99000,ZFMK,
Arma,,custos,"Fabricius, 1794","POLÔNIA: Czarnków, 1908",52.90000,16.56000,ZFMK,
Arma,,custos,"Fabricius, 1794","POLÔNIA: Czarnków, 1908",52.90000,16.56000,ZFMK,
Arma,,custos,"Fabricius, 1794","POLÔNIA: Czarnków, 1908",52.90000,16.56000,ZFMK,
Arma,,custos,"Fabricius, 1794","GERMANY: Renânia do Norte-Vestfália, Schavener Heide Park, Eifel",50.61000,6.68000,ZFMK,
Arma,,custos,"Fabricius, 1794",FRANCE: 13 B. du Rhône Ste Maries-de-la-Mer,43.45000,4.42000,RBINS,
Arma,,custos,"Fabricius, 1794","FRANCE: 07 Ardèche, Bourg-St. Andeol",44.37000,4.62000,RBINS,
Arma,,custos,"Fabricius, 1794",FRANCE: 49 Maine-et-Loire,47.38000,-0.49000,RBINS,
Arma,,custos,"Fabricius, 1794","FRANCE: 79 Deux- Sèvres, Niort",46.32000,-0.45000,RBINS,
Arma,,custos,"Fabricius, 1794","FRANCE: 79 Deux- Sèvres, Niort",46.32000,-0.45000,RBINS,
Arma,,custos,"Fabricius, 1794",CHINA: Kouy-Tchéoum P.P. Cavalerie.,26.83330,106.83330,MNHN,
Arma,,custos,"Fabricius, 1794","FRANCE: 79 Deux- Sèvres, Niort ",46.32000,-0.45000,RBINS,
Arma,,ferruginea,"Hsiao & Cheng, 1977",CHINA: Guizhou,27.00000,107.00000,Rider & Zheng 2002,
Arma,,ferruginea,"Hsiao & Cheng, 1977",CHINA: Hubei,31.00000,112.25000,Rider & Zheng 2002,
Arma,,ferruginea,"Hsiao & Cheng, 1977",CHINA: Sichuan,30.50000,102.66000,Rider & Zheng 2002,
Arma,,ferruginea,"Hsiao & Cheng, 1977",CHINA: Xizang,31.66000,88.00000,Rider & Zheng 2002,
Arma,,ferruginea,"Hsiao & Cheng, 1977",CHINA: Yunnan,25.00000,101.50000,Rider & Zheng 2002,
Arma,,insperata,"Horváth, 1889","TURKEY: Bilecik, Pazaryeri Ilçesi",40.04000,29.92000,Lodos & Onder 1983,
Arma,,insperata,"Horváth, 1889",TURKEY: Odemis,38.22000,27.96000,Lodos & Onder 1983,
Arma,,insperata,"Horváth, 1889",TURKEY: Zonguldak,41.45000,31.79000,Lodos & Onder 1983,
Arma,,koreana,"Josifov & Kerzhner, 1978",NORTH KOREA: Pyongyang,39.03000,125.75000,Jung et al. 2015,
Arma,,koreana,"Josifov & Kerzhner, 1978",NORTH KOREA: Kumgang-gun,38.59000,128.03000,Jung et al. 2015,
Arma,,koreana,"Josifov & Kerzhner, 1978",NORTH KOREA: Kaesong,37.97000,126.55000,Jung et al. 2015,
Arma,,koreana,"Josifov & Kerzhner, 1978",NORTH KOREA: Kijong-dong,37.93000,126.63000,Jung et al. 2015,
Arma,,koreana,"Josifov & Kerzhner, 1978",CHINA:  Guizhou,27.00000,107.00000,Rider & Zheng 2002,
Arma,,koreana,"Josifov & Kerzhner, 1978",CHINA: Liaoning,41.25000,122.66000,Rider & Zheng 2002,
Arma,,koreana,"Josifov & Kerzhner, 1978","NORTH KOREA: Tesong-son, Phjongjang",39.04000,125.77000,EMG,
Arma,,maculata,"Zheng, 1980",CHINA: Sichuan,30.50000,102.66000,Rider & Zheng 2002,
Arma,,maculata,"Zheng, 1980",CHINA: Yunnan,25.00000,101.50000,Rider & Zheng 2002,
Arma,,tubercula,"Yang, 1935",CHINA: Hubei,31.00000,112.25000,Rider & Zheng 2002,
Arma,,tubercula,"Yang, 1935",CHINA: Sichuan,30.50000,102.66000,Rider & Zheng 2002,
Arma,,tubercula,"Yang, 1935",CHINA: Yunnan,25.00000,101.50000,Rider & Zheng 2002,
Arma,,velata,"Walker, 1868",INDIA,22.00000,79.00000,Thomas 1994,
Australojalla,,versicolor,"Distant, 1911","AUSTRALIA: Queensland, Kuranda ",-16.81,145.63,Roell et al 2023,
Blachia,,ducalis,"Walker, 1867","INDIA: Khasi, Nongstoin",25.51000,91.26000,Azim 2011,
Blachia,,ducalis,"Walker, 1867",CHINA: Yunnan,25.00000,101.50000,Rider & Zheng 2002,
Blachia,,ducalis,"Walker, 1867","INDONESIA:Arjuno, Java, Malay Archipelago, W. Doherty 1903",-7.72000,112.59000,NHMUK,
Blachia,,ducalis,"Walker, 1867",INDIA: Sikkim,27.75000,88.50000,Roell et al 2023,
Blachia,,ducalis,"Walker, 1867",INDIA: Nagaland,26.08333,94.50000,Pal et al 2023,
Brontocoris,,nigrolimbatus,"Spinola, 1852",CHILE: Osorno,-40.57000,-73.13000,Dellape et al 2003,
Brontocoris,,nigrolimbatus,"Spinola, 1852","PARAGUAY, Vila Rica",-25.77000,-56.45000,UFRG,
Brontocoris,,tabidus,"Signoret, 1863","ARGENTINA:  Buenos Aires, Flores",-34.62000,-58.46000,Dellape et al 2003,
Brontocoris,,tabidus,"Signoret, 1863","ARGENTINA:  Buenos Aires, Palermo",-34.57000,-58.42000,Dellape et al 2003,
Brontocoris,,tabidus,"Signoret, 1863","ARGENTINA:  Chubut, Trelew",-43.24000,-65.30000,Dellape et al 2003,
Brontocoris,,tabidus,"Signoret, 1863","ARGENTINA:  Mendoza, Luján de Cuyo",-33.00000,-69.33000,Dellape et al 2003,
Brontocoris,,tabidus,"Signoret, 1863","ARGENTINA:  Misiones, El Dorado",-26.40000,-54.58000,Dellape et al 2003,
Brontocoris,,tabidus,"Signoret, 1863",ARGENTINA:  Santiago del Estero,-27.79000,-64.26000,Dellape et al 2003,
Brontocoris,,tabidus,"Signoret, 1863","PARAGUAY:  San Pedro, Rosario",-24.56000,-57.07000,Dellape et al 2003,
Brontocoris,,tabidus,"Signoret, 1863","ARGENTINA:  Misiones, Iguazú National Park",-25.70000,-54.24000,Melo et al 2017,
Brontocoris,,tabidus,"Signoret, 1863","BRAZIL: Minas Gerais, Montes Claros",-16.72000,-43.85000,Jusselino-Filho et al 2003,
Brontocoris,,tabidus,"Signoret, 1863","BRAZIL: Rio Grande do Sul, São Sepé",-30.15000,-53.60000,Magistralli et al 2014,
Brontocoris,,tabidus,"Signoret, 1863","ARGENTINA:  Misiones, Garuhape-Mi",-26.85000,-54.88000,McKay et al 2019,
Brontocoris,,tabidus,"Signoret, 1863","ARGENTINA:  Misiones, Oberá",-27.55000,-55.08000,McKay et al 2019,
Brontocoris,,tabidus,"Signoret, 1863","BRAZIL: Rio Grande do Sul, Porto Alegre",-30.03000,-51.21000,McKay et al 2019,
Brontocoris,,tabidus,"Signoret, 1863","BRAZIL: Minas Gerais, Diamantina",-17.97000,-43.60000,Menezes et al 2013,
Brontocoris,,tabidus,"Signoret, 1863","BRAZIL: Minas Gerais, Caoté",-19.87000,-43.65000,Zanuncio et al 2009,
Brontocoris,,tabidus,"Signoret, 1863","BRAZIL: Minas Gerais, João Pinheiro",-17.74000,-46.17000,UFRG,
Brontocoris,,tabidus,"Signoret, 1863","BRAZIL: Santa Catarina, Chapecó, Estação Experimental de Chapecó (EMPASC)",-27.10000,-52.61000,UFRG,
Brontocoris,,tabidus,"Signoret, 1863","BRAZIL: Minas Gerais, João Pinheiro",-17.74000,-46.17000,UFRG,
Brontocoris,,tabidus,"Signoret, 1863","BRAZIL: Minas Gerais, João Pinheiro",-17.74000,-46.17000,UFRG,
Brontocoris,,tabidus,"Signoret, 1863","BRAZIL: Ceará, Pacajus, Campo Experimental de Pacajus - EMBRAPA-CNPCa",-4.18000,-38.50000,UFRG,
Brontocoris,,tabidus,"Signoret, 1863","BRAZIL: Rio Grande do Sul, Santa Maria",-29.68000,-53.81000,UFRG,
Brontocoris,,tabidus,"Signoret, 1863","BRAZIL: Rio Grande do Sul, Porto Alegre",-30.03000,-51.21000,UFRG,
Brontocoris,,tabidus,"Signoret, 1863","BRAZIL: Ceará, Fortaleza. 1991-IV-04. A.E. Rolim. Predador de larvas de C. cruralis - cajueiro.",-3.73000,-38.52000,UFRG,
Brontocoris,,tabidus,"Signoret, 1863","BRAZIL: São Paulo, Itatinga",-23.10000,-48.61000,UFRG,
Brontocoris,,tabidus,"Signoret, 1863","BRAZIL: São Paulo, Itatinga",-23.10000,-48.61000,UFRG,
Brontocoris,,tabidus,"Signoret, 1863","BRAZIL: Rio Grande do Sul, Santa Maria",-29.68000,-53.81000,UFRG,
Brontocoris,,tabidus,"Signoret, 1863","BRAZIL: Rio Grande do Sul, Santa Maria",-29.68000,-53.81000,UFRG,
Brontocoris,,tabidus,"Signoret, 1863","BRAZIL: Rio Grande do Sul, General Camará",-29.90000,-51.76000,UFRG,
Brontocoris,,tabidus,"Signoret, 1863","BRAZIL: Minas Gerais, João Pinheiro",-17.74000,-46.17000,UFRG,
Brontocoris,,tabidus,"Signoret, 1863","BRAZIL: Rio Grande do Sul, Pelotas",-31.76000,-52.33000,UFRG,
Brontocoris,,tabidus,"Signoret, 1863","BRAZIL: São Paulo, Itararé, Instituto Florestal Estação Experimental de Itararé. Alt. 1140m - long 45920'W",-24.11000,-49.33000,UFRG,
Brontocoris,,tabidus,"Signoret, 1863","BRAZIL: São Paulo, Itatinga.",-23.10000,-48.61000,UFRG,
Brontocoris,,tabidus,"Signoret, 1863","BRAZIL: São Paulo, Itatinga",-23.10000,-48.61000,UFRG,
Brontocoris,,tabidus,"Signoret, 1863","ARGENTINA:  Corrientes prov., Santo Tomé",-28.55000,-56.04000,UFRG,
Brontocoris,,tabidus,"Signoret, 1863","BRAZIL: São Paulo, Itatinga",-23.10000,-48.61000,UFRG,
Brontocoris,,tabidus,"Signoret, 1863","BRAZIL: São Paulo, Itatinga",-23.10000,-48.61000,UFRG,
Brontocoris,,tabidus,"Signoret, 1863","BRAZIL: São Paulo, Itatinga",-23.10000,-48.61000,UFRG,
Brontocoris,,tabidus,"Signoret, 1863","BRAZIL: São Paulo, Itatinga",-23.10000,-48.61000,UFRG,
Brontocoris,,tabidus,"Signoret, 1863","BRAZIL: Distrito Federal, Taguatinga. (Eucaliptal Proflora III)",-15.81000,-48.06000,UFRG,
Brontocoris,,tabidus,"Signoret, 1863","BRAZIL: São Paulo, Itatinga. ",-23.10000,-48.61000,UFRG,
Brontocoris,,tabidus,"Signoret, 1863","BRAZIL: São Paulo, Itatinga. ",-23.10000,-48.61000,UFRG,
Brontocoris,,tabidus,"Signoret, 1863","BRAZIL: Rio Grande do Sul, Pelotas.",-31.76000,-52.33000,UFRG,
Brontocoris,,tabidus,"Signoret, 1863","BRAZIL: Rio Grande do Sul, Barra do Quaraí.",-30.20000,-57.55000,UFRG,
Brontocoris,,tabidus,"Signoret, 1863","BRAZIL: Rio Grande do Sul, Barra do Quaraí. ",-30.20000,-57.55000,UFRG,
Brontocoris,,tabidus,"Signoret, 1863","BRAZIL: Rio Grande do Sul, Santa Maria",-29.68000,-53.81000,UFRG,
Brontocoris,,tabidus,"Signoret, 1863","BRAZIL: Rio Grande do Sul, Santa Maria.",-29.68000,-53.81000,UFRG,
Brontocoris,,tabidus,"Signoret, 1863","BRAZIL: Rio Grande do Sul, Santa Maria.",-29.68000,-53.81000,UFRG,
Brontocoris,,tabidus,"Signoret, 1863","BRAZIL: Rio Grande do Sul, Rio Pardo",-29.98000,-52.37000,UFRG,
Brontocoris,,tabidus,"Signoret, 1863","BRAZIL: São Paulo, Itatinga. ",-23.10000,-48.61000,UFRG,
Brontocoris,,tabidus,"Signoret, 1863","URUGUAy: Montevideo dept., Montevideo.",-34.90000,-56.16000,UFRG,
Brontocoris,,tabidus,"Signoret, 1863","BRAZIL: Ceará, Fortaleza. ",-3.73000,-38.52000,UFRG,
Brontocoris,,tabidus,"Signoret, 1863","BRAZIL: Ceará, Fortaleza. ",-3.73000,-38.52000,UFRG,
Brontocoris,,tabidus,"Signoret, 1863","BRAZIL: Rio Grande do Sul, São Jerônimo",-29.96000,-51.72000,UFRG,
Brontocoris,,tabidus,"Signoret, 1863","ARGENTINA:  Salta dept., Salta. (Argentina Oraro Salta)",-24.78000,-65.42000,UFRG,
Brontocoris,,tabidus,"Signoret, 1863","BRAZIL: Rio Grande do Sul, Pelotas",-31.76000,-52.33000,UFRG,
Brontocoris,,tabidus,"Signoret, 1863","BRAZIL: Ceará, Fortaleza.",-3.73000,-38.52000,UFRG,
Brontocoris,,tabidus,"Signoret, 1863","BRAZIL: Rio Grande do Sul, Catuípe.",-28.25000,-54.01000,UFRG,
Brontocoris,,tabidus,"Signoret, 1863","BRAZIL: São Paulo, Itatinga. ",-23.10000,-48.61000,UFRG,
Brontocoris,,tabidus,"Signoret, 1863","BRAZIL: São Paulo, Itararé, Instituto Florestal Estação Experimental de Itararé. Alt. 1140m - long 45920'W",-24.11000,-49.33000,UFRG,
Brontocoris,,tabidus,"Signoret, 1863","ARGENTINA:  Corrientes prov., Santo Tomé.",-28.55000,-56.04000,UFRG,
Brontocoris,,tabidus,"Signoret, 1863","BRAZIL: Distrito Federal, Taguatinga.",-15.81000,-48.06000,UFRG,
Brontocoris,,tabidus,"Signoret, 1863","BRAZIL: São Paulo, Itatinga. ",-23.10000,-48.61000,UFRG,
Brontocoris,,tabidus,"Signoret, 1863","BRAZIL: São Paulo, Itatinga.",-23.10000,-48.61000,UFRG,
Brontocoris,,tabidus,"Signoret, 1863","BRAZIL: São Paulo, Itatinga. ",-23.10000,-48.61000,UFRG,
Brontocoris,,tabidus,"Signoret, 1863","BRAZIL: Minas Gerais, João Pinheiro",-17.74000,-46.17000,UFRG,
Brontocoris,,tabidus,"Signoret, 1863","BRAZIL: Ceará, Fortaleza.",-3.73000,-38.52000,UFRG,
Brontocoris,,tabidus,"Signoret, 1863","BRAZIL: Ceará, Fortaleza. ",-3.73000,-38.52000,UFRG,
Brontocoris,,tabidus,"Signoret, 1863","BRAZIL: Ceará, Pacajus, Campo Experimental de Pacajus - EMBRAPA-CNPCa.",-4.18000,-38.50000,UFRG,
Brontocoris,,tabidus,"Signoret, 1863","BRAZIL: São Paulo, Itatinga.",-23.10000,-48.61000,UFRG,
Brontocoris,,tabidus,"Signoret, 1863","BRAZIL: Ceará, Pacajus, Campo Experimental de Pacajus - EMBRAPA-CNPCa.",-4.18000,-38.50000,UFRG,
Brontocoris,,tabidus,"Signoret, 1863","ARGENTINA:  Buenos Aires, Punta Lara",-34.83000,-57.97000,EMG,
Brontocoris,,tabidus,"Signoret, 1863",PARAGUAY: Assunción,-25.26627,-57.57780,SDEI,
Bulbostethus,,chrysopterus,"Herrich-Schäfer, 1844",MICRONESIA: Mariana Is,15.18560,145.75590,Ruckes 1963,
Bulbostethus,,chrysopterus,"Herrich-Schäfer, 1844",MICRONESIA: Guam,13.44743,144.79340,Ruckes 1963,
Bulbostethus,,chrysopterus,"Herrich-Schäfer, 1844",MICRONESIA: Rota,13.45000,144.77000,Ruckes 1963,
Bulbostethus,,chrysopterus,"Herrich-Schäfer, 1844",MICRONESIA: Saipan,15.18350,145.75050,Ruckes 1963,
Bulbostethus,,chrysopterus,"Herrich-Schäfer, 1844",MICRONESIA: Tinian,15.00000,145.63000,Ruckes 1963,
Bulbostethus,,transversalis,"Ruckes, 1963",MICRONESIA: Tinian,15.00000,145.63000,Thomas 1994,
Bulbostethus,,transversalis,"Ruckes, 1963",MICRONESIA: Mariana Is,15.18560,145.75590,Thomas 1994,
Bulbostethus,,transversalis,"Ruckes, 1963",MICRONESIA: Saipan,15.18350,145.75050,Thomas 1994,
Canthecona,,discolor,"Palisot de Beavois, 1811",CAMEROON: Eséka,3.65000,10.76000,Maldès & Pluot-Sigwalt 2004,
Canthecona,,discolor,"Palisot de Beavois, 1811",DEMOCRATIC REPUBLIC OF THE CONGO: Massif du Chaillu,-2.53000,11.16000,Maldès & Pluot-Sigwalt 2004,
Canthecona,,discolor,"Palisot de Beavois, 1811","IVORY COAST: Danané, Cavally",6.56000,-7.92000,Maldès & Pluot-Sigwalt 2004,
Canthecona,,discolor,"Palisot de Beavois, 1811","IVORY COAST: Haut-Sassandra, between Zoanlé and Sanrou",6.66000,-6.50000,Maldès & Pluot-Sigwalt 2004,
Canthecona,,discolor,"Palisot de Beavois, 1811",GUINEA: N'Zébéla,8.08000,-9.10000,Maldès & Pluot-Sigwalt 2004,
Canthecona,,discolor,"Palisot de Beavois, 1811",GUINEA: mont Simandou,9.16000,-9.16000,Maldès & Pluot-Sigwalt 2004,
Canthecona,,discolor,"Palisot de Beavois, 1811",ANGOLA: Zaire,-6.58000,13.51000,Thomas 1994,
Canthecona,,discolor,"Palisot de Beavois, 1811","CAMEROON: Sardi nr., Deng Deng",5.18000,13.52000,NHMUK,
Canthecona,,discolor,"Palisot de Beavois, 1811","CAMEROON: Batouri District, alt. 750m",4.43000,14.36000,NHMUK,
Canthecona,,discolor,"Palisot de Beavois, 1811","UGANDA: Daro or Durro Forest, Toro 4.000-4.500m",0.38260,30.31410,NHMUK,
Canthecona,,discolor,"Palisot de Beavois, 1811",CONGO: Bambesa,3.44000,25.69000,RBINS,
Canthecona,,discolor,"Palisot de Beavois, 1811",CONGO: Bambesa,3.44000,25.69000,RBINS,
Canthecona,,discolor,"Palisot de Beavois, 1811",CONGO: Bambesa,3.44000,25.69000,RBINS,
Canthecona,,discolor,"Palisot de Beavois, 1811",CONGO: Bambesa,3.44000,25.69000,RMCA,
Canthecona,,discolor,"Palisot de Beavois, 1811",CONGO: Bambesa,3.44000,25.69000,RMCA,
Canthecona,,discolor,"Palisot de Beavois, 1811",CONGO: Bambesa,3.44000,25.69000,RMCA,
Canthecona,,discolor,"Palisot de Beavois, 1811",CONGO: Mwena-Kapanga,-7.72000,22.79000,RMCA,
Canthecona,,discolor,"Palisot de Beavois, 1811",CONGO: Bambesa,3.44000,25.69000,RMCA,
Canthecona,,discolor,"Palisot de Beavois, 1811",CONGO: Bambesa,3.44000,25.69000,RMCA,
Cantheconesia,,cyanacantha,"Stål, 1870","FIJI: Central, Naitasiri",-17.71000,178.07,Brugnera et al 2024,
Cantheconesia,,cyanacantha,"Stål, 1870","FIJI: Western, Nadroga / Navosa",-18.20000,177.69,Brugnera et al 2024,
Cantheconesia,,cyanacantha,"Stål, 1870",VANUATU: Lowanatom,-19.50000,169.24,Brugnera et al 2024,
Cantheconesia,,cyanacantha,"Stål, 1870",SAMOA,-13.63290,-172.25330,Thomas 1994,
Cantheconidea,,humeralis,"Distant, 1908",CHINA: Guangxi,24.00000,109.00000,Rider & Zheng 2002,
Cantheconidea,,humeralis,"Distant, 1908",CHINA: Yunnan,25.00000,101.50000,Rider & Zheng 2002,
Cantheconidea,,humeralis,"Distant, 1908",MYANMAR: Tenasserim,13.00000,99.00000,Brugnera et al 2024,
Cantheconidea,,humeralis,"Distant, 1908","LAOS: Nam Ngun, Haut Mékong",18.52,102.54,Brugnera et al 2024,
Cantheconidea,,humeralis,"Distant, 1908","CHINA: Guangxi, Chongzuo",22.44,107.01,Brugnera et al 2024,
Cantheconidea,,humeralis,"Distant, 1908","CHINA: Yannan, Pu’er",22.57,101.87,Brugnera et al 2024,
Cantheconidea,,humeralis,"Distant, 1908","CHINA: Yannan, Xishuangbanna Dai",21.92,101.28,Brugnera et al 2024,
Cantheconidea,,humeralis,"Distant, 1908","CHINA: Yannan, Xishuangbanna Dai",21.97,101.16,Brugnera et al 2024,
Cantheconidea,,humeralis,"Distant, 1908","THAILAND: Chiang Mai, Chiang Dao",19.38,98.84,Brugnera et al 2024,
Cantheconidea,,humeralis,"Distant, 1908","THAILAND: Phetchabun, Khao Kho",16.57,100.89,Brugnera et al 2024,
Cantheconidea,,humeralis,"Distant, 1908","THAILAND: Phetchaburi, Kaeng Krachan",12.80,99.44,Brugnera et al 2024,
Cantheconidea,,humeralis,"Distant, 1908","THAILAND: Nakhon Si Thammarat, Ron Phi Pun",8.24,99.80,Brugnera et al 2024,
Cantheconidea,,javana,"Dallas, 1851",INDIA,22.00000,79.00000,Thomas 1994,
Cantheconidea,,javana,"Dallas, 1851",BURNMA,21.00000,96.00000,Thomas 1994,
Cantheconidea,,javana,"Dallas, 1851",CHINA,35.00000,105.00000,Thomas 1994,
Cantheconidea,,javana,"Dallas, 1851",THAILAND,15.50000,101.00000,Thomas 1994,
Cantheconidea,,javana,"Dallas, 1851","BALI: Malay Archipelago, W. Doherty, 1903-31",-8.33500,115.08806,NHMUK,
Cantheconidea,,javana,"Dallas, 1851",INDONESIA: Java,-7.4900,110.00000,Brugnera et al 2024,
Cantheconidea,,javana,"Dallas, 1851",INDONESIA: Sumatra,0.00000,102.00000,Brugnera et al 2024,
Cantheconidea,,javana,"Dallas, 1851",INDONESIA: Timor,-8.83,126.00000,Brugnera et al 2024,
Cantheconidea,,javana,"Dallas, 1851","INDONESIA: Sumatera Barat, Agam",0.26,100.25,Brugnera et al 2024,
Cantheconidea,,javana,"Dallas, 1851","INDONESIA: Jawa Barat, Tasikmalaya",-7.26,108.09,Brugnera et al 2024,
Cantheconidea,,javana,"Dallas, 1851","INDONESIA: Buleleng, Bali",-8.28,115.02,Brugnera et al 2024,
Cantheconidea,,javana,"Dallas, 1851","PHILIPPINES: Northern Mindanao, Momungan",8.11,124.21,Brugnera et al 2024,
Cantheconidea,,javana,"Dallas, 1851","PHILIPPINES: Mindanao, Lanao del Sur, Wao",7.65,124.70,Brugnera et al 2024,
Cantheconidea,,javana,"Dallas, 1851","PHILIPPINES: Negros Oriental, Sibulan",9.35,123.18,Brugnera et al 2024,
Cantheconidea,,javana,"Dallas, 1851","MALAYSIA: Sabah, Keningau",5.44,116.45,Brugnera et al 2024,
Cantheconidea,,mitis,"Vollenhoven, 1868",INDONESIA: Ambon island,-3.61,128.16,Brugnera et al 2024,
Cantheconidea,,mitis,"Vollenhoven, 1868",NEW GUINEA: Asiki,-4.89,140.58,Brugnera et al 2024,
Cantheconidea,,mitis,"Vollenhoven, 1868","TIMOR-LESTE: Pulur Ira Spring, Lautém",-8.37,127.10,Brugnera et al 2024,
Cazira,,bergrothi,"Breddin, 1903",VIETNAM: Tonkin,22.00000,105.00000,SDEI,
Cazira,,breddini,"Schouteden, 1907",VIETNAM: Hoa Binh,20.81000,105.33000,Khuong 2005,
Cazira,,breddini,"Schouteden, 1907",VIETNAM: Lam Dong,11.95000,108.43000,Khuong 2005,
Cazira,,breddini,"Schouteden, 1907",CHINA: Sichuan,30.50000,102.66000,Rider & Zheng 2002,
Cazira,,breddini,"Schouteden, 1907",CHINA: Xizang,31.66000,88.00000,Rider & Zheng 2002,
Cazira,,breddini,"Schouteden, 1907",CHINA: Yunnan,25.00000,101.50000,Rider & Zheng 2002,
Cazira,,breddini,"Schouteden, 1907",INDIA: Uttar Pradesh,27.25000,80.75000,Pal et al 2023,
Cazira,,chiroptera,"Herrich-Schäfer, 1840",INDONESIA: Sumatra,0.00000,102.00000,Thomas 1994,
Cazira,,chiroptera,"Herrich-Schäfer, 1840",PHILIPPINES,12.40340,123.34810,Thomas 1994,
Cazira,,chiroptera,"Herrich-Schäfer, 1840",PHILIPPINES,12.40340,123.34810,NHRS,
Cazira,,chiroptera,"Herrich-Schäfer, 1840",INDONESIA: Java.,-7.49000,110.00000,NHRS,
Cazira,,chiroptera,"Herrich-Schäfer, 1840",BORNEO,1.30120,113.51370,NHRS,
Cazira,,concinna,"Hsiao & Cheng, 1977",CHINA: Hainan,19.25000,109.75000,Rider & Zheng 2002,
Cazira,,concinna,"Hsiao & Cheng, 1977",CHINA: Zhejiang,29.16000,120.00000,Rider & Zheng 2002,
Cazira,,emeia,"Zhang & Lin, 1982",CHINA: Fujian,26.25000,118.00000,Rider & Zheng 2002,
Cazira,,emeia,"Zhang & Lin, 1982",CHINA: Hunan,27.66000,111.75000,Rider & Zheng 2002,
Cazira,,emeia,"Zhang & Lin, 1982",CHINA: Sichuan,30.50000,102.66000,Rider & Zheng 2002,
Cazira,,emeia,"Zhang & Lin, 1982",CHINA: Yunnan,25.00000,101.50000,Rider & Zheng 2002,
Cazira,,flava,"Yang, 1935",CHINA: Guizhou,27.00000,107.00000,Rider & Zheng 2002,
Cazira,,flava,"Yang, 1935",CHINA: Yunnan,25.00000,101.50000,Rider & Zheng 2002,
Cazira,,frivaldskyi,"Horváth, 1889","INDIA: West Bengal, Lebong",27.06000,88.28000,Azim 2011,
Cazira,,frivaldskyi,"Horváth, 1889",VIETNAM: Hoa Binh,20.81000,105.33000,Khuong 2005,
Cazira,,frivaldskyi,"Horváth, 1889",CHINA: Anhui,31.91000,117.16000,Rider & Zheng 2002,
Cazira,,frivaldskyi,"Horváth, 1889",CHINA: Fujian,26.25000,118.00000,Rider & Zheng 2002,
Cazira,,frivaldskyi,"Horváth, 1889",CHINA: Guizhou,27.00000,107.00000,Rider & Zheng 2002,
Cazira,,frivaldskyi,"Horváth, 1889",CHINA: Hunan,27.66000,111.75000,Rider & Zheng 2002,
Cazira,,frivaldskyi,"Horváth, 1889",CHINA: Jiangsu,33.00000,119.83000,Rider & Zheng 2002,
Cazira,,frivaldskyi,"Horváth, 1889",CHINA: Jiangxi,27.66000,115.66000,Rider & Zheng 2002,
Cazira,,frivaldskyi,"Horváth, 1889",CHINA: Zhejiang,29.16000,120.00000,Rider & Zheng 2002,
Cazira,,frivaldskyi,"Horváth, 1889",BHUTAN,27.42372,90.47382,RBINS,
Cazira,,fruhstorferi,"Breddin, 1901","INDONESIA: Sulawesi, Toli-Toli",1.30862,120.88643,SDEI,
Cazira,,horvathi,"Breddin, 1903",CHINA: Hubei,31.00000,112.25000,Rider & Zheng 2002,
Cazira,,horvathi,"Breddin, 1903",CHINA: Hunnan,27.66000,111.75000,Rider & Zheng 2002,
Cazira,,horvathi,"Breddin, 1903",VIETNAM: Tonkin,22.00000,105.00000,SDEI,
Cazira,,inerma,"Yang, 1935",CHINA: Fujian,26.25000,118.00000,Rider & Zheng 2002,
Cazira,,inerma,"Yang, 1935",CHINA: Guizhou,27.00000,107.00000,Rider & Zheng 2002,
Cazira,,inerma,"Yang, 1935",CHINA: Hunan,27.66000,111.75000,Rider & Zheng 2002,
Cazira,,inerma,"Yang, 1935",CHINA: Shaanxi,36.00000,109.00000,Rider & Zheng 2002,
Cazira,,inerma,"Yang, 1935",CHINA: Sichuan,30.50000,102.66000,Rider & Zheng 2002,
Cazira,,inerma,"Yang, 1935",CHINA: Zhejiang,29.16000,120.00000,Rider & Zheng 2002,
Cazira,,internexa,"Walker, 1867",CAMBODIA,13.00000,105.00000,Roell et al 2023,
Cazira,,insignis,"Schouteden, 1907",INDIA: Uttar Pradesh,27.25000,80.75000,Pal et al 2023,
Cazira,,insignis,"Schouteden, 1907",BHUTAN,27.42372,90.47382,Thomas 1994,
Cazira,,kirkaldyi,"Breddin, 1903",INDONESIA: Sumatra,0.00000,102.00000,SDEI,
Cazira,,membrania,"Zhang & Lin, 1982",CHINA: Guizhou,27.00000,107.00000,Rider & Zheng 2002,
Cazira,,membrania,"Zhang & Lin, 1982",CHINA: Hubei,31.00000,112.25000,Rider & Zheng 2002,
Cazira,,membrania,"Zhang & Lin, 1982",CHINA: Hunan,27.66000,111.75000,Rider & Zheng 2002,
Cazira,,membrania,"Zhang & Lin, 1982",CHINA: Zhejiang,29.16000,120.00000,Rider & Zheng 2002,
Cazira,,montandoni,"Breddin, 1903",CHINA: Yunnan,25.00000,101.50000,Rider & Zheng 2002,
Cazira,,montandoni,"Breddin, 1903","VIETMAN: Tonkin, Chiem-Hoa",22.17895,105.27671,SDEI,
Cazira,,reuteri,"Breddin, 1903",VIETNAM: Than-Moi,19.96667,105.63333,SDEI,
Cazira,,schwarzi,"Abbasi & Rishi, 1974",PAKISTAN,30.00000,70.00000,Thomas 1994,
Cazira,,sichuana,"Zhang & Lin, 1986",CHINA: Sichuan,30.50000,102.66000,Rider & Zheng 2002,
Cazira,,similis,"Distant, 1902",VIETNAM: Gia Lai,13.75000,108.25000,Khuong 2005,
Cazira,,similis,"Distant, 1902",INDIA: Naga Hills,26.00000,95.00000,Roell et al 2023,
Cazira,,thibetensis,"Schouteden, 1907",CHINA: Sichuan,30.50000,102.66000,Rider & Zheng 2002,
Cazira,,thibetensis,"Schouteden, 1907",CHINA: Yunnan,25.00000,101.50000,Rider & Zheng 2002,
Cazira,,ulcerata,"Burmeister, 1835","INDIA: Kerala, Thiruvananthapuram",8.52400,76.93650,Azim 2011,
Cazira,,ulcerata,"Burmeister, 1835","INDIA: Bihar, Pusa",25.97000,85.66000,Azim 2011,
Cazira,,ulcerata,"Burmeister, 1835",VIETNAM: Há Tay,20.91000,105.66000,Khuong 2005,
Cazira,,ulcerata,"Burmeister, 1835",THAILAND,15.50000,101.00000,Khuong 2005,
Cazira,,ulcerata,"Burmeister, 1835",VIETNAM: South Vietnam (former Cochinchina),10.91000,106.61000,NHRS,
Cazira,,ulcerata,"Burmeister, 1835",VIETNAM: South Vietnam (former Cochinchina),10.91000,106.61000,NHRS,
Cazira,,ulcerata,"Burmeister, 1835",INDIA: Sikkim,27.75000,88.50000,Pal et al 2023,
Cazira,,ulcerata,"Burmeister, 1835",INDIA: West Bengal,24.00000,88.00000,Pal et al 2023,
Cazira,,vegeta,"Amyot & Serville, 1843","INDIA: Bihar, Pusa",25.97000,85.66000,Salini 2015,
Cazira,,vegeta,"Amyot & Serville, 1843",INDIA: Kerala,10.41000,76.50000,Salini 2015,
Cazira,,vegeta,"Amyot & Serville, 1843",INDIA: Sikkim,27.75000,88.50000,Salini 2015,
Cazira,,vegeta,"Amyot & Serville, 1843",INDIA: West Bengal,24.00000,88.00000,Salini 2015,
Cazira,,vegeta,"Amyot & Serville, 1843",CHINA: Yunnan,25.00000,101.50000,Rider & Zheng 2002,
Cazira,,verrucosa,"Westwood, 1834","INDIA: Bihar, Pusa",25.97000,85.66000,Azim 2011,
Cazira,,verrucosa,"Westwood, 1834","INDIA: Tamil Nadu, Naduvattam",11.48000,76.54000,Azim 2011,
Cazira,,verrucosa,"Westwood, 1834","PAKISTAN: Hariupur, Mankial",35.32000,72.61000,Ahmed & Bajwa 2016,
Cazira,,verrucosa,"Westwood, 1834",VIETNAM: Thai Nguyen,21.59000,105.84000,Gapon & Konstantinov 2006,
Cazira,,verrucosa,"Westwood, 1834","VIETNAM: Phu Yen, Buon Mui",12.93000,108.80000,Gapon & Konstantinov 2006,
Cazira,,verrucosa,"Westwood, 1834","INDIA: Kerala, Silent Valley",11.14000,76.45000,Mathew 1986,
Cazira,,verrucosa,"Westwood, 1834","INDIA: Assam, Martherita",27.28000,95.67000,Salini 2015,
Cazira,,verrucosa,"Westwood, 1834",INDIA: Deccan Plateau,14.00000,77.00000,Salini 2015,
Cazira,,verrucosa,"Westwood, 1834",INDIA: Karnataka,14.66000,75.83000,Salini 2015,
Cazira,,verrucosa,"Westwood, 1834",INDIA: Naduvattam,11.48000,76.54000,Salini 2015,
Cazira,,verrucosa,"Westwood, 1834",INDIA: Silent Vally,11.14000,76.45000,Salini 2015,
Cazira,,verrucosa,"Westwood, 1834",INDIA: Maharashtra,19.28000,76.95000,Salini 2015,
Cazira,,verrucosa,"Westwood, 1834",INDIA: Meghalaya,25.50000,91.33330,Salini 2015,
Cazira,,verrucosa,"Westwood, 1834",INDIA: Nagaland,26.08000,94.50000,Salini 2015,
Cazira,,verrucosa,"Westwood, 1834",INDIA: Sikkim,27.75000,88.50000,Salini 2015,
Cazira,,verrucosa,"Westwood, 1834",INDIA: West Bengal,24.00000,88.00000,Salini 2015,
Cazira,,verrucosa,"Westwood, 1834","PAKISTAN: Swat, Kuza Bandai",34.81000,72.37000,Ullah et al 2017,
Cazira,,verrucosa,"Westwood, 1834","INDIA: Maharashtra, Kolhapur",16.69000,74.22000,Gaikwad et al 2017,
Cazira,,verrucosa,"Westwood, 1834",CHINA: Fujian,26.25000,118.00000,Rider & Zheng 2002,
Cazira,,verrucosa,"Westwood, 1834",CHINA: Guangxi,24.00000,109.00000,Rider & Zheng 2002,
Cazira,,verrucosa,"Westwood, 1834",CHINA: Hainan,19.25000,109.75000,Rider & Zheng 2002,
Cazira,,verrucosa,"Westwood, 1834",CHINA: Hunan,27.66000,111.75000,Rider & Zheng 2002,
Cazira,,verrucosa,"Westwood, 1834",CHINA: Qinghai,36.00000,96.00000,Rider & Zheng 2002,
Cazira,,verrucosa,"Westwood, 1834",CHINA: Taiwan,24.00000,121.00000,Rider & Zheng 2002,
Cazira,,verrucosa,"Westwood, 1834",CHINA: Xizang,31.66000,88.00000,Rider & Zheng 2002,
Cazira,,verrucosa,"Westwood, 1834",CHINA: Yunnan,25.00000,101.50000,Rider & Zheng 2002,
Cazira,,verrucosa,"Westwood, 1834","INDIA: Uttarakhand, Tehri Garhwal District, Uniyalgaon. Alt. 1700m",30.34000,78.39000,AMNH,
Cazira,,verrucosa,"Westwood, 1834","INDIA: Uttarakhand, Tehri Garhwal District, Uniyalgaon. Alt. 1700m.",30.34000,78.39000,AMNH,
Cazira,,verrucosa,"Westwood, 1834","INDIA: Uttarakhand, Tehri Garhwal District, Uniyalgaon. Alt. 1700m",30.34000,78.39000,AMNH,
Cazira,,verrucosa,"Westwood, 1834","INDIA: Uttarakhand, Tehri Garhwal District, Uniyalgaon. Alt. 1700m",30.34000,78.39000,AMNH,
Cazira,,verrucosa,"Westwood, 1834",INDIA: Sikkim.,27.53000,88.51000,NHRS,
Cazira,,verrucosa,"Westwood, 1834","INDIA: Madhya Pradesh, Dekan.",24.71000,75.10000,NHRS,
Cazira,,yunnanica,"Zhang & Lin, 1982",CHINA: Yunnan,25.00000,101.50000,Rider & Zheng 2002,
Cecyrina,,flata,"Zhao et al., 2016",CHINA: Yunnan,25.00000,101.50000,Zhao et al 2016,
Cecyrina,,platyrhinoides,"Walker, 1867","CHINA: Hunan, Taoyuan Cave",27.17000,113.76000,Zhao et al 2016,
Cecyrina,,platyrhinoides,"Walker, 1867","CHINA: Hunan, Mangshan Yizhang",25.39000,112.95000,Zhao et al 2016,
Cecyrina,,platyrhinoides,"Walker, 1867","CHINA: Guangxi, Hongtan",25.60000,109.94000,Zhao et al 2016,
Cecyrina,,platyrhinoides,"Walker, 1867","CHINA: Guangxi, Huaping",24.85000,106.37000,Zhao et al 2016,
Cecyrina,,platyrhinoides,"Walker, 1867","CHINA: Guangxi, Daming",25.04000,108.38000,Zhao et al 2016,
Cecyrina,,platyrhinoides,"Walker, 1867","CHINA: Guangxi, Gaozhai",25.85000,110.47000,Zhao et al 2016,
Cecyrina,,platyrhinoides,"Walker, 1867","CHINA: Guizhou, Huguo Temple",27.00000,107.00000,Zhao et al 2016,
Cecyrina,,platyrhinoides,"Walker, 1867","CHINA: Yunnan, Leyi Zheng",25.00000,101.50000,Zhao et al 2016,
Cecyrina,,platyrhinoides,"Walker, 1867","CHINA: Yunnan, Benglong",24.40000,98.33000,Zhao et al 2016,
Cecyrina,,platyrhinoides,"Walker, 1867","CHINA: Xizang, Motuo",28.74000,94.89000,Zhao et al 2016,
Cecyrina,,platyrhinoides,"Walker, 1867",CHINA: Fujian,26.25000,118.00000,Zhao et al 2016,
Cecyrina,,platyrhinoides,"Walker, 1867",CHINA: Sichuan,30.50000,102.66000,Zhao et al 2016,
Cecyrina,,platyrhinoides,"Walker, 1867",BHOUTAN,27.50000,90.50000,Zhao et al 2016,
Cecyrina,,platyrhinoides,"Walker, 1867","VIETNAM: Hoang Lien N.P., 22 21' 00''N 103 46' 20'' E",22.35000,103.77000,RBINS,
Cecyrina,,platyrhinoides,"Walker, 1867","VIETNAM: Hoang Lien N.P., 22 21' 00''N   103 46' 20'' E",22.35000,103.77000,RBINS,
Cecyrina,,platyrhinoides,"Walker, 1867",INDIA: Assam,26.00000,93.00000,Pal et al 2023,
Cecyrina,,platyrhinoides,"Walker, 1867",INDIA: Nagaland,26.08333,94.50000,Pal et al 2023,
Cecyrina,,rubra,"Zhao et al., 2016",CHINA: Pingbian,23.09000,103.80000,Zhao et al 2016,
Cermatulus,,nasalis,"Westwood, 1837",TASMANIA,-42.00000,147.00000,Thomas 1994,
Cermatulus,,nasalis,"Westwood, 1837","AUSTRALIA: New South Wales, Sydney.",-33.86500,151.20940,NHRS,
Cermatulus,,nasalis,"Westwood, 1837",AUSTRALIA: Tasmania.,-42.00000,147.00000,AMS,
Cermatulus,,nasalis,"Westwood, 1837","AUSTRALIA: New South Wales, Sydney, Parramatta",-33.81000,151.01000,AMS,
Cermatulus,,nasalis,"Westwood, 1837","AUSTRALIA: Tasmania, Dunalley.",-42.53000,147.48000,AMS,
Cermatulus,,nasalis,"Westwood, 1837","AUSTRALIA: New South Wales, Bombala",-36.54000,149.14000,AMS,
Cermatulus,,nasalis,"Westwood, 1837","AUSTRALIA: Queensland, Bunya Mountains National Park.",-26.51000,151.36000,AMS,
Cermatulus,,nasalis,"Westwood, 1837",AUSTRALIA: Western AUSTRALIA: Perth.,-31.92500,115.86740,AMS,
Cermatulus,,nasalis,"Westwood, 1837","AUSTRALIA: New South Wales, Warrumbungle Range, Siding Spring Mountain. ",-31.15000,149.03000,AMS,
Cermatulus,,nasalis,"Westwood, 1837","AUSTRALIA: New South Wales, Sydney, Bronte",-33.54000,151.15000,AMS,
Cermatulus,,nasalis,"Westwood, 1837","AUSTRALIA: New South Wales, Sydney, North Harbour. ",-33.48000,151.17000,AMS,
Cermatulus,,nasalis,"Westwood, 1837","AUSTRALIA: New South Wales, The Springs, near Barrington Tops.",-32.10000,151.29000,AMS,
Cermatulus,,nasalis,"Westwood, 1837","AUSTRALIA: Victoria, Traralgon.",-38.11000,146.32000,AMS,
Cermatulus,,nasalis,"Westwood, 1837","AUSTRALIA: Queensland, McPherson Range, Lamington National Park",-28.15000,153.08000,AMS,
Cermatulus,,nasalis,"Westwood, 1837","AUSTRALIA: New South Wales, Tubrabucca Falls",-31.54000,151.24000,AMS,
Cermatulus,,nasalis,"Westwood, 1837","AUSTRALIA: New South Wales, Tuross Head.",-36.15000,149.27000,AMS,
Cermatulus,,nasalis,"Westwood, 1837","AUSTRALIA: New South Wales, Sydney, Milsons Point",-33.51000,151.12000,AMS,
Cermatulus,,nasalis,"Westwood, 1837","AUSTRALIA: New South Wales, Brooklana.",-30.15000,152.51000,AMS,
Cermatulus,,nasalis,"Westwood, 1837","AUSTRALIA: New South Wales, Blue Mountains, Katoomba.",-33.43000,150.19000,AMS,
Cermatulus,,nasalis,"Westwood, 1837","AUSTRALIA: New South Wales, Lord Howe Island ,  (31° 30' S , 159° 4' E)",-31.55000,159.08000,AMS,
Cermatulus,,nasalis,"Westwood, 1837","AUSTRALIA: New South Wales, Kosciuszko National Park, Wilsons Valley",-36.20000,148.31000,AMS,
Cermatulus,,nasalis,"Westwood, 1837","AUSTRALIA: New South Wales, Bogan River",-31.54000,147.11000,AMS,
Cermatulus,,nasalis,"Westwood, 1837","AUSTRALIA: New South Wales, Wingham Brush, Wingham.",-31.51000,152.23000,AMS,
Cermatulus,,nasalis,"Westwood, 1837","AUSTRALIA: New South Wales, Blue Mountains, Mount Irvine",-33.29000,150.27000,AMS,
Cermatulus,,nasalis,"Westwood, 1837","AUSTRALIA: Tasmania, Frankford.",-41.20000,146.46000,AMS,
Cermatulus,,turbotti,"Woodward, 1950",NEW ZEALAND,-42.00000,174.00000,Thomas 1994,
Colpothyreus,,flavolineatus,"Blanchard, 1843","BRAZIL: Amazonas, Parque Nacional do Jaú, Rio Unini",-1.70000,-61.69000,INPA,
Comperocoris,,roehneri,"Phillipi, 1862","CHILE: Los Lagos, Chiloé, Dalcahue.",-42.37910,-73.64722,AMNH,
Comperocoris,,roehneri,"Phillipi, 1862","CHILE: Los Lagos, Osorno, Puyehue, Lago de Puyehue.",-40.66000,-72.60000,AMNH,
Comperocoris,,roehneri,"Phillipi, 1862","CHILE: Magallanes y Antártica Chilena, Provincia de Magallanes. ",-52.36000,-70.98000,MNRJ,
Comperocoris,,roehneri,"Phillipi, 1862",CHILE: Provincia de Valdivia 6km NW of Choshuenco Pta. Blanco. Alt. 180m. ,-39.80000,-72.72000,DARC,
Comperocoris,,roehneri,"Phillipi, 1862","CHILE: La Araucanía, Malleco, Angol.",-37.80000,-72.70000,DARC,
Comperocoris,,roehneri,"Phillipi, 1862",CHILE: Chepu,-42.03000,-73.97000,NHMUK,
Comperocoris,,roehneri,"Phillipi, 1862","CHILE: Provincia de Llanquihue, Puerto Montt",-41.46930,-72.94237,CeNak,
Conquistator,,mucronatus,"Uhler, 1897","USA: Florida, Dry Tortugas, Bush Key.",24.63420,-82.91900,FSCA,
Conquistator,,mucronatus,"Uhler, 1897","USA: Florida, Dry Tortugas, Bush Key",24.63420,-82.91900,FSCA,
Conquistator,,mucronatus,"Uhler, 1897","USA: Florida, Dry Tortugas, Bush Key.",24.63420,-82.91900,FSCA,
Conquistator,,mucronatus,"Uhler, 1897","USA: Florida, Dry Tortugas, Bush Key.",24.63420,-82.91900,FSCA,
Coryzorhaphis,,carneolus,"Erichson, 1848","COLOMBIA:  Meta, Río Guamal",3.70000,-73.16000,Castro-Huertas et al 2015,
Coryzorhaphis,,carneolus,"Erichson, 1848","COLOMBIA:  Meta, Villavicencio",4.18000,-73.60000,Castro-Huertas et al 2015,
Coryzorhaphis,,carneolus,"Erichson, 1848",FRENCH GUIANA: Kourou ,5.16000,-52.64000,Lupoli 2019,
Coryzorhaphis,,carneolus,"Erichson, 1848",FRENCH GUIANA: Saint-Laurent-du-Maroni,5.50000,-54.02000,Lupoli 2019,
Coryzorhaphis,,carneolus,"Erichson, 1848","BRAZIL: Mato Grosso, Aripuanã, Reserva Humboldt",-9.98000,-53.30000,UFRG,
Coryzorhaphis,,carneolus,"Erichson, 1848",BRAZIL: AM - Manaus Alto Turi S. Helena,-3.10000,-60.02000,UFRG,
Coryzorhaphis,,carneolus,"Erichson, 1848","BRAZIL: Mato Grosso, Aripuanã, Reserva Humboldt",-9.98000,-53.30000,UFRG,
Coryzorhaphis,,carneolus,"Erichson, 1848","BRAZIL: Acre, Rio Branco, Res. Humaitá",-9.97000,-67.82000,UFRG,
Coryzorhaphis,,carneolus,"Erichson, 1848","BRAZIL: Rondônia, Cacaulândia, Fazenda Rancho Grande",-10.29000,-62.86000,UMSP,
Coryzorhaphis,,carneolus,"Erichson, 1848","BRAZIL: Amazonas, Santa Isabel do Rio Negro (Tapuruquara)",-0.41000,-65.00000,INPA,
Coryzorhaphis,,carneolus,"Erichson, 1848","BRAZIL: Petrobras, jaz 19, rio Urucu, Coari, Am",-4.09000,-63.14000,INPA,
Coryzorhaphis,,carneolus,"Erichson, 1848","BRAZIL: Amazonas, Manaus, Campus INPA. ",-3.09000,-59.98000,INPA,
Coryzorhaphis,,carneolus,"Erichson, 1848","BRAZIL: Rondônia, Ouro Preto do Oeste.",-10.71000,-62.25000,DZUP,
Coryzorhaphis,,cruciata,"Stål, 1870",HONDURAN: Atlántida,15.73000,-86.51000,Arismendi & Thomas 2003,
Coryzorhaphis,,cruciata,"Stål, 1870","MEXICO: Veracruz, Atoyac",18.93000,-96.80000,Ortega León 1997,
Coryzorhaphis,,cruciata,"Stål, 1870","MEXICO: Veracruz, Cuesta de Misantla",19.98000,-96.89000,Ortega León 1997,
Coryzorhaphis,,cruciata,"Stål, 1870","MEXICO: Veracruz, Catemarco",18.42000,-95.11000,Ortega León 1997,
Coryzorhaphis,,cruciata,"Stål, 1870","MEXICO: Veracruz, San Andres Tuxtla",18.44000,-95.21000,Ortega León 1997,
Coryzorhaphis,,cruciata,"Stål, 1870","MEXICO: Veracruz, Cordoba",18.88000,-96.92000,Ortega León 1997,
Coryzorhaphis,,cruciata,"Stål, 1870","MEXICO: Oaxaca, Monte Flor",16.81000,-97.37000,Ortega León 1997,
Coryzorhaphis,,cruciata,"Stål, 1870","MEXICO: Oaxaca, Bethania",17.91000,-96.00000,Ortega León 1997,
Coryzorhaphis,,cruciata,"Stål, 1870","MEXICO: Chiapas, Bonampak",16.70000,-91.06000,Ortega León 1997,
Coryzorhaphis,,cruciata,"Stål, 1870","MEXICO: Chiapas, Ocosingo",16.87000,-91.80000,Ortega León 1997,
Coryzorhaphis,,cruciata,"Stål, 1870","MEXICO: Chiapas, Chajul",16.11000,-90.92000,Ortega León 1997,
Coryzorhaphis,,cruciata,"Stål, 1870","MEXICO: Chiapas, Montes Azules",16.60000,-91.14000,Ortega León 1997,
Coryzorhaphis,,cruciata,"Stål, 1870","MEXICO: Tabasco, San Juan Bautista",17.84000,-92.53000,Ortega León 1997,
Coryzorhaphis,,cruciata,"Stål, 1870","MEXICO: Tabasco, Coixtkahuaca",18.00000,-92.66000,Ortega León 1997,
Coryzorhaphis,,cruciata,"Stål, 1870","MEXICO: Puebla, Atlixco",18.90000,-98.43000,Ortega León 1997,
Coryzorhaphis,,cruciata,"Stål, 1870","MEXICO: Veracruz, Los Tuxtlas",18.47000,-95.00000,Brailovsky and Mayorga 1994,
Coryzorhaphis,,cruciata,"Stål, 1870","VENEZUELA:  Aragua, El Limón.",10.29000,-67.62000,UFRG,
Coryzorhaphis,,cruciata,"Stål, 1870","VENEZUELA:  Aragua, Maracay, Centro. ",10.24000,-67.60000,UMSP,
Coryzorhaphis,,cruciata,"Stål, 1870","VENEZUELA:  Aragua, Henri Pittier National Park (former Rancho Grande). 1100m. ",10.38000,-67.61000,UFRG,
Coryzorhaphis,,dollingi,"Thomas, 1992","ECUADOR: Pichincha Prov., El Paso. ",-0.26000,-78.55000,UFRG,
Coryzorhaphis,,egeri,"Thomas, 1992","MEXICO: Veracruz, Catamarco",19.33000,-96.66000,Ortega León 1997,
Coryzorhaphis,,egeri,"Thomas, 1992","MEXICO: Chiapas, Laguna de Montebello",16.01000,-91.66000,Ortega León 1997,
Coryzorhaphis,,egeri,"Thomas, 1992",COSTA RICA: Heredia: Puerto Viejo,10.46000,-84.00000,Roell et al 2023,
Coryzorhaphis,,leucocephala,"Spinola, 1837","BRAZIL: Rio Grande do Sul, Pelotas",-31.76000,-52.33000,Dellape et al 2003,
Coryzorhaphis,,leucocephala,"Spinola, 1837","BRAZIL: São Paulo, São Paulo",-23.54000,-46.63000,Gapon & Konstantinov 2006,
Coryzorhaphis,,leucocephala,"Spinola, 1837","BRAZIL: Distrito Federal, Brasília. ",-15.79000,-47.86000,UFRJ,
Coryzorhaphis,,leucocephala,"Spinola, 1837","BRAZIL: Distrito Federal, Brasília. ",-15.79000,-47.86000,UFRJ,
Coryzorhaphis,,leucocephala,"Spinola, 1837","BRAZIL: Rio Grande do Sul, Porto Alegre, Belem Novo.",-30.21000,-51.18000,UFRG,
Coryzorhaphis,,leucocephala,"Spinola, 1837","BRAZIL: Rio Grande do Sul, Porto Alegre. ",-30.03000,-51.21000,UFRG,
Coryzorhaphis,,leucocephala,"Spinola, 1837","BRAZIL: Rio Grande do Sul, Porto Alegre. ",-30.03000,-51.21000,UFRG,
Coryzorhaphis,,leucocephala,"Spinola, 1837","BRAZIL: Paraná, Ponta Grossa, Pedreira de Ponta Grossa.",-25.09000,-50.16000,DZUP,
Coryzorhaphis,,leucocephala,"Spinola, 1837","BRAZIL: Paraná, Guarapuava.",-25.39000,-51.46000,DZUP,
Coryzorhaphis,,leucocephala,"Spinola, 1837","BRAZIL: Santa Catarina, Nova Teutônia. Alt. 300m-500m. ",-27.18000,-52.38000,DZUP,
Coryzorhaphis,,leucocephala,"Spinola, 1837","BRAZIL: Santa Catarina, Nova Teutônia. Alt. 300m-500m. ",-27.18000,-52.38000,DZUP,
Coryzorhaphis,,leucocephala,"Spinola, 1837","BRAZIL: Rio Grande do Sul, Salvador do Sul",-29.44000,-51.51000,UFRG,
Coryzorhaphis,,leucocephala,"Spinola, 1837","BRAZIL: Rio Grande do Sul, Torres",-29.33000,-49.72000,UFRG,
Coryzorhaphis,,superba,"Breddin, 1906","COLOMBIA: Meta, Caño Grande",3.82000,-73.64000,Castro-Huertas et al 2015,
Damarius,,splendidulus,"Fabricius, 1803",CAMEROON: Awaé,3.88000,11.88000,Maldès & Pluot-Sigwalt 2004,
Damarius,,splendidulus,"Fabricius, 1803",CAMEROON: Foumbot,5.50000,10.63000,Maldès & Pluot-Sigwalt 2004,
Damarius,,splendidulus,"Fabricius, 1803",CAMEROON: Okola,4.01000,11.38000,Maldès & Pluot-Sigwalt 2004,
Damarius,,splendidulus,"Fabricius, 1803",CENTRAL AFRICAN REPUBLIC: Bangui,4.36000,18.55000,Maldès & Pluot-Sigwalt 2004,
Damarius,,splendidulus,"Fabricius, 1803",CENTRAL AFRICAN REPUBLIC: Maboké,3.83000,17.84000,Maldès & Pluot-Sigwalt 2004,
Damarius,,splendidulus,"Fabricius, 1803",IVORY COAST: Lamto,6.22000,-5.03000,Maldès & Pluot-Sigwalt 2004,
Damarius,,splendidulus,"Fabricius, 1803",ETHIOPIA,9.00000,39.50000,Thomas 1994,
Damarius,,splendidulus,"Fabricius, 1803",GHANA,8.10000,-1.20000,Thomas 1994,
Damarius,,splendidulus,"Fabricius, 1803",SIERRA LEONE,8.50000,-11.50000,Thomas 1994,
Damarius,,splendidulus,"Fabricius, 1803",DEMOCRATIC REPUBLIC OF THE CONGO: Bambesa,3.46000,25.71000,RMCA,
Damarius,,splendidulus,"Fabricius, 1803",DEMOCRATIC REPUBLIC OF THE CONGO: Lulua: Kananga,-7.96000,22.43000,RMCA,
Damarius,,splendidulus,"Fabricius, 1803",DEMOCRATIC REPUBLIC OF THE CONGO: Bambesa,3.46000,25.71000,RMCA,
Damarius,,splendidulus,"Fabricius, 1803",DEMOCRATIC REPUBLIC OF THE CONGO: Bambesa,3.46000,25.71000,RMCA,
Damarius,,splendidulus,"Fabricius, 1803","UGANDA: Mpumu, Miss M. Robertson",0.21000,32.83000,NHMUK,
Damarius,,splendidulus,"Fabricius, 1803","UGANDA: Lake Victoria, Kimmi Isle",-0.08670,32.64710,NHMUK,
Damarius,,splendidulus,"Fabricius, 1803",UGANDA: Entebbe,0.05000,32.46000,NHMUK,
Dinorhynchus,,dybowskyi,"Jakovlev, 1876",RUSSIA: Primorskiy,45.00000,135.00000,Gapon & Konstantinov 2006,
Dinorhynchus,,dybowskyi,"Jakovlev, 1876",NORTH KOREA: Paektusan,41.99000,128.07000,Gapon & Konstantinov 2006,
Dinorhynchus,,dybowskyi,"Jakovlev, 1876",JAPAN: Hokkaiko,44.00000,143.00000,Schaefer et al 1979,
Dinorhynchus,,dybowskyi,"Jakovlev, 1876","CHINA: Hainan, Qionghai",19.24000,110.46000,Zhao et al. 2018b,
Dinorhynchus,,dybowskyi,"Jakovlev, 1876",CHINA: Hebei,39.00000,115.66000,Rider & Zheng 2002,
Dinorhynchus,,dybowskyi,"Jakovlev, 1876",CHINA: Jilin,43.58000,126.16000,Rider & Zheng 2002,
Dinorhynchus,,dybowskyi,"Jakovlev, 1876",CHINA: Nei Monggol,43.50000,114.75000,Rider & Zheng 2002,
Dinorhynchus,,dybowskyi,"Jakovlev, 1876",CHINA: Shandong,36.33000,118.25000,Rider & Zheng 2002,
Dinorhynchus,,dybowskyi,"Jakovlev, 1876",RUSSIA: Amur Oblast.,54.60000,127.48000,NHRS,
Dinorhynchus,,dybowskyi,"Jakovlev, 1876",JAPAN: Tokyo,35.68950,139.69171,Roell et al 2023,
Dinorhynchus,,opulentus,"Distant, 1890",CHINA: Hubei,31.00000,112.25000,Rider & Zheng 2002,
Dinorhynchus,,opulentus,"Distant, 1890",CHINA: Chang Yang,30.96263,120.51232,Roell et al 2023,
Discocera,,cayennensis,"Laporte, 1833",URUGUAY: Vega del Puente Solis,-34.39000,-55.49000,Dellape et al 2003,
Discocera,,cayennensis,"Laporte, 1833",FRENCH GUIANA: Matoury,4.84000,-52.32000,Lupoli 2019,
Discocera,,cayennensis,"Laporte, 1833",FRENCH GUIANA: Roura,4.72000,-52.32000,Lupoli 2019,
Discocera,,cayennensis,"Laporte, 1833",FRENCH GUIANA: Montagne de Kaw,4.54000,-52.18000,Lupoli 2019,
Discocera,,cayennensis,"Laporte, 1833",FRENCH GUIANA: Saul,3.62000,-53.20000,Lupoli 2019,
Discocera,,cayennensis,"Laporte, 1833",FRENCH GUIANA: Guisanbourg,4.39000,-51.93000,Lupoli 2019,
Discocera,,cayennensis,"Laporte, 1833","BRAZIL: Pará, Mocajuba, Mangabeira",-2.58040,-49.48490,MNRJ,
Discocera,,cayennensis,"Laporte, 1833","BRAZIL: Pará, Itaituba, Rio Tapajos, Dirings",-4.27000,-55.98000,MZSP,
Discocera,,cayennensis,"Laporte, 1833","BRAZIL: Pará, Itaituba, Rio Tapajos, Dirings",-4.27000,-55.98000,MZSP,
Discocera,,cayennensis,"Laporte, 1833",PERU: Pachitea,-9.95262,-75.81390,HNHM,
Discocera,,coccinea,"Fabricius, 1789","BOLIVIA:  Santa Cruz, Buena Vista",-17.45000,-63.67000,Dellape et al 2003,
Discocera,,coccinea,"Fabricius, 1789","BOLIVIA:  Pando, Santa Fe",-11.22000,-68.76000,Dellape et al 2003,
Discocera,,coccinea,"Fabricius, 1789",PARAGUAY,-23.33000,-58.00000,Dellape et al 2003,
Discocera,,coccinea,"Fabricius, 1789",PERU:  Marcapata,-13.63000,-70.91000,Gapon & Konstantinov 2006,
Discocera,,coccinea,"Fabricius, 1789",FRENCH GUIANA: Kourou,5.16000,-52.64000,Lupoli 2019,
Discocera,,coccinea,"Fabricius, 1789",FRENCH GUIANA: Maripasoula,3.64000,-54.03000,Lupoli 2019,
Discocera,,coccinea,"Fabricius, 1789",FRENCH GUIANA: Roura,4.72000,-52.32000,Lupoli 2019,
Discocera,,coccinea,"Fabricius, 1789",FRENCH GUIANA: Matoury,4.84000,-52.32000,Lupoli 2019,
Discocera,,coccinea,"Fabricius, 1789",FRENCH GUIANA: Regina,4.31000,-52.12000,Lupoli 2019,
Discocera,,coccinea,"Fabricius, 1789",FRENCH GUIANA: Saint-Laurent-du-Maroni,5.50000,-54.02000,Lupoli 2019,
Discocera,,coccinea,"Fabricius, 1789",FRENCH GUIANA: Saul,3.62000,-53.20000,Lupoli 2019,
Discocera,,coccinea,"Fabricius, 1789","BRAZIL: Amazonas, Manaus.",-3.11000,-60.02000,DZUP,
Discocera,,coccinea,"Fabricius, 1789","BRAZIL: Espírito Santo, Linhares",-19.39000,-40.06000,DZUP,
Discocera,,coccinea,"Fabricius, 1789","BRAZIL: Espírito Santo, Linhares.",-19.39000,-40.06000,DZUP,
Discocera,,coccinea,"Fabricius, 1789","BRAZIL: Amazonas, Manaus. ",-3.11000,-60.02000,DZUP,
Discocera,,coccinea,"Fabricius, 1789","BRAZIL: Amazonas, Manaus. ",-3.11000,-60.02000,DZUP,
Discocera,,coccinea,"Fabricius, 1789","BRAZIL: Amazonas, Manaus. ",-3.11000,-60.02000,DZUP,
Discocera,,coccinea,"Fabricius, 1789","BRAZIL: Amazonas, Manaus.",-3.11000,-60.02000,DZUP,
Discocera,,coccinea,"Fabricius, 1789","BRAZIL: Amazonas, Manaus. ",-3.11000,-60.02000,DZUP,
Discocera,,coccinea,"Fabricius, 1789","BRAZIL: Amazonas, Manaus. ",-3.11000,-60.02000,DZUP,
Discocera,,coccinea,"Fabricius, 1789","BRAZIL: Amazonas, Manaus",-3.11000,-60.02000,DZUP,
Discocera,,coccinea,"Fabricius, 1789","BRAZIL: Espírito Santo, Linhares. ",-19.39000,-40.06000,DZUP,
Discocera,,coccinea,"Fabricius, 1789","BRAZIL: Espírito Santo, Linhares. ",-19.39000,-40.06000,DZUP,
Discocera,,coccinea,"Fabricius, 1789","BRAZIL: Bahia, Prado.",-17.33000,-39.22000,DZUP,
Discocera,,coccinea,"Fabricius, 1789","BRAZIL: Rondônia, Vilhena. ",-12.74000,-60.15000,DZUP,
Discocera,,coccinea,"Fabricius, 1789","BRAZIL: Amazonas, Manaus, Conjunto Manoa.",-3.02000,-59.99000,INPA,
Discocera,,coccinea,"Fabricius, 1789","BRAZIL: Amazonas, Santo Antonio ",-3.11000,-60.04000,UFRG,
Discocera,,coccinea,"Fabricius, 1789","BRAZIL: Amazonas, Santo Antonio",-3.11000,-60.04000,UFRG,
Discocera,,coccinea,"Fabricius, 1789","BRAZIL: Amazonas, Manaus, Centro Universitário.",-3.10000,-59.97000,INPA,
Discocera,,coccinea,"Fabricius, 1789","BRAZIL: Amazonas, Manaus, (Campus FUA?)",-3.12000,-60.02000,INPA,
Discocera,,coccinea,"Fabricius, 1789","BRAZIL: Mato Grosso, Cáceres.",-16.07000,-57.68000,DZUP,
Discocera,,coccinea,"Fabricius, 1789","BRAZIL: Rondônia, Vilhena.",-12.74000,-60.13000,DZUP,
Discocera,,coccinea,"Fabricius, 1789","BRAZIL: Amazonas, alto Amazonas, Benj. Constant, rio Javary,",-4.37000,-70.01000,MZSP,
Discocera,,coccinea,"Fabricius, 1789","BRAZIL: Amazonas, Itacoatiara, Dirings",-3.13000,-58.43000,MZSP,
Discocera,,coccinea,"Fabricius, 1789","BRAZIL: Mato Grosso, Utiariti, Rio Papagaio",-13.46700,-58.32000,MZSP,
Discocera,,coccinea,"Fabricius, 1789","BRAZIL: Amazonas, alto Amazonas, Benj. Constant, rio Javary",-4.37000,-70.01000,MZSP,
Dorycoris,,pavoninus,"Westwood, 1837",BENIN: Angaradébou,11.31000,3.03000,Maldès & Pluot-Sigwalt 2004,
Dorycoris,,pavoninus,"Westwood, 1837",BENIN: Porto-Novo,6.49000,2.60000,Maldès & Pluot-Sigwalt 2004,
Dorycoris,,pavoninus,"Westwood, 1837",BURKINA FASo: Nazinga,11.05000,-1.41000,Maldès & Pluot-Sigwalt 2004,
Dorycoris,,pavoninus,"Westwood, 1837",CENTRAL AFRICAN REPUBLIC: Fort de Possel,5.03000,19.25000,Maldès & Pluot-Sigwalt 2004,
Dorycoris,,pavoninus,"Westwood, 1837",CENTRAL AFRICAN REPUBLIC: Maboké,3.83000,17.84000,Maldès & Pluot-Sigwalt 2004,
Dorycoris,,pavoninus,"Westwood, 1837",DEMOCRATIC REPUBLIC OF THE CONGO: Brazzaville,-4.26000,15.28000,Maldès & Pluot-Sigwalt 2004,
Dorycoris,,pavoninus,"Westwood, 1837",DEMOCRATIC REPUBLIC OF THE CONGO: Odzala,0.51000,14.65000,Maldès & Pluot-Sigwalt 2004,
Dorycoris,,pavoninus,"Westwood, 1837",ETHIOPIA: Harar,9.31000,42.11000,Maldès & Pluot-Sigwalt 2004,
Dorycoris,,pavoninus,"Westwood, 1837",GABON: Belinga,1.14000,13.19000,Maldès & Pluot-Sigwalt 2004,
Dorycoris,,pavoninus,"Westwood, 1837",GABON: Cap Esterias,0.61000,9.32000,Maldès & Pluot-Sigwalt 2004,
Dorycoris,,pavoninus,"Westwood, 1837",GUINEA: Nimba,7.61000,-8.41000,Maldès & Pluot-Sigwalt 2004,
Dorycoris,,pavoninus,"Westwood, 1837",GUINEA: Yalanzou,7.71000,-8.68000,Maldès & Pluot-Sigwalt 2004,
Dorycoris,,pavoninus,"Westwood, 1837",IVORY COAST: Bingerville,5.35000,-3.88000,Maldès & Pluot-Sigwalt 2004,
Dorycoris,,pavoninus,"Westwood, 1837",IVORY COAST: Toumodi,6.55000,-5.01000,Maldès & Pluot-Sigwalt 2004,
Dorycoris,,pavoninus,"Westwood, 1837","KENYA: Mont Aberdare, 2600m, Kinangop forest",-0.38000,36.63000,Maldès & Pluot-Sigwalt 2004,
Dorycoris,,pavoninus,"Westwood, 1837",KENYA: Nairobi,-1.28000,36.81000,Maldès & Pluot-Sigwalt 2004,
Dorycoris,,pavoninus,"Westwood, 1837",MADAGASCAR: Antananarivo,-18.91000,47.53000,Maldès & Pluot-Sigwalt 2004,
Dorycoris,,pavoninus,"Westwood, 1837",MADAGASCAR: Fenerive,-17.16000,49.20000,Maldès & Pluot-Sigwalt 2004,
Dorycoris,,pavoninus,"Westwood, 1837","MADAGASCAR: Maromandia, Ananalava",-14.64230,47.75760,Maldès & Pluot-Sigwalt 2004,
Dorycoris,,pavoninus,"Westwood, 1837",MADAGASCAR: Maroantsetra: Fampanambo,-15.37000,49.62000,Maldès & Pluot-Sigwalt 2004,
Dorycoris,,pavoninus,"Westwood, 1837",SENEGAL: Mboro,15.14000,-16.88000,Maldès & Pluot-Sigwalt 2004,
Dorycoris,,pavoninus,"Westwood, 1837",SIERRA LEONe: Mont Loma ,9.22000,-11.11000,Maldès & Pluot-Sigwalt 2004,
Dorycoris,,pavoninus,"Westwood, 1837","ETHIOPIA: Amhara, Ankober",9.59000,39.73000,Gapon & Konstantinov 2006,
Dorycoris,,pavoninus,"Westwood, 1837",MADAGASCAR,-20.00000,47.00000,Gapon & Konstantinov 2006,
Dorycoris,,pavoninus,"Westwood, 1837",ANGOLA: Zaire,-6.58000,13.51000,Thomas 1994,
Dorycoris,,pavoninus,"Westwood, 1837",GHANA,8.10000,-1.20000,Thomas 1994,
Dorycoris,,pavoninus,"Westwood, 1837",CAMEROON,6.00000,12.50000,Thomas 1994,
Dorycoris,,pavoninus,"Westwood, 1837",TOGO,8.66000,1.08000,Thomas 1994,
Dorycoris,,pavoninus,"Westwood, 1837",NIGERIA,10.00000,8.00000,Thomas 1994,
Dorycoris,,pavoninus,"Westwood, 1837","COTE D'IVOIRE, Vallée du Bandama, Bouaké",7.69000,-5.03000,AMNH,
Dorycoris,,pavoninus,"Westwood, 1837","SOUTH AFRICA:  Northern Cape Prov., 20km NW of Kimberley",-28.38000,24.77000,AMNH,
Dorycoris,,pavoninus,"Westwood, 1837","MADAGASCAR, Ifanadiana. Mus. Praha",-21.30000,47.63000,NMPC,
Dorycoris,,pavoninus,"Westwood, 1837","MADAGASCAR, Ifanadiana. Mus. Praha",-21.30000,47.63000,NMPC,
Dorycoris,,pavoninus,"Westwood, 1837",MADAGASCAR: Envirans de Rogez,-20.00000,47.00000,NMPC,
Dorycoris,,pavoninus,"Westwood, 1837",MADAGASCAR: Envirans de Rogez,-20.00000,47.00000,NMPC,
Dorycoris,,pavoninus,"Westwood, 1837","GHANA: Ashanti, Tafo",6.73000,-1.60000,DARC,
Dorycoris,,pavoninus,"Westwood, 1837","SOUTH AFRICA: Oudtshoorn, Cango Mountain Resort",-33.41000,22.26000,DARC,
Dorycoris,,pavoninus,"Westwood, 1837",TANZANIA: Arusha,-3.38000,36.67000,EMG,
Dorycoris,,pavoninus,"Westwood, 1837",BELGIAN CONGO: Mpese,-1.27240,18.09640,RBINS,
Dorycoris,,pavoninus,"Westwood, 1837",BELGIAN CONGO: Mpese,-1.27240,18.09640,RBINS,
Dorycoris,,pavoninus,"Westwood, 1837",BELGIAN CONGO: Mpese,-1.27240,18.09640,RBINS,
Dorycoris,,pavoninus,"Westwood, 1837",BELGIAN CONGO: Mpese,-1.27240,18.09640,RBINS,
Dorycoris,,pavoninus,"Westwood, 1837",RUANDA: N. Lac Kivu: Rwankwi,-1.66900,29.28030,RMCA,
Dorycoris,,pavoninus,"Westwood, 1837",DEMOCRATIC REPUBLIC OF THE CONGO: Abumombazi,3.68400,22.15330,RMCA,
Dorycoris,,pavoninus,"Westwood, 1837",SOUTH AFRICA: Cape of Good Hope,-34.33000,18.46000,Roell et al 2023,
Dorycoris,,pavoninus,"Westwood, 1837",BENIN: Whydah,6.36307,2.08506,Roell et al 2023,
Ealda,,minax,"Walker, 1867",NEW CALEDONIA: Mr Mou,-21.50000,165.50000,NHMUK,
Ealda,,minax,"Walker, 1867","NEW CALEDONIA: Province Sud, Environs of Sarramea",-21.50000,165.50000,NHMUK,
Eocanthecona,,acuta ,"Vollenhoven, 1868",TIMOR,-9.47000,124.79000,Brugnera et al 2024,
Eocanthecona,,acuta ,"Vollenhoven, 1868",INDONESIA: North Maluku,0.62,127.84,Brugnera et al 2024,
Eocanthecona,,binotata,"Distant, 1879",CHINA: Sichuan,30.50000,102.66000,Rider & Zheng 2002,
Eocanthecona,,binotata,"Distant, 1879",CHINA: Yunnan,25.00000,101.50000,Rider & Zheng 2002,
Eocanthecona,,binotata,"Distant, 1879",INDIA: Nagaland,26.08333,94.50000,Pal et al 2023,
Eocanthecona,,concinna,"Walker, 1867",TAIWAN ,24.00000,121.00000,Miyamoto 1965,
Eocanthecona,,concinna,"Walker, 1867","INDIA: Tamil Nadu, Coimbatore",11.00000,76.96000,Srikumar et al 2018,
Eocanthecona,,concinna,"Walker, 1867","INDIA: Maharashtra, Kolhapur",15.91000,74.19000,Washmare 2017,
Eocanthecona,,concinna,"Walker, 1867",CHINA: Fujian,26.25000,118.00000,Rider & Zheng 2002,
Eocanthecona,,concinna,"Walker, 1867",CHINA: Guangdong,23.50000,113.25000,Rider & Zheng 2002,
Eocanthecona,,concinna,"Walker, 1867",CHINA: Guangxi,24.00000,109.00000,Rider & Zheng 2002,
Eocanthecona,,concinna,"Walker, 1867",CHINA: Guizhou,27.00000,107.00000,Rider & Zheng 2002,
Eocanthecona,,concinna,"Walker, 1867",CHINA: Hainan,19.25000,109.75000,Rider & Zheng 2002,
Eocanthecona,,concinna,"Walker, 1867",CHINA: Hunan,27.66000,111.75000,Rider & Zheng 2002,
Eocanthecona,,concinna,"Walker, 1867",CHINA: Jiangxi,27.66000,115.66000,Rider & Zheng 2002,
Eocanthecona,,concinna,"Walker, 1867",CHINA: Sichuan,30.50000,102.66000,Rider & Zheng 2002,
Eocanthecona,,concinna,"Walker, 1867",CHINA: Taiwan,24.00000,121.00000,Rider & Zheng 2002,
Eocanthecona,,concinna,"Walker, 1867",CHINA: Xizang,31.66000,88.00000,Rider & Zheng 2002,
Eocanthecona,,concinna,"Walker, 1867",CHINA: Yunnan,25.00000,101.50000,Rider & Zheng 2002,
Eocanthecona,,concinna,"Walker, 1867","INDONESIA: Sumatra, Dolok Merangir. E.W.Diehl.",3.11000,99.10000,AMNH,
Eocanthecona,,concinna,"Walker, 1867",HONG KONG,22.31000,114.16000,Roell et al 2023,
Eocanthecona,,eburnea,"Bergroth, 1915",PHILIPPINES: Mount Makiling,14.13002,121.20000,OUMNH,
Eocanthecona,,formosa,"Horváth, 1911",CHINA: Taiwan,24.00000,121.00000,Rider & Zheng 2002,
Eocanthecona,,furcellata,"Wolff, 1811",INDIA: West Bengal,24.00000,88.00000,Das et al 2010,
Eocanthecona,,furcellata,"Wolff, 1811","INDIA: Chhattisgarh, Raipur",21.23000,81.63000,Biswas et al 2014,
Eocanthecona,,furcellata,"Wolff, 1811","INDIA: Chhattisgarh, Jagdalpur",19.08000,82.02000,Biswas et al 2014,
Eocanthecona,,furcellata,"Wolff, 1811","INDIA: Chhattisgarh, Surguja",22.89000,83.09000,Biswas et al 2014,
Eocanthecona,,furcellata,"Wolff, 1811",INDIA: Jharkhand,23.75000,85.50000,Biswas et al 2014,
Eocanthecona,,furcellata,"Wolff, 1811",INDIA: Maharashtra,19.50000,76.00000,Biswas et al 2014,
Eocanthecona,,furcellata,"Wolff, 1811",INDIA: Tamil Nadu,11.00000,78.33000,Biswas et al 2014,
Eocanthecona,,furcellata,"Wolff, 1811",INDIA: Uttar Pradesh,27.75000,80.75000,Biswas et al 2014,
Eocanthecona,,furcellata,"Wolff, 1811",INDIA: West Bengal,24.00000,88.00000,Biswas et al 2014,
Eocanthecona,,furcellata,"Wolff, 1811",INDIA: Assam,26.00000,93.00000,Salini 2015,
Eocanthecona,,furcellata,"Wolff, 1811","INDIA: Bihar, Arrah",25.55000,84.66000,Salini 2015,
Eocanthecona,,furcellata,"Wolff, 1811",INDIA: Chhapra,25.78000,84.74000,Salini 2015,
Eocanthecona,,furcellata,"Wolff, 1811",INDIA: Pusa,25.97000,85.66000,Salini 2015,
Eocanthecona,,furcellata,"Wolff, 1811",INDIA: Ranchi,23.33000,85.37000,Salini 2015,
Eocanthecona,,furcellata,"Wolff, 1811","INDIA: Jammu and Kashmir, Srinagar",34.08000,74.80000,Salini 2015,
Eocanthecona,,furcellata,"Wolff, 1811","INDIA: Bellary, Bijapur",16.18000,75.69000,Salini 2015,
Eocanthecona,,furcellata,"Wolff, 1811",INDIA: Katagal,14.66000,75.83000,Salini 2015,
Eocanthecona,,furcellata,"Wolff, 1811",INDIA: Mumbai,19.07000,72.88000,Salini 2015,
Eocanthecona,,furcellata,"Wolff, 1811",INDIA: Nagaland,26.08000,94.50000,Salini 2015,
Eocanthecona,,furcellata,"Wolff, 1811",INDIA: Odisha,20.50000,84.41000,Salini 2015,
Eocanthecona,,furcellata,"Wolff, 1811",INDIA: Punjab,30.00000,74.00000,Salini 2015,
Eocanthecona,,furcellata,"Wolff, 1811",INDIA: Chennai,13.08000,80.27000,Salini 2015,
Eocanthecona,,furcellata,"Wolff, 1811",INDIA: Noganur,12.47000,77.77000,Salini 2015,
Eocanthecona,,furcellata,"Wolff, 1811",INDIA: Kovil,10.80000,77.58000,Salini 2015,
Eocanthecona,,furcellata,"Wolff, 1811",INDIA: Vedanthangal,12.54000,79.85000,Salini 2015,
Eocanthecona,,furcellata,"Wolff, 1811",INDIA: Uttarakhand,30.25000,79.25000,Salini 2015,
Eocanthecona,,furcellata,"Wolff, 1811",INDIA: Kolkata,22.56000,88.36000,Salini 2015,
Eocanthecona,,furcellata,"Wolff, 1811","PAKISTAN: Swat, Shamozai",34.68000,72.12000,Ullah et al 2017,
Eocanthecona,,furcellata,"Wolff, 1811","PAKISTAN: Swat, Parrai",34.70000,72.22000,Ullah et al 2017,
Eocanthecona,,furcellata,"Wolff, 1811","PAKISTAN: Swat, Barikot",34.67000,72.22000,Ullah et al 2017,
Eocanthecona,,furcellata,"Wolff, 1811",PAKISTAN: Krishna,31.56000,74.29000,Ullah et al 2017,
Eocanthecona,,furcellata,"Wolff, 1811","INDIA: Kumaon, Pantnagar",29.03000,79.47000,Bhatnagar et al 2019,
Eocanthecona,,furcellata,"Wolff, 1811","INDIA: Kumaon, Ramnagar",29.21000,78.95000,Bhatnagar et al 2019,
Eocanthecona,,furcellata,"Wolff, 1811","INDIA: Kumaon, Majihera",29.03000,80.08000,Bhatnagar et al 2019,
Eocanthecona,,furcellata,"Wolff, 1811","INDIA: Kumaon, Almora",30.36000,79.48000,Bhatnagar et al 2019,
Eocanthecona,,furcellata,"Wolff, 1811","INDIA: Kumaon, Lohaghat",29.83000,80.10000,Bhatnagar et al 2019,
Eocanthecona,,furcellata,"Wolff, 1811","INDIA: Kumaon, Pithoragarh",29.58000,80.21000,Bhatnagar et al 2019,
Eocanthecona,,furcellata,"Wolff, 1811","INDIA: Kumaon, Khati",29.95000,79.90000,Bhatnagar et al 2019,
Eocanthecona,,furcellata,"Wolff, 1811","MICRONESIA: Caroline Islands, Palau",7.45000,134.55000,Ruckes 1963,
Eocanthecona,,furcellata,"Wolff, 1811","INDIA: Uttarakhand, Pantnagar",29.05000,79.51000,Chakravarty et al 2016,
Eocanthecona,,furcellata,"Wolff, 1811","INDIA: Uttar Pradesh, Deoria",26.66000,83.75000,Claver & Jaiswal 2013,
Eocanthecona,,furcellata,"Wolff, 1811",INDIA: Bhandara,21.16000,79.64000,Gathalkar & Barsagade 2016,
Eocanthecona,,furcellata,"Wolff, 1811","INDIA: Punjab, Pathankot",32.33000,75.64000,Kaur & Semahagn 2010,
Eocanthecona,,furcellata,"Wolff, 1811","INDIA: Telangana, Rajendranagar",17.31000,78.40000,Lenin & Rajan 2016,
Eocanthecona,,furcellata,"Wolff, 1811","INDIA: Madhya Pradesh, Jabalpur",23.16000,79.95000,Sharma et al 2019,
Eocanthecona,,furcellata,"Wolff, 1811","INDIA: New Delhi, Bengal",24.00000,88.00000,Azim 2011,
Eocanthecona,,furcellata,"Wolff, 1811","INDIA: Bihar, Chapra",25.78000,84.74000,Azim 2011,
Eocanthecona,,furcellata,"Wolff, 1811","PAKISTAN: Khyber, Langeril",33.98000,71.68000,Ahmed & Bajwa 2016,
Eocanthecona,,furcellata,"Wolff, 1811",INDIA: Madhya Pradesh,23.50000,78.50000,Chandra et al 2012,
Eocanthecona,,furcellata,"Wolff, 1811",INDIA: Jharkhand,23.75000,85.50000,Chandra et al 2012,
Eocanthecona,,furcellata,"Wolff, 1811",INDIA: Maharashtra,19.50000,76.00000,Chandra et al 2012,
Eocanthecona,,furcellata,"Wolff, 1811",INDIA: Tamil Nadu,11.00000,78.33000,Chandra et al 2012,
Eocanthecona,,furcellata,"Wolff, 1811",INDIA: West Bengal,24.00000,88.00000,Chandra et al 2012,
Eocanthecona,,furcellata,"Wolff, 1811",INDIA: West Bengal,24.00000,88.00000,Das et al 2010,
Eocanthecona,,furcellata,"Wolff, 1811","INDIA: Punjab, Gusdarpur",31.92000,75.27000,Kaur et al 2012,
Eocanthecona,,furcellata,"Wolff, 1811","INDIA: Punjab, Patiala",30.35000,76.40000,Kaur et aln 2012,
Eocanthecona,,furcellata,"Wolff, 1811","INDIA: Maharashtra, Bhandara",21.05000,79.68000,Barsagade et al 2016,
Eocanthecona,,furcellata,"Wolff, 1811",INDIA: Chandrapur,20.11000,79.44000,Barsagade et al 2016,
Eocanthecona,,furcellata,"Wolff, 1811",INDIA: Gadchiroli,19.80000,80.20000,Barsagade et al 2016,
Eocanthecona,,furcellata,"Wolff, 1811",INDIA: Vidarbha,20.94000,78.15000,Barsagade et al 2016,
Eocanthecona,,furcellata,"Wolff, 1811",CHINA: Guizhou,27.00000,107.00000,Rider & Zheng 2002,
Eocanthecona,,furcellata,"Wolff, 1811",CHINA: Guangdong,23.50000,113.25000,Rider & Zheng 2002,
Eocanthecona,,furcellata,"Wolff, 1811",CHINA: Hainan,19.25000,109.75000,Rider & Zheng 2002,
Eocanthecona,,furcellata,"Wolff, 1811",CHINA: Jiangxi,27.66000,115.66000,Rider & Zheng 2002,
Eocanthecona,,furcellata,"Wolff, 1811",CHINA: Sichuan,30.50000,102.66000,Rider & Zheng 2002,
Eocanthecona,,furcellata,"Wolff, 1811",CHINA: Taiwan,24.00000,121.00000,Rider & Zheng 2002,
Eocanthecona,,furcellata,"Wolff, 1811","INDIA: Madhya Pradesh, Rewa. L.J. Stannard.",24.53000,81.30000,INHS,
Eocanthecona,,furcellata,"Wolff, 1811","INDIA: Madhya Pradesh, Rewa. L.J. Stannard",24.53000,81.30000,INHS,
Eocanthecona,,furcellata,"Wolff, 1811","INDIA: Central INDIA: Madhya Pradesh, Satpura National Park, Pachmarhi. ",22.48380,78.38420,DARC,
Eocanthecona,,furcellata,"Wolff, 1811","INDIA: Uttarakhand, Dehradun, Dobhalwala. 700m.",30.33350,78.04590,AMNH,
Eocanthecona,,furcellata,"Wolff, 1811","THAILAND: Chiang Mai prov., San Sai district, Maejo University. ",18.93580,99.09710,FSCA,
Eocanthecona,,glaugeri,"Schneider, 1940",INDONESIA: Sumatra,0.26000,101.29000,Brugnera et al 2024,
Eocanthecona,,insularis,"Kirby, 1891","SRI LANKA: Pundaloya, Ceylon.",7.01,80.66,Brugnera et al 2024,
Eocanthecona,,japonicola,"Esaki & Ishihara, 1950","SOUTH KOREA: Jeollanam-do, Yeosu-si",34.77000,127.64000,Lee et al 2015,
Eocanthecona,,japonicola,"Esaki & Ishihara, 1950","SOUTH KOREA: Jeollanam-do, Suncheon-si",34.97000,127.46000,Lee et al 2015,
Eocanthecona,,japonicola,"Esaki & Ishihara, 1950",JAPAN,35.68000,139.75000,Thomas 1994,
Eocanthecona,,kyushuensis,"Esaki & Ishihara, 1950",JAPAN,35.68000,139.75000,Thomas 1994,
Eocanthecona,,latipes,"Stål, 1871",PHILIPPINES: Luzón,16.00000,121.00000,Casto de Elera 1895,
Eocanthecona,,latipes,"Stål, 1871",PHILIPPINES: Manila,14.60420,120.98220,Casto de Elera 1895,
Eocanthecona,,latipes,"Stål, 1871",PHILIPPINES: Paragua,9.53153,118.46149,Casto de Elera 1895,
Eocanthecona,,latipes,"Stål, 1871",PHILIPPINES: Puerto Princesa,9.73917,118.73528,Casto de Elera 1895,
Eocanthecona,,neotibialis,"Ahmad & Rana, 1988",PAKISTAN,30.00000,70.00000,Thomas 1994,
Eocanthecona,,ornatula,"Distant, 1908",INDIA: Darjeeling,27.03333,88.26667,Roell et al 2023,
Eocanthecona,,ornatula,"Distant, 1908",INDIA: West Bengal,24.00000,88.00000,Pal et al 2023,
Eocanthecona,,parva,"Distant, 1902",INDIA: Bengal,24.00000,88.00000,Salini 2015,
Eocanthecona,,parva,"Distant, 1902","INDIA: Bihar, Pusa",25.97000,85.66000,Salini 2015,
Eocanthecona,,parva,"Distant, 1902",INDIA: Karnataka,14.66000,75.83000,Salini 2015,
Eocanthecona,,parva,"Distant, 1902",INDIA: Fraserpet,12.45000,75.94000,Salini 2015,
Eocanthecona,,parva,"Distant, 1902",INDIA: Kerala,10.41000,76.50000,Salini 2015,
Eocanthecona,,parva,"Distant, 1902",INDIA: Tamil Nadu,11.00000,78.33000,Salini 2015,
Eocanthecona,,parva,"Distant, 1902",INDIA: Javadi,12.62000,78.85000,Salini 2015,
Eocanthecona,,parva,"Distant, 1902",INDIA: Jawalagiri,30.22000,76.38000,Salini 2015,
Eocanthecona,,parva,"Distant, 1902",INDIA: Uttarakhand,30.25000,79.25000,Salini 2015,
Eocanthecona,,parva,"Distant, 1902",INDIA: Uttar Pradesh,27.75000,80.75000,Salini 2015,
Eocanthecona,,parva,"Distant, 1902","INDIA: Uttar Pradesh, Aligarh",27.83000,78.16000,Azim 2011,
Eocanthecona,,parva,"Distant, 1902","INDIA: Bihar, Pusa",25.97000,85.66000,Azim 2011,
Eocanthecona,,parva,"Distant, 1902",CHINA: Xizang,31.66000,88.00000,Rider & Zheng 2002,
Eocanthecona,,parva,"Distant, 1902",CHINA: Yunnan,25.00000,101.50000,Rider & Zheng 2002,
Eocanthecona,,populusi,"[Ahmad & Rana, 1988",PAKISTAN,30.00000,70.00000,Thomas 1994,
Eocanthecona,,robusta,"Distant, 1879",INDIA: Sadia,28.03760,95.61840,Roell et al 2023,
Eocanthecona,,robusta,"Distant, 1879",AUSTRALIA,-25.00000,135.00000,Thomas 1994,
Eocanthecona,,robusta,"Distant, 1879",SRI LANKA,7.75000,80.75000,Thomas 1994,
Eocanthecona,,robusta,"Distant, 1879",INDONESIA: Java,-7.49000,110.00000,Thomas 1994,
Eocanthecona,,robusta,"Distant, 1879",INDIA: Assam,26.00000,93.00000,Pal et al 2023,
Eocanthecona,,rufescens,"Vollenhoven, 1868",SUMATRA,0.00000,102.00000,Thomas 1994,
Eocanthecona,,rufescens,"Vollenhoven, 1868",INDONESIA: Java,-7.49000,110.00000,Thomas 1994,
Eocanthecona,,shikokuensis,"Esaki & Ishihara, 1950",JAPAN,35.68000,139.75000,Thomas 1994,
Eocanthecona,,thomsoni,"Distant, 1911",CHINA: Fujian,26.25000,118.00000,Rider & Zheng 2002,
Eocanthecona,,thomsoni,"Distant, 1911",CHINA: Guizhou,27.00000,107.00000,Rider & Zheng 2002,
Eocanthecona,,thomsoni,"Distant, 1911",CHINA: Hubei,39.00000,115.66000,Rider & Zheng 2002,
Eocanthecona,,thomsoni,"Distant, 1911",CHINA: Guizhou,27.00000,107.00000,Rider & Zheng 2002,
Eocanthecona,,thomsoni,"Distant, 1911",CHINA: Hunan,27.66000,111.75000,Rider & Zheng 2002,
Eocanthecona,,thomsoni,"Distant, 1911",CHINA: Jiangxi,27.66000,115.66000,Rider & Zheng 2002,
Eocanthecona,,thomsoni,"Distant, 1911",CHINA: Heilongjiang,47.75000,128.00000,Rider & Zheng 2002,
Eocanthecona,,thomsoni,"Distant, 1911",CHINA: Sichuan,30.50000,102.66000,Rider & Zheng 2002,
Eocanthecona,,thomsoni,"Distant, 1911",CHINA: Zhejiang,29.16000,120.00000,Rider & Zheng 2002,
Eocanthecona,,tibialis,"Distant, 1879","INDIA: Uttar Pradesh, Aligarh",27.83000,78.16000,Azim 2011,
Eocanthecona,,tibialis,"Distant, 1879","MALAYSIA: Pahang, Raub District, Fraser's Hill",3.71210,101.74740,FSCA,
Eocanthecona,,tibialis,"Distant, 1879",INDIA: Khasia Hills,25.58333,91.63333,Roell et al 2023,Khasia Hills = Khasi Hills (https://en.wikipedia.org/wiki/Khasi_Hills)
Eocanthecona,,tibialis,"Distant, 1879",INDIA: Nagaland,26.08333,94.50000,Pal et al 2023,
Eocanthecona,,variabilis,"Vollenhoven, 1868","INDONESIA: Java, Ciyukaka",-7.49160,110.00440,RBINS,
Eocanthecona,,variabilis,"Vollenhoven, 1868",TIMOR,-9.47000,124.79000,Brugnera et al 2024,
Eocanthecona,,vollenhoveni,"Breddin, 1902",INDONESIA: Java,-7.49000,110.00000,Thomas 1994,
Euthyrhynchus,,floridanus,"Linnaeus, 1767",HONDURAN: El Paraiso,14.06000,-85.96000,Arismendi & Thomas 2003,
Euthyrhynchus,,floridanus,"Linnaeus, 1767",HONDURAN: Lempira,14.58000,-88.58000,Arismendi & Thomas 2003,
Euthyrhynchus,,floridanus,"Linnaeus, 1767",HONDURAN: Yoro,15.31000,-87.70000,Arismendi & Thomas 2003,
Euthyrhynchus,,floridanus,"Linnaeus, 1767","COLOMBIA: Boyacá, Villa de Leyva, La Capilla",5.70000,-73.47000,Castro-Huertas et al. 2015,
Euthyrhynchus,,floridanus,"Linnaeus, 1767","COLOMBIA: Cundinamarca, San Francisco, Toriba",4.98000,-74.26000,Castro-Huertas et al. 2015,
Euthyrhynchus,,floridanus,"Linnaeus, 1767","COLOMBIA: Santander, La Belleza",5.89000,-74.03000,Castro-Huertas et al. 2015,
Euthyrhynchus,,floridanus,"Linnaeus, 1767","BOLIVIA: La Paz, Coroico",-16.19000,-67.72000,Dellape et al. 2003,
Euthyrhynchus,,floridanus,"Linnaeus, 1767","BOLIVIA: Pando, Santa Fé",-11.22000,-68.76000,Dellape et al. 2003,
Euthyrhynchus,,floridanus,"Linnaeus, 1767",MEXICO: Veracruz,19.33000,-96.66000,Gapon & Konstantinov 2006,
Euthyrhynchus,,floridanus,"Linnaeus, 1767",MEXICO: Oaxaca,17.06000,-96.72000,Ortega León 1997,
Euthyrhynchus,,floridanus,"Linnaeus, 1767","MEXICO: Nayarit, Tepic",21.50000,-104.89000,Ortega León 1997,
Euthyrhynchus,,floridanus,"Linnaeus, 1767","MEXICO: Guerrero, Chilpancingo",17.55000,-99.50000,Ortega León 1997,
Euthyrhynchus,,floridanus,"Linnaeus, 1767","MEXICO: Guerrero, Xucumanatlan",17.66000,-100.00000,Ortega León 1997,
Euthyrhynchus,,floridanus,"Linnaeus, 1767","MEXICO: Baja California, Espiritu Santo",24.48000,-110.34000,Ortega León 1997,
Euthyrhynchus,,floridanus,"Linnaeus, 1767","MEXICO: Nuevo Leon, Monterrey",25.67000,-100.31000,Ortega León 1997,
Euthyrhynchus,,floridanus,"Linnaeus, 1767","MEXICO: Tamaulipas, Ciudad Victoria",23.74000,-99.14000,Ortega León 1997,
Euthyrhynchus,,floridanus,"Linnaeus, 1767",MEXICO: San Luis Potosi,22.14000,-100.97000,Ortega León 1997,
Euthyrhynchus,,floridanus,"Linnaeus, 1767","MEXICO: Jalisco, Chapala",20.26000,-103.02000,Ortega León 1997,
Euthyrhynchus,,floridanus,"Linnaeus, 1767","MEXICO: Jalisco, Guadalajara",20.66000,-103.39000,Ortega León 1997,
Euthyrhynchus,,floridanus,"Linnaeus, 1767","MEXICO: Jalisco, Tuxcuera",20.15000,-103.22000,Ortega León 1997,
Euthyrhynchus,,floridanus,"Linnaeus, 1767","MEXICO: Guanajuato, El Capulin",20.27000,-100.98000,Ortega León 1997,
Euthyrhynchus,,floridanus,"Linnaeus, 1767","MEXICO: Michoacan, Ario de Rosales",19.20000,-101.70000,Ortega León 1997,
Euthyrhynchus,,floridanus,"Linnaeus, 1767","MEXICO: Hidalgo, Tasquillo",20.54000,-99.34000,Ortega León 1997,
Euthyrhynchus,,floridanus,"Linnaeus, 1767","MEXICO: Hidalgo, Jacala",21.00000,-99.19000,Ortega León 1997,
Euthyrhynchus,,floridanus,"Linnaeus, 1767","MEXICO: Veracruz, Jamapa",19.04000,-96.24000,Ortega León 1997,
Euthyrhynchus,,floridanus,"Linnaeus, 1767","MEXICO: Veracruz, Ocotal",20.60000,-98.31000,Ortega León 1997,
Euthyrhynchus,,floridanus,"Linnaeus, 1767",MEXICO: Zongolica,18.66000,-96.99000,Ortega León 1997,
Euthyrhynchus,,floridanus,"Linnaeus, 1767","MEXICO: Veracruz, Barranca de Metlac",18.83000,-96.98000,Ortega León 1997,
Euthyrhynchus,,floridanus,"Linnaeus, 1767","MEXICO: Veracruz, San Andres Tuxtla",18.44000,-95.21000,Ortega León 1997,
Euthyrhynchus,,floridanus,"Linnaeus, 1767","MEXICO: Veracruz, Texolo",19.37000,-96.84000,Ortega León 1997,
Euthyrhynchus,,floridanus,"Linnaeus, 1767","MEXICO: Veracruz, Xico",19.42000,-97.00000,Ortega León 1997,
Euthyrhynchus,,floridanus,"Linnaeus, 1767","MEXICO: Guerrero, Tetoloapan",18.36000,-99.87000,Ortega León 1997,
Euthyrhynchus,,floridanus,"Linnaeus, 1767","MEXICO: Morelos, Amatlan",18.97000,-99.03000,Ortega León 1997,
Euthyrhynchus,,floridanus,"Linnaeus, 1767","MEXICO: Morelos, Cuernavaca",18.92000,-99.23000,Ortega León 1997,
Euthyrhynchus,,floridanus,"Linnaeus, 1767","MEXICO: Puebla, Coxcatlan",18.27000,-97.13000,Ortega León 1997,
Euthyrhynchus,,floridanus,"Linnaeus, 1767","MEXICO: Puebla, San Juan Raya",18.31000,-97.61000,Ortega León 1997,
Euthyrhynchus,,floridanus,"Linnaeus, 1767","MEXICO: Puebla, Tchuacan",18.46000,-97.39000,Ortega León 1997,
Euthyrhynchus,,floridanus,"Linnaeus, 1767","MEXICO: Puebla, Atlixco",18.90000,-98.43000,Ortega León 1997,
Euthyrhynchus,,floridanus,"Linnaeus, 1767","MEXICO: Oaxaca, Tuxtepec",18.04000,-96.08000,Ortega León 1997,
Euthyrhynchus,,floridanus,"Linnaeus, 1767","MEXICO: Oaxaca, Portillo del Rayo",15.98000,-96.51000,Ortega León 1997,
Euthyrhynchus,,floridanus,"Linnaeus, 1767","MEXICO: Oaxaca, Mitla",16.93000,-96.33000,Ortega León 1997,
Euthyrhynchus,,floridanus,"Linnaeus, 1767","MEXICO: Oaxaca, San Mateo Yetla",17.75000,-96.40000,Ortega León 1997,
Euthyrhynchus,,floridanus,"Linnaeus, 1767","MEXICO: Chiapas, El Chorreadero",16.50000,-92.50000,Ortega León 1997,
Euthyrhynchus,,floridanus,"Linnaeus, 1767","MEXICO: Chiapas, Ixhuatan",17.29000,-93.00000,Ortega León 1997,
Euthyrhynchus,,floridanus,"Linnaeus, 1767","MEXICO: Chiapas, El Vergel",16.56000,-92.06000,Ortega León 1997,
Euthyrhynchus,,floridanus,"Linnaeus, 1767","MEXICO: Chiapas, Palenque",17.50000,-91.89000,Ortega León 1997,
Euthyrhynchus,,floridanus,"Linnaeus, 1767","MEXICO: Tabasco, Cardenas",18.00000,-93.37000,Ortega León 1997,
Euthyrhynchus,,floridanus,"Linnaeus, 1767","USA: Missouri, Ozark",36.64000,-92.44000,Sites et al 2012,
Euthyrhynchus,,floridanus,"Linnaeus, 1767","USA: Missouri, Mississippi Lowlands",34.90000,-92.43000,Sites et al 2012,
Euthyrhynchus,,floridanus,"Linnaeus, 1767","MEXICO: Veracruz, Los Tuxtlas",18.47000,-95.00000,Brailovsky and Mayorga 1994,
Euthyrhynchus,,floridanus,"Linnaeus, 1767","BRAZIL: Rio de Janeiro, Itatiaia, Penedo",-22.42000,-44.53000,UFRG,
Euthyrhynchus,,floridanus,"Linnaeus, 1767","BRAZIL: Rio de Janeiro, Itatiaia, Penedo",-22.42000,-44.53000,UFRG,
Euthyrhynchus,,floridanus,"Linnaeus, 1767","VENEZUELA:  Aragua, Henri Pittier National Park.",10.38000,-67.61000,UFRG,
Euthyrhynchus,,floridanus,"Linnaeus, 1767","VENEZUELA:  Mérida, Timotes.",8.98000,-70.74000,UFRG,
Euthyrhynchus,,floridanus,"Linnaeus, 1767","VENEZUELA:  Maracay, Akacua, col da texera",10.26710,-67.60540,UFRG,
Euthyrhynchus,,floridanus,"Linnaeus, 1767","COSTA RICA, Montes de Oca, Sn Pedzo",9.94000,-84.01110,UFRG,
Euthyrhynchus,,floridanus,"Linnaeus, 1767","USA: Texas, Orange County, Orange",30.09000,-97.73000,SIM,
Euthyrhynchus,,floridanus,"Linnaeus, 1767","USA: Florida, Miami-Dade County, Miami.",25.78000,-80.22000,SIM,
Euthyrhynchus,,floridanus,"Linnaeus, 1767","USA: Texas, Orange County, Orange.",30.09000,-97.73000,SIM,
Euthyrhynchus,,floridanus,"Linnaeus, 1767","USA: Texas, Orange County, Orange.",30.09000,-97.73000,SIM,
Euthyrhynchus,,floridanus,"Linnaeus, 1767","USA: Texas, Orange County, Orange",30.09000,-97.73000,SIM,
Euthyrhynchus,,floridanus,"Linnaeus, 1767","USA: Texas, Orange County, Orange. ",30.09000,-97.73000,SIM,
Euthyrhynchus,,floridanus,"Linnaeus, 1767","USA: Florida, Alachua County, Newberry. ",29.64000,-82.60000,SIM,
Euthyrhynchus,,floridanus,"Linnaeus, 1767","USA: Virginia, Isle of Wight County, fossil site near Benns Church.",36.93000,-76.58000,VMNH,
Euthyrhynchus,,floridanus,"Linnaeus, 1767","USA: Virginia, Richmond",37.54000,-77.43000,VMNH,
Euthyrhynchus,,floridanus,"Linnaeus, 1767","USA: Virginia, Hampton.",37.02000,-76.34000,VMNH,
Euthyrhynchus,,floridanus,"Linnaeus, 1767","USA: Virginia, Northampton County, Cape Charles, Kiptopeke State Park. ",37.17000,-75.98000,VMNH,
Euthyrhynchus,,floridanus,"Linnaeus, 1767","USA: Virginia, Buckingham County.",37.50000,-78.56000,VMNH,
Euthyrhynchus,,floridanus,"Linnaeus, 1767","USA: Virginia, Hampton. ",37.02000,-76.34000,VMNH,
Euthyrhynchus,,floridanus,"Linnaeus, 1767","USA: Virginia, James City County, Colonial Williamsburg. ",37.27000,-76.69000,VMNH,
Euthyrhynchus,,floridanus,"Linnaeus, 1767","USA: Virginia, Henry County, Martinsville. ",36.69000,-79.87000,VMNH,
Euthyrhynchus,,floridanus,"Linnaeus, 1767","USA: Florida, Seminole County, Sanford. ",28.80000,-81.26000,UMSP,
Euthyrhynchus,,floridanus,"Linnaeus, 1767","USA: Florida, Pinellas County, Dunedin.",28.01000,-82.77000,UMSP,
Euthyrhynchus,,floridanus,"Linnaeus, 1767","USA: Florida, Orange County, Gotha. ",28.52000,-81.52000,MCPM,
Euthyrhynchus,,floridanus,"Linnaeus, 1767","USA: Alabama, Mobile County, Chunchula",30.92000,-88.20000,MCPM,
Euthyrhynchus,,floridanus,"Linnaeus, 1767","USA: Alabama, Mobile County, Chunchula. ",30.92000,-88.20000,MCPM,
Euthyrhynchus,,floridanus,"Linnaeus, 1767","NICARAGUA: Matagalpa Dept., Matagalpa. ",12.92000,-85.81000,NMPC,
Euthyrhynchus,,floridanus,"Linnaeus, 1767","USA: Florida, Volusia County, Daytona Beach.",29.21000,-81.02000,FSCA,
Euthyrhynchus,,floridanus,"Linnaeus, 1767","USA: Florida, Alachua County, Gainesville.",29.65000,-82.32000,FSCA,
Euthyrhynchus,,floridanus,"Linnaeus, 1767","USA: Florida, Boward County, Fort Lauderdale. ",26.12000,-80.13000,FSCA,
Euthyrhynchus,,floridanus,"Linnaeus, 1767","USA: Florida, Seminole County, Oviedo.",28.66000,-81.20000,FSCA,
Euthyrhynchus,,floridanus,"Linnaeus, 1767","USA: Florida, Okeechobee County, Okeechobee.",27.24000,-80.82000,AMNH,
Euthyrhynchus,,floridanus,"Linnaeus, 1767","VENEZUELA:  Maracay, Rancho Grande",10.34000,-67.68000,EMG,
Friarius,,alluaudi,"Schouteden, 1905","MADAGASCAR: Foret Tanala, Ikongo",-21.88000,47.43000,Maldès & Pluot-Sigwalt 2004,
Friarius,,alluaudi,"Schouteden, 1905",MADAGASCAR: Ambatovesitra Andranomalaza,-18.53000,47.72000,Maldès & Pluot-Sigwalt 2004,
Friarius,,alluaudi,"Schouteden, 1905","MADAGASCAR: Analamanga, Mandraka",-18.91000,47.92000,Gapon & Konstantinov 2006,
Friarius,,alluaudi,"Schouteden, 1905","MADAGASCAR: Alaotra Mangoro, Perinet",-18.93000,48.41000,Gapon & Konstantinov 2006,
Friarius,,alluaudi,"Schouteden, 1905",MADAGASCAR: Andringita Est. Anjavidilava,-23.20000,45.08000,MNHN,
Friarius,,alluaudi,"Schouteden, 1905",MADAGASCAR: Andringita Est. Anjavidilava,-23.20000,45.08000,MNHN,
Friarius,,alluaudi,"Schouteden, 1905",MADAGASCAR: Andringita Est. Anjavidilava,-23.20000,45.08000,MNHN,
Friarius,,alluaudi,"Schouteden, 1905",MADAGASCAR: Andringita Est. Anjavidilava,-23.20000,45.08000,MNHN,
Friarius,,alluaudi,"Schouteden, 1905",MADAGASCAR: Andringita Est. Anjavidilava,-23.20000,45.08000,MNHN,
Friarius,,alluaudi,"Schouteden, 1905",MADAGASCAR: Andringita Est. Anjavidilava,-23.20000,45.08000,MNHN,
Glypsus,,abdominalis,"Cachan, 1952","MADAGASCAR: Antananarivo, Tsimbazaza",-18.91000,47.51000,Maldès & Pluot-Sigwalt 2004,
Glypsus,,abdominalis,"Cachan, 1952",MADAGASCAR: Manjakatompo,-19.33000,47.43000,"Cachan, 1952",
Glypsus,,abdominalis,"Cachan, 1952",MADAGASCAR: Rogez,-18.80000,48.61000,Cachan 1952,
Glypsus,,bouvieri,"Schouteden, 1904","CAMEROON: Baigom, Bamoun",4.88000,10.08000,Maldès & Pluot-Sigwalt 2004,
Glypsus,,bouvieri,"Schouteden, 1904",CAMEROON: Foumbot,5.50000,10.63000,Maldès & Pluot-Sigwalt 2004,
Glypsus,,bouvieri,"Schouteden, 1904",CENTRAL AFRICAN REPUBLIC: Bangui,4.36000,18.55000,Maldès & Pluot-Sigwalt 2004,
Glypsus,,bouvieri,"Schouteden, 1904",CENTRAL AFRICAN REPUBLIC: Boukoko,3.90000,17.91000,Maldès & Pluot-Sigwalt 2004,
Glypsus,,bouvieri,"Schouteden, 1904",CENTRAL AFRICAN REPUBLIC: Maboké,3.83000,17.84000,Maldès & Pluot-Sigwalt 2004,
Glypsus,,bouvieri,"Schouteden, 1904",DEMOCRATIC REPUBLIC OF THE CONGO: Brazzaville,-4.26000,15.28000,Maldès & Pluot-Sigwalt 2004,
Glypsus,,bouvieri,"Schouteden, 1904",GABON: Bélinga,1.08000,13.19000,Maldès & Pluot-Sigwalt 2004,
Glypsus,,bouvieri,"Schouteden, 1904","GUINEA: Mont Nimba, 1600 ft",7.61000,-8.41000,Maldès & Pluot-Sigwalt 2004,
Glypsus,,bouvieri,"Schouteden, 1904",GUINEA: mont Simandou,9.16000,-9.16000,Maldès & Pluot-Sigwalt 2004,
Glypsus,,bouvieri,"Schouteden, 1904",IVORY COAST: Lamto,6.22000,-5.03000,Maldès & Pluot-Sigwalt 2004,
Glypsus,,bouvieri,"Schouteden, 1904",MOZAMBIQUE: Nhamapasa,-17.37000,34.97000,Maldès & Pluot-Sigwalt 2004,
Glypsus,,bouvieri,"Schouteden, 1904",TANZANIA: Kilimanjaro ,-3.07000,37.35000,Maldès & Pluot-Sigwalt 2004,
Glypsus,,bouvieri,"Schouteden, 1904",DEMOCRATIC REPUBLIC OF THE CONGO: Medje,2.38000,27.30000,AMNH,
Glypsus,,bouvieri,"Schouteden, 1904","TANZANIA: Kilimanjaro, Kibonoto.",-4.13000,37.80000,NHRS,
Glypsus,,bouvieri,"Schouteden, 1904","TANZANIA: Tanga Region, Usambara Mountains, Mombo.",-4.89000,38.29000,NHRS,
Glypsus,,carinulatus,"Bergroth, 1904",ANGOLA: Zaire,-6.58000,13.51000,Thomas 1994,
Glypsus,,conspicuus,"Westwood, 1837",BOTSWANA: Gaborone,-24.65000,25.90000,Maldès & Pluot-Sigwalt 2004,
Glypsus,,conspicuus,"Westwood, 1837",KENYA: Nairobi,-1.28000,36.81000,Maldès & Pluot-Sigwalt 2004,
Glypsus,,conspicuus,"Westwood, 1837","KENYA: Taita, Bura",-3.46000,38.28000,Maldès & Pluot-Sigwalt 2004,
Glypsus,,conspicuus,"Westwood, 1837",MALAWI: Lake Nyasa,-12.00000,34.50000,Maldès & Pluot-Sigwalt 2004,
Glypsus,,conspicuus,"Westwood, 1837",MOZAMBIQUE: Nhamapasa,-17.37000,34.97000,Maldès & Pluot-Sigwalt 2004,
Glypsus,,conspicuus,"Westwood, 1837",TANZANIA: Mpala,-9.40000,34.85000,Maldès & Pluot-Sigwalt 2004,
Glypsus,,conspicuus,"Westwood, 1837",SOUTH AFRICA: East London,-33.01000,27.91000,Maldès & Pluot-Sigwalt 2004,
Glypsus,,conspicuus,"Westwood, 1837",SOUTH AFRICA: Linokana,-25.45000,25.87000,Maldès & Pluot-Sigwalt 2004,
Glypsus,,conspicuus,"Westwood, 1837",SOUTH AFRICA: Makapan,-23.17000,28.61000,Maldès & Pluot-Sigwalt 2004,
Glypsus,,conspicuus,"Westwood, 1837",SOUTH AFRICA: Pretoria ,-25.73000,28.24000,Maldès & Pluot-Sigwalt 2004,
Glypsus,,conspicuus,"Westwood, 1837",ZAMBIA: Lealui,-15.19000,23.00000,Maldès & Pluot-Sigwalt 2004,
Glypsus,,conspicuus,"Westwood, 1837","SOUTH AFRICA: North West Prov., Bojanala District, Rustenburg.",-25.65000,27.25000,AMNH,
Glypsus,,conspicuus,"Westwood, 1837","SOUTH AFRICA: North West Prov., Bojanala District, Rustenburg",-25.65000,27.25000,AMNH,
Glypsus,,conspicuus,"Westwood, 1837","TANZANIA: Kilimanjaro, Kibonoto.",-4.13000,37.80000,NHRS,
Glypsus,,conspicuus,"Westwood, 1837","SOUTH AFRICA: Province of the Western Cape, Cape of Good Hope",-34.27000,18.42000,NHRS,
Glypsus,,conspicuus,"Westwood, 1837",ZIMBABWE: Kariba.,-16.52000,28.85000,FSCA,
Glypsus,,conspicuus,"Westwood, 1837",ZIMBABWE: Kariba. ,-16.52000,28.85000,FSCA,
Glypsus,,conspicuus,"Westwood, 1837",ZIMBABWE: Kariba. ,-16.52000,28.85000,FSCA,
Glypsus,,conspicuus,"Westwood, 1837","DEMOCRATIC REPUBLIC OF THE CONGO: Katanga Province, 38km west of Llusinfa, Upemba National Park. ",-9.00000,26.75000,DARC,
Glypsus,,conspicuus,"Westwood, 1837","ZAMBIA: Southern Prov., Pemba District, 24km South of Pemba",-16.73000,27.31000,DARC,
Glypsus,,conspicuus,"Westwood, 1837",DEMOCRATIC REPUBLIC OF THE CONGO: Lulua: Kananga,-7.96000,22.43000,RMCA,
Glypsus,,conspicuus,"Westwood, 1837",DEMOCRATIC REPUBLIC OF THE CONGO: Katanga: Kando,-6.25990,24.27420,RMCA,
Glypsus,,conspicuus,"Westwood, 1837",DEMOCRATIC REPUBLIC OF THE CONGO: Katanga: Kando,-6.25990,24.27420,RMCA,
Glypsus,,erubescens,"Distant, 1890",CAMEROON: Dschang,5.44000,10.05000,Maldès & Pluot-Sigwalt 2004,
Glypsus,,erubescens,"Distant, 1890",CHAD: Bébédjia ,8.67000,16.57000,Maldès & Pluot-Sigwalt 2004,
Glypsus,,erubescens,"Distant, 1890",IVORY COAST: Bouaké ,7.69000,-5.03000,Maldès & Pluot-Sigwalt 2004,
Glypsus,,erubescens,"Distant, 1890",IVORY COAST: Lamto ,6.22000,-5.03000,Maldès & Pluot-Sigwalt 2004,
Glypsus,,erubescens,"Distant, 1890",MALI: Bamako,12.65000,-8.00000,Maldès & Pluot-Sigwalt 2004,
Glypsus,,erubescens,"Distant, 1890",MALI: Kogoni,14.73000,-6.02000,Maldès & Pluot-Sigwalt 2004,
Glypsus,,fuscispinus,"Stål, 1870",SOUTH AFRICA,-29.00000,24.00000,Thomas 1994,
Glypsus,,fuscispinus,"Stål, 1870",TANZANIA,-6.00000,35.00000,Thomas 1994,
Glypsus,,kuhlgatzi,"Schouteden, 1904","CAMEROON: Baigom, Bamoun",4.88000,10.08000,Maldès & Pluot-Sigwalt 2004,
Glypsus,,kuhlgatzi,"Schouteden, 1904",CAMEROON: Foumbot,5.50000,10.63000,Maldès & Pluot-Sigwalt 2004,
Glypsus,,kuhlgatzi,"Schouteden, 1904",CENTRAL AFRICAN REPUBLIC: Boukoko,3.90000,17.91000,Maldès & Pluot-Sigwalt 2004,
Glypsus,,kuhlgatzi,"Schouteden, 1904",CENTRAL AFRICAN REPUBLIC: Maboké,3.83000,17.84000,Maldès & Pluot-Sigwalt 2004,
Glypsus,,kuhlgatzi,"Schouteden, 1904",DEMOCRATIC REPUBLIC OF THE CONGO: Fort-Rousset,-0.48000,15.89000,Maldès & Pluot-Sigwalt 2004,
Glypsus,,kuhlgatzi,"Schouteden, 1904",DEMOCRATIC REPUBLIC OF THE CONGO: Sibiti,-3.68000,13.34000,Maldès & Pluot-Sigwalt 2004,
Glypsus,,kuhlgatzi,"Schouteden, 1904","ETHIOPIA: Chora, Ilubabor",8.35000,35.74000,Maldès & Pluot-Sigwalt 2004,
Glypsus,,kuhlgatzi,"Schouteden, 1904","GUINEA: Mont Nimba, 750m",7.61000,-8.41000,Maldès & Pluot-Sigwalt 2004,
Glypsus,,kuhlgatzi,"Schouteden, 1904",GUINEA: Nimba Kéoulenta,7.90000,-8.60000,Maldès & Pluot-Sigwalt 2004,
Glypsus,,kuhlgatzi,"Schouteden, 1904",GUINEA: Tamara,9.49310,-13.81500,Maldès & Pluot-Sigwalt 2004,
Glypsus,,kuhlgatzi,"Schouteden, 1904","KENYA: Mont Kenya, 1800m",-0.15000,37.30000,Maldès & Pluot-Sigwalt 2004,
Glypsus,,kuhlgatzi,"Schouteden, 1904",TANZANIA: Kilimanjaro ,-3.07000,37.35000,Maldès & Pluot-Sigwalt 2004,
Glypsus,,kuhlgatzi,"Schouteden, 1904","TANZANIA: Kilimanjaro, Kibonoto.",-4.13000,37.80000,NHRS,
Glypsus,,kuhlgatzi,"Schouteden, 1904","TANZANIA: Kilimanjaro, Kibonoto.",-4.13000,37.80000,NHRS,
Glypsus,,kuhlgatzi,"Schouteden, 1904","TANZANIA: Kilimanjaro, Kibonoto.",-4.13000,37.80000,NHRS,
Glypsus,,kuhlgatzi,"Schouteden, 1904",DEMOCRATIC REPUBLIC OF THE CONGO: Dungu ,3.60300,28.56570,RMCA,
Glypsus,,kuhlgatzi,"Schouteden, 1904",DEMOCRATIC REPUBLIC OF THE CONGO: Bambesa,3.46000,25.71000,RMCA,
Glypsus,,kuhlgatzi,"Schouteden, 1904","BELGIAN CONGO: PNU, Lusinga (760m)",0.31000,26.51860,RMCA,
Glypsus,,nigripes,"Horváth, 1911",MADAGASCAR,-20.00000,47.00000,Thomas 1994,
Glypsus,,sparsus,"Westwood, 1837",SIERRA LEONE,8.50000,-11.50000,Thomas 1994,
Glypsus,,truculentus,"Walker, 1868",MADAGASCAR: Antananarivo,-18.91000,47.53000,Cachan 1952; Maldès & Pluot-Sigwalt 2004,
Glypsus,,truculentus,"Walker, 1868",MADAGASCAR: Ambatolampy,-19.38000,47.41000,Maldès & Pluot-Sigwalt 2004,
Glypsus,,truculentus,"Walker, 1868",MADAGASCAR: Mandaratsy,-21.58000,47.19000,Maldès & Pluot-Sigwalt 2004,
Glypsus,,truculentus,"Walker, 1868",MADAGASCAR: Manjakandriana,-18.91000,47.80000,Maldès & Pluot-Sigwalt 2004,
Glypsus,,truculentus,"Walker, 1868",MADAGASCAR: Fort-Dauphin,-25.01000,46.97000,Maldès & Pluot-Sigwalt 2004,
Glypsus,,vigil,"Germar, 1837",GUINEA: Mus. Hauschild,10.83000,-10.66000,ZMUC,
Hemallia,,signitenens,"Schouteden, 1905",MAURITIUS,-20.30000,57.58000,Thomas 1994,
Hemallia,,signitenens,"Schouteden, 1905","MADAGASCAR: Tamatava, et foréts d'Alahkato, Edouard Perrot",-18.14000,49.40000,MNHN,
Heteroscelis,,bimaculata,"Walker, 1867",FRENCH GUIANA: Regina,4.31000,-52.12000,Lupoli 2019,
Heteroscelis,,bimaculata,"Walker, 1867","ECUADOR: Napo, Tiputini Biodiversity Station, 216m.",-0.63790,-76.14950,USNM,
Heteroscelis,,bimaculata,"Walker, 1867","PERU: Cuzco, Pilcopata",-14.13260,-69.27720,UFRG,
Heteroscelis,,bimaculata,"Walker, 1867",BOLIVIA: Coroico (Holotype H. durionei),-16.18330,-67.73330,MLPA,
Heteroscelis,,bimaculata,"Walker, 1867",BOLIVIA: Chirca (Holotype H. denieri),-16.38330,-67.58330,MLPA,
Heteroscelis,,bimaculata,"Walker, 1867","BRAZIL: Rio de Janeiro, Itatiaia, 700m",-22.41090,-44.57620,CEIOC,
Heteroscelis,,bimaculata,"Walker, 1867","BRAZIL: Rio de Janeiro, Petrópolis",-22.51200,-43.18000,Sampaio et al 2023,
Heteroscelis,,bimaculata,"Walker, 1867",ARGENTINA: Jujuy,-23.00000,-66.00000,Sampaio et al 2023,
Heteroscelis,,lepida,"Distant, 1880","MEXICO:  Veracruz, Atoyac",18.93000,-96.80000,Ortega León 1997,
Heteroscelis,,lepida,"Distant, 1880","MEXICO: Tabasco, Teapa",17.60000,-92.95000,Ortega León 1997,
Heteroscelis,,lepida,"Distant, 1880","MEXICO: Veracruz, San Andres Truxtla",18.44000,-95.21000,Ortega León 1997,
Heteroscelis,,lepida,"Distant, 1880","MEXICO: Chiapas, Simojovel",17.14000,-92.67000,Ortega León 1997,
Heteroscelis,,lepida,"Distant, 1880","MEXICO: Veracruz, Los Tuxtlas",18.47000,-95.00000,Brailovsky and Mayorga 1994,
Heteroscelis,,lepida,"Distant, 1880",HONDURAS: La Lima,15.43000,-87.81000,Arismendi & Thomas 2003,
Heteroscelis,,lepida,"Distant, 1880",EL SALVADOR: Guazapa,13.87000,-89.17000,Lupoli 2019,
Heteroscelis,,lepida,"Distant, 1880","PANAMA: Panama, Canal Zone, Madden Forest, 8.I.1971 H. Stockwell",9.05000,-79.37000,STRI,
Heteroscelis,,lepida,"Distant, 1880",FRENCH GUIANA: Kourou,5.16000,-52.64000,Lupoli 2019,
Heteroscelis,,lepida,"Distant, 1880",FRENCH GUIANA: Cayenne,4.93000,-52.33000,Lupoli 2019,
Heteroscelis,,lepida,"Distant, 1880","VENEZUELA: Falcon, Las dos Bocas.",11.30120,-69.41220,UFRG,
Heteroscelis,,lepida,"Distant, 1880","COLOMBIA: Antioquia, Santa Fé de Antioquia, Hacienda Cotové",6.53160,-75.82600,UNAB,
Heteroscelis,,lepida,"Distant, 1880","BRAZIL: Mato Grosso do Sul, Bonito, Praia da Figueira. ",-21.25000,-56.53000,DZUP,
Heteroscelis,,lepida,"Distant, 1880","MEXICO: Veracruz, Puente Nacional",19.34434,-96.464912,Sampaio et al 2023,
Heteroscelis,,lepida,"Distant, 1880",COSTA RICA: Puntarenas,10.27508,-84.81245,Sampaio et al 2023,
Heteroscelis,,lepida,"Distant, 1880","COLOMBIA: Sucre, Galeras",9.14786,-74.97843,Sampaio et al 2023,
Heteroscelis,,lepida,"Distant, 1880","VENEZUELA: Falcon, Miranda",11.41002,-69.67958,Sampaio et al 2023,
Heteroscelis,,robustus,"Thomas, 1992","COLOMBIA:  Meta, San Martín, Reserva Natural El Caduceo",3.67130,-73.65940,MPUJ,
Heteroscelis,,robustus,"Thomas, 1992","BRAZIL: Mato Grosso, Chapada dos Guimarães. ",-15.46000,-55.75000,UFRG,
Heteroscelis,,robustus,"Thomas, 1992","BRAZIL: Pará, Peixe-Boi. ",-1.19000,-47.32000,UFRG,
Heteroscelis,,robustus,"Thomas, 1992","BRAZIL: Pará, Marituba. ",-1.36000,-48.34000,UFRG,
Heteroscelis,,robustus,"Thomas, 1992","BRAZIL: Roraima, Boa Vista.",2.82000,-60.67000,UFRG,
Heteroscelis,,robustus,"Thomas, 1992","BRAZIL: Amazonas, Manaus. ",-3.11000,-60.02000,INPA,
Heteroscelis,,robustus,"Thomas, 1992","BRAZIL: Espírito Santo, Santa Teresa",-19.93000,-40.59000,DZUP,
Heteroscelis,,robustus,"Thomas, 1992","BRAZIL: Rio Grande do Sul, Salvador do Sul",-29.44000,-51.51000,MCTP,
Heteroscelis,,servillii,"Laporte, 1833",FRENCH GUIANA: Mana,5.48000,-53.55000,Lupoli 2019,
Heteroscelis,,servillii,"Laporte, 1833",FRENCH GUIANA: Regina,4.31000,-52.12000,Lupoli 2019,
Heteroscelis,,servillii,"Laporte, 1833",FRENCH GUIANA: Roura,4.72000,-52.32000,Lupoli 2019,
Heteroscelis,,servillii,"Laporte, 1833",FRENCH GUIANA: Saint-Laurent-du-Maroni,5.50000,-54.02000,Lupoli 2019,
Heteroscelis,,servillii,"Laporte, 1833",ECUADOR: Napo Prov.. Tiputini Biodiversity Station. 216m,-0.63790,-76.14950,USNM,
Heteroscelis,,servillii,"Laporte, 1833",ECUADOR: Napo Prov.. Res. Ethnica Waorani. 1km South of Onkone Gare Camp.,-0.60000,-76.49000,USNM,
Heteroscelis,,servillii,"Laporte, 1833","PERU: Pucalipa, Rio Ucayali, Dirings",-8.40840,-74.60580,MCNZ,
Heteroscelis,,servillii,"Laporte, 1833",VENEZUELA: Cx. Panamexicana El Vigia Coloneito Km 60 ,8.32610,-72.08740,UFRG,
Heteroscelis,,servillii,"Laporte, 1833",VENEZUELA: Kasmeza - ZU,9.94900,-72.75290,UFRG,
Heteroscelis,,servillii,"Laporte, 1833",VENEZUELA: Aragua. Maracay.,10.24000,-67.60000,UFRG,
Heteroscelis,,servillii,"Laporte, 1833",VENEZUELA: Aragua. El Limon. 1951-III-02. F. Fernandes.,10.29000,-67.62000,UFRG,
Heteroscelis,,servillii,"Laporte, 1833","BOLIVIA: Cochabamba, Chapare, 07.IX.1951 Dirings",-16.80920,-65.71920,MACN,
Heteroscelis,,servillii,"Laporte, 1833",BRAZIL: Amazonas. Manaus.,-3.11000,-60.02000,UFRG,
Heteroscelis,,servillii,"Laporte, 1833",BRAZIL: Amapá. Serra do Navio.,1.65800,-52.28190,UFRG,
Heteroscelis,,servillii,"Laporte, 1833",BRAZIL: Belém Mocambo,-1.27300,-48.46020,UFRG,
Heteroscelis,,servillii,"Laporte, 1833",BRAZIL: Pará. Peixe-Boi,-1.19000,-47.32000,UFRG,
Heteroscelis,,servillii,"Laporte, 1833",BRAZIL: Amazonas. Manaus.,-3.11000,-60.02000,UFRG,
Heteroscelis,,servillii,"Laporte, 1833",BRAZIL: Rio Grande do Norte. Natal. ,-5.77000,-35.20000,UFRG,
Heteroscelis,,servillii,"Laporte, 1833",BRAZIL: Amazonas Br 174: Km 41 Agricultura Geológica ,-2.67700,-60.04660,UFRG,
Heteroscelis,,servillii,"Laporte, 1833",BRAZIL Ceplac Km 31 Est. Am 010 BR. ,-2.89050,-59.95760,UFRG,
Heteroscelis,,servillii,"Laporte, 1833",BRAZIL: Amazonas. Serra dos Porcos. ,0.41660,-69.36660,INPA,
Heteroscelis,,servillii,"Laporte, 1833",BRAZIL: Mato Grosso. Chapada dos Guimarães.,-15.46000,-55.75000,DZUP,
Heteroscelis,,servillii,"Laporte, 1833",BRAZIL: Espírito Santo. Conceição da Barra.,-18.45000,-39.84000,DZUP,
Heteroscelis,,servillii,"Laporte, 1833",BRAZIL: Amazonas. Novo Airão. Anavilhas Jungle Lodge.,-2.64000,-60.91000,DZUP,
Heteroscelis,,servillii,"Laporte, 1833","BRAZIL: Pernambuco. Paudalho, Acerolândia.",-7.85000,-35.25000,CERPE,
Heteroscelis,,servillii,"Laporte, 1833","BRAZIL: Pernambuco. Paudalho, Acerolândia",-7.85000,-35.25000,CERPE,
Heteroscelis,,servillii,"Laporte, 1833","BRAZIL: Mato Grosso do Sul. Bonito, Praia da Figueira. ",-21.29720,-56.50050,DZUP,
Heteroscelis,,servillii,"Laporte, 1833",BRAZIL: Rio Grande do Sul. Cerro Azul.,-27.74030,-51.51990,MCNZ,
Heteroscelis,,servillii,"Laporte, 1833",SURINAM,4.12044,-56.24853,Sampaio et al 2023,
Heteroscelis,,servillii,"Laporte, 1833","BOLIVIA, Cochabamba, Yungas del Palmar",-17.13333,-65.50000,Sampaio et al 2023,
Heteroscelis,,servillii,"Laporte, 1833",PARAGUAY: Villarrica,-25.74946,-56.43518,Sampaio et al 2023,
Heteroscelis,,servillii,"Laporte, 1833","ARGENTINA: Missiones, Santa Maria",-27.93454,-55.40529,Sampaio et al 2023,
Heteroscelis,,servillii,"Laporte, 1833","VENEZUELA: Guayana: (Conuco, Rio Moroco)",8.35122,-62.64102,Sampaio et al 2023,
Heteroscelis,,servillii,"Laporte, 1833","VENEZUELA: Zulia, Kasmera",9.94900,-72.75290,Sampaio et al 2023,
Heteroscelis,,servillii,"Laporte, 1833",VENEZUELA: Cx. Panamexicana El Vigia Coloneito,8.32610,-72.08740,Sampaio et al 2023,
Heteroscelis,,servillii,"Laporte, 1833","VENEZUELA: Aragua, El Limón",10.29000,-67.62000,Sampaio et al 2023,
Heteroscelis,,servillii,"Laporte, 1833","VENEZUELA: Aragua, Maracay",10.24000,-67.60000,Sampaio et al 2023,
Heteroscelis,,servillii,"Laporte, 1833","TRINIDAD AND TOBAGO, San Juan-Laventille",10.60514,-61.42763,Sampaio et al 2023,
Heteroscelis,,servillii,"Laporte, 1833","BRAZIL: Pará, Belém Mocambo",-1.27300,-48.46020,Sampaio et al 2023,
Heteroscelis,,servillii,"Laporte, 1833","BRAZIL: Pará, Peixe-boi",-1.19000,-47.32000,Sampaio et al 2023,
Heteroscelis,,servillii,"Laporte, 1833","BRAZIL: Pará, Serra Norte Manganês",-6.01748,-50.30386,Sampaio et al 2023,
Heteroscelis,,servillii,"Laporte, 1833","BRAZIL: Amazonas, Manaus, Br 174 Km 41, Agricultura Geológica",-2.67700,-60.04660,Sampaio et al 2023,
Heteroscelis,,servillii,"Laporte, 1833","BRAZIL: Amazonas, Itacoatiara",-3.13730,-58.44180,Sampaio et al 2023,
Heteroscelis,,servillii,"Laporte, 1833","BRAZIL: Pernambuco, Paudalho, Acerolândia",-7.85000,-35.25000,Sampaio et al 2023,
Heteroscelis,,servillii,"Laporte, 1833","BRAZIL: Espírito Santo, São Gabriel de Palha",-18.90684,-40.51455,Sampaio et al 2023,
Heteroscelis,,servillii,"Laporte, 1833","BRAZIL: São Paulo, Campinas",-22.81969,-47.06468,Sampaio et al 2023,
Heteroscelis,,servillii,"Laporte, 1833","BRAZIL: Rio de Janeiro, Cabo Frio",-22.88690,-42.02665,Sampaio et al 2023,
Heteroscelis,,vandembergi,"Sampaio & Campos, 2023","COLOMBIA:  Santander, Charalá, Virolin ",6.10800,-73.20040,ICN,
Heteroscelis,,vandembergi,"Sampaio & Campos, 2023","COLOMBIA:  Boyacá, Villa de Leyva",5.63330,-73.48330,IAvH-E,
Hoploxys,,coeruleus,"Dallas, 1851","CAMEROON: Baigom, Bamoun",4.88000,10.08000,Maldès & Pluot-Sigwalt 2004,
Hoploxys,,coeruleus,"Dallas, 1851",CAMEROON: Cameroon Mountain,4.21000,9.17000,Maldès & Pluot-Sigwalt 2004,
Hoploxys,,coeruleus,"Dallas, 1851",CAMEROON: Yaoundé,3.86670,11.51670,Maldès & Pluot-Sigwalt 2004,
Hoploxys,,coeruleus,"Dallas, 1851",DEMOCRATIC REPUBLIC OF THE CONGO: Brazzaville,-4.26000,15.28000,Maldès & Pluot-Sigwalt 2004,
Hoploxys,,coeruleus,"Dallas, 1851",DEMOCRATIC REPUBLIC OF THE CONGO: Mayumbe,2.50000,27.63000,Maldès & Pluot-Sigwalt 2004,
Hoploxys,,coeruleus,"Dallas, 1851",DEMOCRATIC REPUBLIC OF THE CONGO: Sibiti,-3.68000,13.34000,Maldès & Pluot-Sigwalt 2004,
Hoploxys,,coeruleus,"Dallas, 1851",GABON:Lambaréné ,-0.70000,10.24000,Maldès & Pluot-Sigwalt 2004,
Hoploxys,,coeruleus,"Dallas, 1851",UGANDA:: Ruwenzori mountains,0.33000,29.92000,Maldès & Pluot-Sigwalt 2004,
Hoploxys,,coeruleus,"Dallas, 1851",DEMOCRATIC REPUBLIC OF THE CONGO: Medje. ,2.38000,27.30000,AMNH,
Hoploxys,,coeruleus,"Dallas, 1851",BELGIAN CONGO: Mpese,-1.27240,18.09640,RBINS,
Hoploxys,,coeruleus,"Dallas, 1851",BELGIAN CONGO: Ngowa,-5.74389,16.59018,RBINS,
Hoploxys,,coeruleus,"Dallas, 1851","BELGIAN CONGO: Ngowa,",-5.74389,16.59018,RBINS,
Hoploxys,,coeruleus,"Dallas, 1851","BELGIAN CONGO: Kwango, Ngowa",-5.74389,16.59018,RBINS,
Hoploxys,,coeruleus,"Dallas, 1851",BELGIAN CONGO: Ngowa,-5.74389,16.59018,RBINS,
Hoploxys,,coeruleus,"Dallas, 1851",BELGIAN CONGO: Ngowa,-5.74389,16.59018,RBINS,
Hoploxys,,coeruleus,"Dallas, 1851",BELGIAN CONGO: Ngowa,-5.74389,16.59018,RBINS,
Hoploxys,,coeruleus,"Dallas, 1851",BELGIAN CONGO: Ngowa,-5.74389,16.59018,RBINS,
Hoploxys,,coeruleus,"Dallas, 1851",BELGIAN CONGO: Ngowa,-5.74389,16.59018,RBINS,
Hoploxys,,coeruleus,"Dallas, 1851",BELGIAN CONGO: Ngowa,-5.74389,16.59018,RBINS,
Hoploxys,,coeruleus,"Dallas, 1851",DEMOCRATIC REPUBLIC OF THE CONGO: Mayidi,-5.74389,16.59018,RMCA,
Hoploxys,,coeruleus,"Dallas, 1851",DEMOCRATIC REPUBLIC OF THE CONGO: Mayidi,-5.74389,16.59018,RMCA,
Hoploxys,,coeruleus,"Dallas, 1851",DEMOCRATIC REPUBLIC OF THE CONGO: Lulua: Kananga,-7.96000,22.43000,RMCA,
Hoploxys,,coeruleus,"Dallas, 1851",DEMOCRATIC REPUBLIC OF THE CONGO: Lulua: Kananga,-7.96000,22.43000,RMCA,
Hoploxys,,coeruleus,"Dallas, 1851",DEMOCRATIC REPUBLIC OF THE CONGO: Bukima,-8.65380,25.87610,RMCA,
Hoploxys,,coeruleus,"Dallas, 1851",DEMOCRATIC REPUBLIC OF THE CONGO: Bukima,-8.65380,25.87610,RMCA,
Hoploxys,,coeruleus,"Dallas, 1851",DEMOCRATIC REPUBLIC OF THE CONGO: Bukima,-8.65380,25.87610,RMCA,
Jalla,,dumosa,"Linnaeus, 1758","TURKEY: Ankara, Busa",40.19000,29.06000,Lodos & Onder 1983,
Jalla,,dumosa,"Linnaeus, 1758","TURKEY: Isparta, Yalvaç",38.30000,31.19000,Lodos & Onder 1983,
Jalla,,dumosa,"Linnaeus, 1758",TURKEY: Kayseri,37.83000,35.49000,Lodos & Onder 1983,
Jalla,,dumosa,"Linnaeus, 1758",TURKEY: Manisa,38.63000,27.41000,Lodos & Onder 1983,
Jalla,,dumosa,"Linnaeus, 1758","SPAIN: Aragon, Teruel",40.66000,-0.60000,Tanco 2018,
Jalla,,dumosa,"Linnaeus, 1758","SPAIN: Aragon, Huesca",42.13000,-0.40000,Tanco 2018,
Jalla,,dumosa,"Linnaeus, 1758","SPAIN: Castilla La Mancha, Guadalajara",40.83000,-2.50000,Tanco 2018,
Jalla,,dumosa,"Linnaeus, 1758","SPAIN: Castilla La Mancha, Madrid",38.85000,-3.97000,Tanco 2018,
Jalla,,dumosa,"Linnaeus, 1758","SPAIN: Castilla La Mancha, El Escorial",38.57000,-2.45000,Tanco 2018,
Jalla,,dumosa,"Linnaeus, 1758",SPAIN: Andalucia,37.50000,-4.58000,Tanco 2018,
Jalla,,dumosa,"Linnaeus, 1758",SPAIN: Almeria,37.16000,-2.33000,Tanco 2018,
Jalla,,dumosa,"Linnaeus, 1758",SPAIN: Zaragoza,41.58000,-1.00000,Tanco 2018,
Jalla,,dumosa,"Linnaeus, 1758","SPAIN: Castilla y Leon, Burgos",42.33000,-3.70000,Tanco 2018,
Jalla,,dumosa,"Linnaeus, 1758",SPAIN: Leon,42.60000,-5.57000,Tanco 2018,
Jalla,,dumosa,"Linnaeus, 1758","SPAIN: Castilla La Mancha, Albacete",38.99000,-1.85000,Tanco 2018,
Jalla,,dumosa,"Linnaeus, 1758","SPAIN: Cataluna, Barcelona",41.38000,2.15000,Tanco 2018,
Jalla,,dumosa,"Linnaeus, 1758",SPAIN: Gerona,41.98000,2.82000,Tanco 2018,
Jalla,,dumosa,"Linnaeus, 1758",SPAIN: Lerida,41.61000,0.57000,Tanco 2018,
Jalla,,dumosa,"Linnaeus, 1758","SPAIN: Galicia, Pontevedra",42.43000,-8.64000,Tanco 2018,
Jalla,,dumosa,"Linnaeus, 1758",SPAIN: Navarra,42.75000,-1.66000,Tanco 2018,
Jalla,,dumosa,"Linnaeus, 1758",SPAIN: Madrid,40.41000,-3.70000,Tanco 2018,
Jalla,,dumosa,"Linnaeus, 1758","SPAIN: Valenciana, Castellon",40.16000,-0.16000,Tanco 2018,
Jalla,,dumosa,"Linnaeus, 1758",CHINA: Heilongjiang,47.75000,128.00000,Rider & Zheng 2002,
Jalla,,dumosa,"Linnaeus, 1758",CHINA: Jilin,43.58000,126.16000,Rider & Zheng 2002,
Jalla,,dumosa,"Linnaeus, 1758",CHINA: Xinjiang,41.50000,85.50000,Rider & Zheng 2002,
Jalla,,dumosa,"Linnaeus, 1758",SWITZERLAND: Canton of Valais,46.19000,7.54000,MZLS,
Jalla,,dumosa,"Linnaeus, 1758",SWITZERLAND: Canton of Valais,46.19000,7.54000,MZLS,
Jalla,,dumosa,"Linnaeus, 1758",SWITZERLAND: Canton of Valais,46.19000,7.54000,MZLS,
Jalla,,dumosa,"Linnaeus, 1758",SWITZERLAND: Canton of Valais,46.19000,7.54000,MZLS,
Jalla,,dumosa,"Linnaeus, 1758","HUNGARY: Central Hungary, Budapest. ",47.49000,19.04000,MZLS,
Jalla,,dumosa,"Linnaeus, 1758","CZECH REPUBLIC: Central Bohemian Region, Beroun District, Koněprusy",49.92000,14.06000,NMPC,
Jalla,,dumosa,"Linnaeus, 1758","GERMANY: Mecklenburg-Vorpommern, Vorpommern-Rügen District, Hiddensee",54.55000,13.10000,NMPC,
Jalla,,dumosa,"Linnaeus, 1758",SLOVAKIA: 6km East of Sahy.,48.07000,19.00000,DARC,
Jalla,,dumosa,"Linnaeus, 1758","ITALY: Marche, Falconara Marittima",43.62000,13.39000,EMG,
Jalla,,dumosa,"Linnaeus, 1758",AUSTRIA,47.69640,13.34570,ZFMK,
Jalla,,dumosa,"Linnaeus, 1758","GERMANY: Brandemburgo, Berlim, Bezirk Pankow, Pankow",52.59000,13.42000,ZFMK,
Jalla,,dumosa,"Linnaeus, 1758","GERMANY: Renânia do Norte-Vestfália. Bonn, Frings Garten",50.73000,7.09000,ZFMK,
Jalla,,dumosa,"Linnaeus, 1758","GERMANY: Renânia-Palatinado,  Bad Kreuznach, Rheinland, Kirn",49.78000,7.45000,ZFMK,
Jalla,,dumosa,"Linnaeus, 1758","GERMANY: Renânia-Palatinado, Koblenz",50.35000,7.58000,ZFMK,
Jalla,,dumosa,"Linnaeus, 1758","GERMANY: Brandemburgo, Berlim, Bezirk Pankow, Pankow, Jul. Arendt",52.59000,13.42000,ZFMK,
Jalla,,dumosa,"Linnaeus, 1758","GERMANY:  Renânia-Palatinado, Verbandsgemeinde Altenahr, Ahrweiler, Mayschoß",50.52000,7.02000,ZFMK,
Jalla,,dumosa,"Linnaeus, 1758","GERMANY:  Renânia-Palatinado, Verbandsgemeinde Altenahr, Ahrweiler, Mayschoß",50.52000,7.02000,ZFMK,
Jalla,,dumosa,"Linnaeus, 1758","GERMANY: Renânia do Norte-Vestfália. Bonn, Venusberg?-IX-12",50.70000,7.09000,ZFMK,
Jalla,,subcalcarata,"Jakovlev, 1885",CHINA: Hebei,39.00000,115.66000,Rider & Zheng 2002,
Jalla,,subcalcarata,"Jakovlev, 1885",CHINA: Heilongjiang,47.75000,128.00000,Rider & Zheng 2002,
Jalla,,subcalcarata,"Jakovlev, 1885",CHINA: Jilin,43.58000,126.16000,Rider & Zheng 2002,
Jalla,,subcalcarata,"Jakovlev, 1885",CHINA: Nei Monggol,43.50000,114.75000,Rider & Zheng 2002,
Jalla,,subcalcarata,"Jakovlev, 1885",CHINA: Sichuan,30.50000,102.66000,Rider & Zheng 2002,
Jalla,,subcalcarata,"Jakovlev, 1885",CHINA: Xinjiang,41.50000,85.50000,Rider & Zheng 2002,
Jalla,,subcalcarata,"Jakovlev, 1885",CHINA: Xizang,31.66000,88.00000,Rider & Zheng 2002,
Jalla,,subdilatata,"Reuter, 1900",ALGERIA,28.00000,3.00000,Thomas 1994,
Jalloides,,opulentus,"Distant, 1911",AUSTRALIA: Queensland. Nat Mus Victoria,-20.00000,145.00000,NHMUK,
Jalloides,,rubricosus,"Stål, 1870",AUSTRALIA,-25.00000,135.00000,NHRS,
Leptolobus,,eburneatus,"Karsch, 1892",CAMEROON: Kribi,2.94690,9.91190,Maldès & Pluot-Sigwalt 2004,
Leptolobus,,eburneatus,"Karsch, 1892",CAMEROON: South Province. Grand Batanga. F.H. Hope coll. C.M.,2.84000,9.89000,AMNH,
Leptolobus,,eburneatus,"Karsch, 1892",DEMOCRATIC REPUBLIC OF THE CONGO: Bambesa. ,3.46000,25.71000,RMCA,
Leptolobus,,eburneatus,"Karsch, 1892",DEMOCRATIC REPUBLIC OF THE CONGO: Kindu. ,-2.94370,25.92230,RMCA,
Leptolobus,,eburneatus,"Karsch, 1892",DEMOCRATIC REPUBLIC OF THE CONGO: Lulua: Kananga,-7.96000,22.43000,RMCA,
Leptolobus,,eburneatus,"Karsch, 1892","DEMOCRATIC REPUBLIC OF THE CONGO: Mayumbe, Singini, A. Collart",2.50150,27.63030,RMCA,
Leptolobus,,insignis,"Distant, 1898",MALAWI: Zomba,-15.38000,35.31000,Roell et al 2023,
Leptolobus,,karschi,"Schumacher, 1912",CAMEROON: Yaoundé,3.86667,11.51667,ZMHB,
Leptolobus,,martnini,"Schouteden, 1904",UGANDA,1.25000,32.50000,Thomas 1994,
Leptolobus,,martnini,"Schouteden, 1904",CAMEROON,6.00000,12.50000,Thomas 1994,
Leptolobus,,murrayi,"Signoret, 1855",CENTRAL AFRICAN REPUBLIC: Mbaiki,3.86000,17.98000,Maldès & Pluot-Sigwalt 2004,
Leptolobus,,murrayi,"Signoret, 1855","NIGERIA: Cross River State, Calabar.",4.97000,8.34000,NHRS,
Leptolobus,,murrayi,"Signoret, 1855","CAMEROON: Southwest Region, Koupé-Manengouba Dept.,Mungo River, Mundamé, Mukonje-Farm.",4.57000,9.51000,ZMUC,
Leptolobus,,murrayi,"Signoret, 1855",IVORY COAST: rég. de Taí,7.46650,-5.54750,RMCA,
Leptolobus,,zanzibaricus,"Bolivar, 1879","CAMEROON: South Province, Grand Batanga. ",2.84000,9.89000,AMNH,
Macrorhaphis,Megarhaphis,acuta,"Dallas, 1851",BENIN: Agoué,6.24884,1.66948,Maldès & Pluot-Sigwalt 2004,
Macrorhaphis,Megarhaphis,acuta,"Dallas, 1851",CAMEROON: Baigom: Bamoun,4.88000,10.08000,Maldès & Pluot-Sigwalt 2004,
Macrorhaphis,Megarhaphis,acuta,"Dallas, 1851",CAMEROON: Dschang,5.44000,10.05000,Maldès & Pluot-Sigwalt 2004,
Macrorhaphis,Megarhaphis,acuta,"Dallas, 1851",CAMEROON: Foumbot,5.50000,10.63000,Maldès & Pluot-Sigwalt 2004,
Macrorhaphis,Megarhaphis,acuta,"Dallas, 1851",CHAD: Bébédjia ,8.67000,16.57000,Maldès & Pluot-Sigwalt 2004,
Macrorhaphis,Megarhaphis,acuta,"Dallas, 1851",KENYA: Kijabé,-0.93000,36.57000,Maldès & Pluot-Sigwalt 2004,
Macrorhaphis,Megarhaphis,acuta,"Dallas, 1851",KENYA: Kisumu,-0.10000,34.76000,Maldès & Pluot-Sigwalt 2004,
Macrorhaphis,Megarhaphis,acuta,"Dallas, 1851",MADAGASCAR: Antananarivo,-18.91000,47.53000,Cachan 1952,
Macrorhaphis,Megarhaphis,acuta,"Dallas, 1851",MADAGASCAR: Rogez,-18.80000,48.61000,Cachan 1952,
Macrorhaphis,Megarhaphis,acuta,"Dallas, 1851",MALI: Kayes,14.44000,-11.44000,Maldès & Pluot-Sigwalt 2004,
Macrorhaphis,Megarhaphis,acuta,"Dallas, 1851",MOZAMBIQUE: Chiramba,-17.69000,34.78000,Maldès & Pluot-Sigwalt 2004,
Macrorhaphis,Megarhaphis,acuta,"Dallas, 1851",SENEGAL: Dakar,14.69000,-17.44000,Maldès & Pluot-Sigwalt 2004,
Macrorhaphis,Megarhaphis,acuta,"Dallas, 1851",TANZANIA: Bagamoyo,-6.44000,38.90000,Maldès & Pluot-Sigwalt 2004,
Macrorhaphis,Megarhaphis,acuta,"Dallas, 1851",SOUTH AFRICA: Durban,-29.85000,31.02000,Maldès & Pluot-Sigwalt 2004,
Macrorhaphis,Megarhaphis,acuta,"Dallas, 1851",MADAGASCAR: Itasy,-18.95000,46.95000,Gapon & Konstantinov 2006,
Macrorhaphis,Megarhaphis,acuta,"Dallas, 1851",SOUTH AFRICA: Kruger National Park 5km East of Skukuza Camp.,-24.99000,31.64000,AMNH,
Macrorhaphis,Megarhaphis,acuta,"Dallas, 1851",SOUTH AFRICA: Kruger National Park 5km East of Skukuza Camp. ,-24.99000,31.64000,AMNH,
Macrorhaphis,Megarhaphis,acuta,"Dallas, 1851","TANZANIA: Kilimanjaro, Kibonoto.",-4.13000,37.80000,NHRS,
Macrorhaphis,Megarhaphis,acuta,"Dallas, 1851","TANZANIA: Kilimanjaro, Kibonoto.",-4.13000,37.80000,NHRS,
Macrorhaphis,Megarhaphis,acuta,"Dallas, 1851","TANZANIA: Tanga Region, Usambara Mountains, Mombo ward.",-4.89000,38.29000,NHRS,
Macrorhaphis,Megarhaphis,acuta,"Dallas, 1851",ZIMBABWE: Kariba.,-16.52000,28.85000,FSCA,
Macrorhaphis,Megarhaphis,acuta,"Dallas, 1851",ZIMBABWE: Kariba.,-16.52000,28.85000,FSCA,
Macrorhaphis,Megarhaphis,acuta,"Dallas, 1851",ZIMBABWE: Kariba.,-16.52000,28.85000,FSCA,
Macrorhaphis,Megarhaphis,acuta,"Dallas, 1851",ZIMBABWE: Kariba.,-16.52000,28.85000,FSCA,
Macrorhaphis,Megarhaphis,acuta,"Dallas, 1851",ZAMBIA: Lusaka. ,-15.38000,28.32000,DARC,
Macrorhaphis,Megarhaphis,acuta,"Dallas, 1851","SOUTH AFRICA: KwaZulu-Natal Prov., Dukuduku. ",-28.09000,32.35000,DARC,
Macrorhaphis,Megarhaphis,acuta,"Dallas, 1851",DEMOCRATIC REPUBLIC OF THE CONGO: Kivu: Mulungu,-2.87710,27.89150,RMCA,
Macrorhaphis,Megarhaphis,acuta,"Dallas, 1851",DEMOCRATIC REPUBLIC OF THE CONGO: Kivu: Bobandana,-1.69900,29.01300,RMCA,
Macrorhaphis,Megarhaphis,acuta,"Dallas, 1851","DEMOCRATIC REPUBLIC OF THE CONGO: South Kivu, Karimviza (Uvira)",-3.35280,29.15700,RMCA,
Macrorhaphis,Megarhaphis,acuta,"Dallas, 1851",BENIN: Whydah,6.36307,2.08506,Roell et al 2023,
Macrorhaphis,Megarhaphis,dallasi,"Schouteden, 1905",MADAGASCAR: Ambatolampy,-19.38000,47.41000,Maldès & Pluot-Sigwalt 2004,
Macrorhaphis,Megarhaphis,dallasi,"Schouteden, 1905",MADAGASCAR: Anjozorobe,-18.13000,47.71000,Maldès & Pluot-Sigwalt 2004,
Macrorhaphis,Megarhaphis,dallasi,"Schouteden, 1905",MADAGASCAR: Antananarivo,-18.91000,47.53000,Maldès & Pluot-Sigwalt 2004,
Macrorhaphis,Megarhaphis,dallasi,"Schouteden, 1905","MADAGASCAR: Tanala, Ikongo",-21.88000,47.43000,Maldès & Pluot-Sigwalt 2004,
Macrorhaphis,Megarhaphis,dallasi,"Schouteden, 1905",MADAGASCAR: Rogez,-18.80000,48.61000,Cachan 1952,
Macrorhaphis,Megarhaphis,dallasi,"Schouteden, 1905",MADAGASCAR: Perinet,-18.93000,48.41000,Roell et al 2023,
Macrorhaphis,Megarhaphis,leprosa,"Germar, 1837",SOUTH AFRICA: East London,-33.01000,27.91000,Maldès & Pluot-Sigwalt 2004,
Macrorhaphis,Megarhaphis,leprosa,"Germar, 1837","SOUTH AFRICA: Gauteng Prov., Tshwane (Pretoria), Onderstepoort Private Nature Reserve. 1260m.",-25.63000,28.16000,DARC,
Macrorhaphis,Megarhaphis,leprosa,"Germar, 1837","SOUTH AFRICA: Gauteng Prov., Tshwane (Pretoria), TVL Soutpan",-25.40000,28.11000,DARC,
Macrorhaphis,Megarhaphis,leprosa,"Germar, 1837",SOUTH AFRICA: Cape of Good Hope,-33.83000,19.14000,Roell et al 2023,
Macrorhaphis,Megarhaphis,wollastoni ,"White, 1878",UK: Santa Helena island,-15.96586,-5.70625,Roell et al 2023,
Marmessulus,,brasilianus,"Schouteden, 1907",BRAZIL: Rio Grande do Sul. Pelotas,-31.76000,-52.33000,UFRG,
Marmessulus,,brasilianus,"Schouteden, 1907",BRAZIL: Rio Grande do Sul. Mato Castelhano. Flona Passo Fundo. ,-28.26000,-52.40000,UFRG,
Marmessulus,,brasilianus,"Schouteden, 1907",ARGENTINA:  Buenos Aires,-34.60250,-58.39230,Carpintero & De Biase 2019,
Marmessulus,,nigricornis,"Stål, 1865","BRAZIL: São Paulo, Serra da Bocaina, Bananal",-22.68000,-44.32000,MNRJ,
Marmessulus,,nigricornis,"Stål, 1865","BRAZIL: São Paulo, Serra da Bocaina, Bananal.",-22.68000,-44.32000,MNRJ,
Marmessulus,,nigricornis,"Stål, 1865","BRAZIL: Santa Catarina, Nova Teutônia. ",-27.18000,-52.41000,DARC,
Marmessulus,,nigricornis,"Stål, 1865","BRAZIL: Santa Catarina, Nova Teutônia.",-27.18000,-52.41000,DARC,
Marmessulus,,nigricornis,"Stål, 1865","BRAZIL: São Paulo, Campos Jordão, 1510m, Faz. Guarda-Serrote",-22.74000,-45.59000,MZSP,
Marmessulus,,nigricornis,"Stål, 1865",ARGENTINA: Missiones,-26.83010,-54.84800,MZSP,
Marmessulus,,nigricornis,"Stål, 1865","ARGENTINA: Buenos Aires, Co. Pan de Azúcar, Sa. de Cura-Malal, (Partido de Tornquist)",-38.18580,-62.24720,Carpintero & De Biase 2019,
Marmessulus,,nigricornis,"Stål, 1865","ARGENTINA:  Buenos Aires,Salinas Chicas, (Partido de Villarino)",-38.69480,-62.93430,Carpintero & De Biase 2019,
Marmessulus,,nigricornis,"Stål, 1865","ARGENTINA:  Buenos Aires, San Eduardo del Mar, Pdo. Gral. Pueyrredón",-38.23390,-57.76350,Carpintero & De Biase 2019,
Martinina,,inexpectata,"Schouteden, 1907",CHINA: Sichuan,30.50000,102.66000,Rider & Zheng 2002,
Martinina,,inexpectata,"Schouteden, 1907",CHINA: Yunnan,25.00000,101.50000,Rider & Zheng 2002,
Martinina,,inexpectata,"Schouteden, 1907",TIBET: Mou-Pin (Holotype - Paris),33.21000,86.13000,MNHN,
Martinina,,prima,"Distant, 1908",INDIA: Assam,26.00000,93.00000,Roell et al 2023,
Mecosoma,,coquerelii,"Signoret, 1861",MADAGASCAR,-20.00000,47.00000,Thomas 1994,
Mecosoma,,floridum,"Distant, 1890",KENYA,1.00000,38.00000,Thomas 1994,
Mecosoma,,floridum,"Distant, 1890",ZIMBABWE,-19.00000,29.75000,Thomas 1994,
Mecosoma,,mensor,"Germar, 1837","CAMEROON: Baigom, Bamoun",4.88000,10.08000,Maldès & Pluot-Sigwalt 2004,
Mecosoma,,mensor,"Germar, 1837",CAMEROON: Foumbot,5.50000,10.63000,Maldès & Pluot-Sigwalt 2004,
Mecosoma,,mensor,"Germar, 1837",IVORY COAST: Bouaké ,7.69000,-5.03000,Maldès & Pluot-Sigwalt 2004,
Mecosoma,,mensor,"Germar, 1837",KENYA: Eldoret ,0.52030,35.26990,AMNH,
Mecosoma,,mensor,"Germar, 1837",UGANDA: Serere,1.48700,33.45200,NHMUK,
Mecosoma,,mensor,"Germar, 1837",NIGERIA: Ibadan,7.37000,3.90000,NHMUK,
Mecosoma,,mensor,"Germar, 1837",NIGERIA: Ibadan,7.37000,3.90000,NHMUK,
Mecosoma,,mensor,"Germar, 1837","UGANDA: Kampala, Kawanda",0.42000,32.54000,NHMUK,
Mecosoma,,mensor,"Germar, 1837",DEMOCRATIC REPUBLIC OF THE CONGO: Mayidi,-5.18707,15.15483,RMCA,
Mecosoma,,mensor,"Germar, 1837","UGANDA: Kasenyi, Lake Albert",1.66190,31.08500,RMCA,
Mecosoma,,mensor,"Germar, 1837",NIGERIA: Ibadan,7.37000,3.90000,RMCA,
Mecosoma,,mensor,"Germar, 1837","DEMOCRATIC REPUBLIC OF THE CONGO: Mutshatsha, Kando",-10.83330,25.73330,RMCA,
Mecosoma,,mensor,"Germar, 1837",KENYA: Kimande (Lee Edovard),-0.81660,36.80000,RMCA,
Mecosoma,,mensor,"Germar, 1837",ZAMBIA: Mweru-Wantipa,-8.68690,29.50360,RBINS,
Mecosoma,,mensor,"Germar, 1837",ZIMBABWE: Harare (Salisbury Mashonaland),-17.83000,31.03620,Roell et al 2023,
Montrouzieriellus,,borneensis,"Distant, 1900",BORNEO: Pampat,1.40000,110.98333,Roell et al 2023,
Montrouzieriellus,,falleni,"Guérin-Méneville, 1831",NEW GUINEA,-5.00000,140.00000,Ruckes 1963,
Montrouzieriellus,,falleni,"Guérin-Méneville, 1831","MICRONESIA: Palau, Koror",7.50000,134.62000,Ruckes 1963,
Montrouzieriellus,,falleni,"Guérin-Méneville, 1831",MICRONESIA: Ponape,6.95379,158.27220,Ruckes 1963,
Montrouzieriellus,,falleni,"Guérin-Méneville, 1831",MICRONESIA: Kusaie,5.32000,162.98000,Ruckes 1963,
Montrouzieriellus,,falleni,"Guérin-Méneville, 1831",MICRONESIA: Marshall,7.29656,168.69487,Ruckes 1963,
Montrouzieriellus,,falleni,"Guérin-Méneville, 1831",MICRONESIA: Gilbert Is,0.20882,173.42193,Ruckes 1963,
Montrouzieriellus,,falleni,"Guérin-Méneville, 1831","PAPUA NEW GUINEA: Oro Province, Mount Lamington District.",-8.95000,148.15000,AMS,
Montrouzieriellus,,falleni,"Guérin-Méneville, 1831","PAPUA NEW GUINEA: Central Province, Angabunga River.",-8.59000,146.73000,AMS,
Montrouzieriellus,,falleni,"Guérin-Méneville, 1831","PAPUA NEW GUINEA: Oro Province, Mount Lamington District. ",-8.95000,148.15000,AMS,
Montrouzieriellus,,falleni,"Guérin-Méneville, 1831","PAPUA NEW GUINEA: Oro Province, Mount Lamington District.",-8.95000,148.15000,AMS,
Montrouzieriellus,,falleni,"Guérin-Méneville, 1831","PAPUA NEW GUINEA: Bougainville Island, Empress Augusta Bay, Piva Riva. ",-6.26000,155.11000,AMS,
Montrouzieriellus,,falleni,"Guérin-Méneville, 1831","PAPUA NEW GUINEA: Oro Province, Mount Lamington District",-8.95000,148.15000,AMS,
Montrouzieriellus,,falleni,"Guérin-Méneville, 1831","PAPUA NEW GUINEA: Kokoda, 1,200ft, 1933-VI, L.E. Cheesman, B.M",-8.87770,147.73640,NHMUK,
Montrouzieriellus,,falleni,"Guérin-Méneville, 1831","SOLOMON Islands: Guadalcanal, Kukum",-9.43680,159.97920,NHMUK,
Montrouzieriellus,,falleni,"Guérin-Méneville, 1831","SOLOMON Islands: Guadalcanal, Kukum,",-9.43680,159.97920,NHMUK,
Montrouzieriellus,,falleni,"Guérin-Méneville, 1831","SAMOA island: Asau, W. Samoa",-13.51811,-172.62249,NHMUK,
Montrouzieriellus,,falleni,"Guérin-Méneville, 1831","INDONESIA: Papua Ocidental, Irian Jaya, Anggi, Tetaho Kosmena, Manokwari, 1400-1750m",-0.86000,134.06000,EMG,
Montrouzieriellus,,falleni,"Guérin-Méneville, 1831","INDONESIA: Celebes Central, Poso Regency, Pamona do Norte, Sawidago",-1.73000,120.68000,EMG,
Montrouzieriellus,,inermis,"Schouteden, 1907",NEW GUINEA,-5.00000,140.00000,Thomas 1994,
Montrouzieriellus,,laetus,"Walker, 1867",INDONESIA: Pulau Halmahera (Gilolo),0.60000,127.85000,Roell et al 2023,
Montrouzieriellus,,laetus,"Walker, 1867",NEW GUINEA,-5.00000,140.00000,Thomas 1994,
Montrouzieriellus,,laetus,"Walker, 1867","INDONESIA: Papua Ocidental, Irian Jaya, Anggi, Tetaho Kosmena, Manokwari, 1400-1750m",-0.86000,134.06000,EMG,
Montrouzieriellus,,laetus,"Walker, 1867","INDONESIA: Papua Ocidental, Irian Jaya, Anggi, Tetaho Kosmena, Manokwari, 1400-1750m",-0.86000,134.06000,EMG,
Montrouzieriellus,,laetus,"Walker, 1867","INDONESIA: Papua, Prov. Jayawijay, Borme to Omban, 1000-1300m,",-4.23000,140.34000,EMG,
Montrouzieriellus,,laetus,"Walker, 1867","INDONESIA: Papua, Prov. Jayawijay, Borme to Omban, 1000-1300m",-4.23000,140.34000,EMG,
Montrouzieriellus,,laetus,"Walker, 1867","INDONESIA: Papua, Jayawijaya, Emdoman, 900-1200m",-4.13000,138.87000,EMG,
Montrouzieriellus,,laetus,"Walker, 1867","INDONESIA: Celeves Central, Palopo City, Gn. Sampuna, 800-1050m",-3.00000,120.19000,EMG,
Montrouzieriellus,,lefebvrei,"Spinola, 1837",INDONESIA: Java,-7.49000,110.00000,Thomas 1994,
Montrouzieriellus,,minor,"Ellenrieder, 1862",INDONESIA: Sumatra,0.00000,102.00000,Thomas 1994,
Montrouzieriellus,,purparascens,"Walker, 1868",INDONESIA: Ceram,-3.13334,129.50000,Roell et al 2023,"The holotype was described for ""Ceram"" (Walker 1868; Roell et al 2023). Thomas listed the Mollucas Islands as the distributional locality for this species. We recovered the geographic coordinates for ""Seram"" from the Geonames platform (https://www.geonames.org/1627558/seram-island.html)"
Montrouzieriellus,,turneri,"Distant, 1911","AUSTRALIA: Queensland, Townsville",-19.26639,146.80569,Roell et al 2023,
Montrouzieriellus,,turneri,"Distant, 1911","AUSTRALIA: Queensland, Mackay",-21.15345,149.16554,Roell et al 2023,
Montrouzieriellus,,turneri,"Distant, 1911","PAPUA NEW GUINEA: Western Province, Middle Fly, Lake Murray",-7.21000,141.48000,AMS,
Oechalia,,acuta,"Usinger, 1941","USA: HAWAII, Hawaii, Kilauea",19.46944,-155.27250,Usinger 1941,
Oechalia,,acuta,"Usinger, 1941","USA: HAWAII, Hawaii, Waimea",20.02323,-155.67288,Usinger 1941,
Oechalia,,bryani,"Usinger, 1941","USA: HAWAII: Hawaii, Hookomo",19.72000,-155.44000,Usinger 1941,
Oechalia,,bryani,"Usinger, 1941","USA: HAWAII: Hawaii, Nauhi Gulch",19.88665,-155.18373,Usinger 1941,
Oechalia,,bryani,"Usinger, 1941","USA: HAWAII: Hawaii, Kahuku",19.91694,-155.18194,Usinger 1941,
Oechalia,,ferruginea,"Usinger, 1941","USA: HAWAII, Hawaii, Kilauea",19.46944,-155.27250,Usinger 1941,
Oechalia,,grisea,"Burmeister, 1834",USA: HAWAII: Oahu,21.46000,-157.98000,Usinger 1941,
Oechalia,,grisea,"Burmeister, 1834",USA: HAWAII: Kauai,22.08161,-159.51332,Usinger 1941,
Oechalia,,hirtipes,"Van Duzee, 1936","USA: HAWAII, Hawaii, Kilauea",19.46944,-155.27250,Usinger 1941,
Oechalia,,kaonohi,"Kirkaldy, 1909","USA: HAWAII, Hawaii, Naalehu",19.06759,-155.57984,Usinger 1941,
Oechalia,,kaonohi,"Kirkaldy, 1909","USA: HAWAII, Hawaii, Pahala",19.20297,-155.47860,Usinger 1941,
Oechalia,,kaonohi,"Kirkaldy, 1909","USA: HAWAII, Hawaii, Olaa",19.48750,-155.23194,Usinger 1941,
Oechalia,,kaonohi,"Kirkaldy, 1909","USA: HAWAII: Kauai, Lihue",21.98121,-159.37210,Usinger 1941,
Oechalia,,kaonohi,"Kirkaldy, 1909",USA: HAWAII: Maui,21.13000,-157.00000,Usinger 1941,
Oechalia,,kaonohi,"Kirkaldy, 1909","USA: HAWAII: Hawaii, Niulii",20.22229,-155.74421,Usinger 1942,
Oechalia,,pacifica,"Stål, 1859","USA: HAWAII: Kauai, Kokee",22.14082,-159.63122,Usinger 1941,
Oechalia,,pacifica,"Stål, 1859","USA: HAWAII: Oahu, Tantalus",21.33610,-157.81681,Usinger 1941,
Oechalia,,pacifica,"Stål, 1859","USA: HAWAII: Maui, Kainalu",21.10917,-156.78917,Usinger 1941,
Oechalia,,pacifica,"Stål, 1859","USA: HAWAII: Maui, Puu Kolekole",21.10220,-156.90159,Usinger 1941,
Oechalia,,pacifica,"Stål, 1859","USA: HAWAII: Maui, Lanai",20.82757,-156.92399,Usinger 1941,
Oechalia,,patruelis,"Stål, 1859","USA: HAWAII: Oahu, Punaluu",21.57045,-157.87557,Usinger 1941,
Oechalia,,patruelis,"Stål, 1859","USA: HAWAII: Oahu, Lanihuli",21.37035,-157.81039,Usinger 1941,
Oechalia,,patruelis,"Stål, 1859","USA: HAWAII: Oahu, Koolau Mountains",21.45060,-157.89850,Usinger 1941,
Oechalia,,patruelis,"Stål, 1859","USA: HAWAII: Oahu, Olympus",21.33980,-157.77810,Usinger 1941,
Oechalia,,patruelis,"Stål, 1859","USA: HAWAII: Oahu, Wahiawa",21.96444,-159.52111,Usinger 1941,
Oechalia,,patruelis,"Stål, 1859","USA: HAWAII: Oahu, Waialae",21.26962,-157.78665,Usinger 1941,
Oechalia,,patruelis,"Stål, 1859","USA: HAWAII: Oahu, Mt. Kaala",21.50760,-158.14252,Usinger 1941,
Oechalia,,patruelis,"Stål, 1859","USA: HAWAII: Oahu, Haleauau Valley",21.51824,-158.08159,Usinger 1941,
Oechalia,,schellenbergii,"Guérin-Méneville, 1831",AUSTRALIA: New South Wales,-33.86500,151.20940,Gapon & Konstantinov 2006,
Oechalia,,schellenbergii,"Guérin-Méneville, 1831",AUSTRALIA: Alice Springs,-23.69000,133.88000,Gapon & Konstantinov 2006,
Oechalia,,schellenbergii,"Guérin-Méneville, 1831",AUSTRALIA: Nouthern,-12.41000,130.92140,Gapon & Konstantinov 2006,
Oechalia,,schellenbergii,"Guérin-Méneville, 1831",MICRONESIA: Wake,19.27999,166.64938,Ruckes 1963,
Oechalia,,schellenbergii,"Guérin-Méneville, 1831",MICRONESIA: Marshall,7.29656,168.69487,Ruckes 1963,
Oechalia,,schellenbergii,"Guérin-Méneville, 1831","AUSTRALIA: New South Wales, Moree",-29.46000,149.84000,Mensah 2002,
Oechalia,,schellenbergii,"Guérin-Méneville, 1831","AUSTRALIA: Queensland, Almaden",-17.33000,144.68000,AMS,
Oechalia,,schellenbergii,"Guérin-Méneville, 1831","AUSTRALIA: Queensland, Slaty Creek, South of Cloncurry",-20.86000,140.35000,AMS,
Oechalia,,schellenbergii,"Guérin-Méneville, 1831",AUSTRALIA: Western AUSTRALIA: Bunbury,-33.34000,115.64000,AMS,
Oechalia,,schellenbergii,"Guérin-Méneville, 1831","AUSTRALIA: New South Wales, ""Calumet"", 24km NE of Binnaway",-31.34000,149.57000,AMS,
Oechalia,,schellenbergii,"Guérin-Méneville, 1831","AUSTRALIA: New South Wales, Mullaley",-31.09000,149.91000,AMS,
Oechalia,,schellenbergii,"Guérin-Méneville, 1831","AUSTRALIA: New South Wales, Bogan River",-31.54000,147.11000,AMS,
Oechalia,,schellenbergii,"Guérin-Méneville, 1831","AUSTRALIA: New South Wales, Blue Mountains National Park",-33.66000,150.28000,AMS,
Oechalia,,schellenbergii,"Guérin-Méneville, 1831","AUSTRALIA: Queensland, Aramac, Powella Station",-22.98000,145.06000,AMS,
Oechalia,,schellenbergii,"Guérin-Méneville, 1831","AUSTRALIA: New South Wales, Nepean River, Nortons Basin",-33.85000,150.61000,AMS,
Oechalia,,schellenbergii,"Guérin-Méneville, 1831","AUSTRALIA: New South Wales, Lord Howe Island",-31.55000,159.08000,AMS,
Oechalia,,schellenbergii,"Guérin-Méneville, 1831","AUSTRALIA: New South Wales, ""Wyvern"", Bringagee",-34.46000,145.65000,AMS,
Oechalia,,schellenbergii,"Guérin-Méneville, 1831","AUSTRALIA: New South Wales, Berridale",-36.37000,148.84000,AMS,
Oechalia,,schellenbergii,"Guérin-Méneville, 1831","AUSTRALIA: Northern Territory, Andado Station",-25.42000,135.29000,AMS,
Oechalia,,schellenbergii,"Guérin-Méneville, 1831","AUSTRALIA: New South Wales, Berridale",-36.37000,148.84000,AMS,
Oechalia,,schellenbergii,"Guérin-Méneville, 1831","AUSTRALIA: New South Wales, Sydney, Parramatta",-33.81000,151.01000,AMS,
Oechalia,,schellenbergii,"Guérin-Méneville, 1831","AUSTRALIA: South AUSTRALIA: Purnong, Murray River",-34.85000,139.61000,AMS,
Oechalia,,schellenbergii,"Guérin-Méneville, 1831",AUSTRALIA: South AUSTRALIA: Adelaide.,-34.93000,138.60000,AMS,
Oechalia,,schellenbergii,"Guérin-Méneville, 1831","AUSTRALIA: New South Wales, Moree, Mehi River",-29.46000,149.83000,AMS,
Oechalia,,schellenbergii,"Guérin-Méneville, 1831","AUSTRALIA: Queensland, Cunnamulla District",-27.97000,145.93000,AMS,
Oechalia,,schellenbergii,"Guérin-Méneville, 1831","AUSTRALIA: New South Wales, Caldwell.",-35.63000,144.51000,AMS,
Oechalia,,schellenbergii,"Guérin-Méneville, 1831","AUSTRALIA: Queensland, Bollon",-28.01000,147.44000,AMS,
Oechalia,,schellenbergii,"Guérin-Méneville, 1831","AUSTRALIA: New South Wales, Blue Mountains, Blackheath",-33.63000,150.28000,AMS,
Oechalia,,schellenbergii,"Guérin-Méneville, 1831","AUSTRALIA: New South Wales, Glenbrook Creek, Nepean River",-33.73000,150.58000,AMS,
Oechalia,,schellenbergii,"Guérin-Méneville, 1831","AUSTRALIA: New South Wales, Blue Mountains, Mount Victoria",-33.59000,150.25000,AMS,
Oechalia,,schellenbergii,"Guérin-Méneville, 1831","AUSTRALIA: New South Wales, Broken Hill.",-31.96000,141.45000,AMS,
Oechalia,,schellenbergii,"Guérin-Méneville, 1831","AUSTRALIA: Queensland, Clermont",-22.82000,147.63000,AMS,
Oechalia,,schellenbergii,"Guérin-Méneville, 1831","AUSTRALIA: Queensland, Kuranda.",-16.82000,145.63000,AMS,
Oechalia,,schellenbergii,"Guérin-Méneville, 1831","AUSTRALIA: Queensland, Cunnamulla District",-27.97000,145.93000,AMS,
Oechalia,,schellenbergii,"Guérin-Méneville, 1831","AUSTRALIA: Queensland, Bunya Mountains",-26.85000,151.56000,AMS,
Oechalia,,schellenbergii,"Guérin-Méneville, 1831","FRENCH POLYNESIA: Tahiti, Society Islands",-17.67000,-149.40000,UMSP,
Oechalia,,schellenbergii,"Guérin-Méneville, 1831",AUSTRALIA: Moreton Bay,-27.10731,152.92937,Roell et al 2023,
Oechalia,,schellenbergii,"Guérin-Méneville, 1831",NEW ZEALAND,-42.83863,172.71875,Roell et al 2023,
Oechalia,,similis,"Usinger, 1941","USA: HAWAII, Maui, Kula Pipe Line",20.65500,-156.38472,Usinger 1941,
Oechalia,,sinuata,"Usinger, 1942","USA: HAWAII, Oahu, Kaala",21.50766,-158.14231,Usinger 1942,
Oechalia,,suehiroae,"Usinger, 1941","USA: HAWAII, Maui, Haleakala",20.70972,-156.25333,Usinger 1941,
Oechalia,,swezeyi,"Usinger, 1941","USA: HAWAII, Maui, Molokai",21.14290,-157.03164,Usinger 1941,
Oechalia,,swezeyi,"Usinger, 1941","USA: HAWAII, Oahu, Honolulu",21.31068,-157.84235,Usinger 1941,
Oechalia,,virescens,"Usinger, 1941","USA: HAWAII: Kauai, Kokee",22.14082,-159.63122,Usinger 1941,
Oechalia,,virescens,"Usinger, 1941","USA: HAWAII: Kauai, Kaholuamanu",22.06477,-159.59895,Usinger 1941,
Oechalia,,virescens,"Usinger, 1941","USA: HAWAII: Kauai, Kumuwela",22.12325,-159.64568,Usinger 1941,
Oechalia,,virescens,"Usinger, 1941","USA: HAWAII: Kauai, Halemanu",22.11337,-159.67070,Usinger 1941,
Oechalia,,virescens,"Usinger, 1941","USA: HAWAII: Kauai, Alakai Swamp",22.14673,-159.61782,Usinger 1941,
Oechalia,,virescens,"Usinger, 1941","USA: HAWAII: Kauai, Kauaikinana",22.12564,-159.62749,Usinger 1941,
Oechalia,,virescens,"Usinger, 1941","USA: HAWAII: Kauai, Wahiawa",21.96444,-159.52111,Usinger 1941,
Oechalia,,virescens,"Usinger, 1941","USA: HAWAII: Kauai, Makaweli",22.04278,-159.58000,Usinger 1941,
Oechalia,,virgula,"Van Duzee, 1936","USA: HAWAII, Hawaii, Puuwaawaa",19.79861,-155.88361,Usinger 1941,
Oechalia,,virgula,"Van Duzee, 1936","USA: HAWAII, Hawaii, Kilauea",19.46944,-155.27250,Usinger 1941,
Oplomus,,annotatus,"Uhler, 1863",CUBA,22.00000,-79.50000,Thomas 1994,
Oplomus,,catena,"Drury, 1782",ARGENTINA:  Misiones,-26.81000,-54.34000,Dellape et al 2003,
Oplomus,,catena,"Drury, 1782",PARAGUAY,-23.33000,-58.00000,Dellape et al 2003,
Oplomus,,catena,"Drury, 1782","BRAZIL: Rio de Janeiro, Rio de Janeiro, Corcovado.",-22.95000,-43.21000,MNRJ,
Oplomus,,catena,"Drury, 1782","BRAZIL: Rio de Janeiro, Serra dos Órgâos, Petrópolis",-22.45000,-43.11000,MNRJ,
Oplomus,,catena,"Drury, 1782","BRAZIL: Paraná, Arapongas",-23.41000,-51.42000,MNRJ,
Oplomus,,catena,"Drury, 1782","BRAZIL: Rio Grande do Sul, São Francisco de Paula, Floresta Nacional de São Francisco de Paula.",-29.42000,-50.38000,UFRG,
Oplomus,,catena,"Drury, 1782","BRAZIL: Minas Gerais, Viçosa",-20.75000,-42.87000,UFRG,
Oplomus,,catena,"Drury, 1782","BRAZIL: Minas Gerais, Viçosa.",-20.75000,-42.87000,UFRG,
Oplomus,,catena,"Drury, 1782","BRAZIL: Minas Gerais, Viçosa.",-20.75000,-42.87000,UFRG,
Oplomus,,catena,"Drury, 1782","BRAZIL: São Paulo, Sorocaba, Castelo Branco.",-23.37000,-47.42000,UFRG,
Oplomus,,catena,"Drury, 1782","BRAZIL: Paraná, Iguassú. ",-26.11000,-50.66000,UFRG,
Oplomus,,catena,"Drury, 1782","BRAZIL: Rio Grande do Sul, Santa Maria. ",-29.68000,-53.81000,UFRG,
Oplomus,,catena,"Drury, 1782","BRAZIL: Rio Grande do Sul, Nonoai, Parque Estadual de Nonoai.",-27.34000,-52.76000,UFRG,
Oplomus,,catena,"Drury, 1782","BRAZIL: Rio Grande do Sul, Bozano",-28.36000,-53.77000,UFRG,
Oplomus,,catena,"Drury, 1782","BRAZIL: Paraná, Tibagi, Salto da Conceição",-24.46000,-50.47000,DZUP,
Oplomus,,catena,"Drury, 1782","BRAZIL: Paraná, Ponta Grossa.",-25.09000,-50.16000,DZUP,
Oplomus,,catena,"Drury, 1782","BRAZIL: Rio de Janeiro, Rio de Janeiro, Baía de Guanabara, RJ.",-22.71000,-42.20500,DZUP,
Oplomus,,catena,"Drury, 1782","BRAZIL: Paraná, Ponta Grossa, Pedreira. ",-25.09000,-50.15000,DZUP,
Oplomus,,catena,"Drury, 1782","BRAZIL: Paraná, Ponta Grossa, Pedreira. ",-25.09000,-50.15000,DZUP,
Oplomus,,catena,"Drury, 1782","BRAZIL: Paraná, Ponta Grossa, Pedreira. ",-25.09000,-50.15000,DZUP,
Oplomus,,catena,"Drury, 1782","BRAZIL: Santa Catarina, Nova Teutônia. 300m-500m. ",-27.18000,-52.42000,DZUP,
Oplomus,,catena,"Drury, 1782","BRAZIL: Paraná, Ponta Grossa.",-25.09000,-50.15000,DZUP,
Oplomus,,catena,"Drury, 1782","BRAZIL: Paraná, Ribeirão do Pinhal",-23.40000,-50.35000,DZUP,
Oplomus,,catena,"Drury, 1782","BRAZIL: Santa Catarina, Nova Teutônia",-27.16000,-52.41000,EMG,
Oplomus,,catena,"Drury, 1782","BRAZIL: Santa Catarina, Nova Teutônia",-27.16000,-52.41000,EMG,
Oplomus,,catena,"Drury, 1782","BRAZIL: Santa Catarina, Nova Teutônia",-27.16000,-52.41000,EMG,
Oplomus,,catena,"Drury, 1782","BRAZIL: Santa Catarina, Nova Teutônia",-27.16000,-52.41000,EMG,
Oplomus,,catena,"Drury, 1782","BRAZIL: Santa Catarina, Nova Teutônia",-27.16000,-52.41000,EMG,
Oplomus,,catena,"Drury, 1782","BRAZIL: Rio de Janeiro, Tijuca, G. Barb. Frey",-22.93000,-43.24000,EMG,
Oplomus,,catena,"Drury, 1782","BRAZIL: Santa Catarina, Nova Teutônia",-27.16000,-52.41000,EMG,
Oplomus,,catena,"Drury, 1782","BRAZIL: Santa Catarina, Nova Teutônia",-27.16000,-52.41000,EMG,
Oplomus,,catena,"Drury, 1782","BRAZIL: Santa Catarina, Nova Teutônia",-27.16000,-52.41000,EMG,
Oplomus,,catena,"Drury, 1782","BRASIL: Rio de Janeiro, Nova Friburgo, Mury.",-22.29100,-42.53290,MZSP,
Oplomus,,catena,"Drury, 1782","BRASIL: Rio de Janeiro, Nova Friburgo, Mury",-22.29100,-42.53290,MZSP,
Oplomus,,catena,"Drury, 1782","BRASIL: Rio de Janeiro, Nova Friburgo, Mury",-22.29100,-42.53290,MZSP,
Oplomus,,catena,"Drury, 1782","BRASIL: Santa Catarina, Timbó",-26.82590,-49.27110,MZSP,
Oplomus,,catena,"Drury, 1782","BRASIL: Santa Catarina, Timbó",-26.82590,-49.27110,MZSP,
Oplomus,,catena,"Drury, 1782","BRASIL: Santa Catarina, Timbó",-26.82590,-49.27110,MZSP,
Oplomus,,catena,"Drury, 1782","BRASIL: Santa Catarina, Timbó",-26.82590,-49.27110,MZSP,
Oplomus,,catena,"Drury, 1782","BRASIL: Santa Catarina, Timbó",-26.82590,-49.27110,MZSP,
Oplomus,,catena,"Drury, 1782","BRASIL: São Paulo, Ferraz de Vasconcelos",-23.54940,-46.37250,MZSP,
Oplomus,,catena,"Drury, 1782","BRASIL: São Paulo, Ferraz de Vasconcelos",-23.54940,-46.37250,MZSP,
Oplomus,,catena,"Drury, 1782","BRASIL: São Paulo, Água Funda",-23.63390,-46.62540,MZSP,
Oplomus,,catena,"Drury, 1782","BRASIL: Santa Catarina, Timbó",-26.82590,-49.27110,MZSP,
Oplomus,,catena,"Drury, 1782","BRASIL: Santa Catarina, Timbó",-26.82590,-49.27110,MZSP,
Oplomus,,catena,"Drury, 1782","BRASIL: Santa Catarina, Timbó",-26.82590,-49.27110,MZSP,
Oplomus,,catena,"Drury, 1782","BRASIL: Santa Catarina, Timbó",-26.82590,-49.27110,MZSP,
Oplomus,,catena,"Drury, 1782","BRASIL: Santa Catarina, Timbó",-26.82590,-49.27110,MZSP,
Oplomus,,catena,"Drury, 1782","BRASIL: Santa Catarina, Timbó",-26.82590,-49.27110,MZSP,
Oplomus,,catena,"Drury, 1782","BRASIL: Santa Catarina, Timbó",-26.82590,-49.27110,MZSP,
Oplomus,,catena,"Drury, 1782","BRASIL: Paraná, Rolândia",-23.31010,-51.36190,MZSP,
Oplomus,,catena,"Drury, 1782","BRASIL: Paraná, Rolândia",-23.31010,-51.36190,MZSP,
Oplomus,,catena,"Drury, 1782","BRASIL: Santa Catarina, Timbó",-26.82590,-49.27110,MZSP,
Oplomus,,catena,"Drury, 1782","BRASIL: Santa Catarina, Timbó",-26.82590,-49.27110,MZSP,
Oplomus,,catena,"Drury, 1782","BRASIL: Santa Catarina, Anita Garibaldi",-27.68540,-51.13030,MZSP,
Oplomus,,catena,"Drury, 1782","BRASIL: São Paulo, Horto Florestal",-23.45050,-46.63250,MZSP,
Oplomus,,catena,"Drury, 1782","BRASIL: São Paulo, Horto Florestal",-23.45050,-46.63250,MZSP,
Oplomus,,catena,"Drury, 1782","BRASIL: Timbó, Rodeio, Rio Benedito",-26.92240,-49.36760,MZSP,
Oplomus,,catena,"Drury, 1782","BRASIL: São Paulo, Tapiraí",-23.96270,-47.50830,MZSP,
Oplomus,,catena,"Drury, 1782","BRASIL: São Paulo, Cantareira",-23.40300,-46.59200,MZSP,
Oplomus,,catena,"Drury, 1782","BRASIL: Santa Catarina, Timbó",-26.82590,-49.27110,MZSP,
Oplomus,,catena,"Drury, 1782","BRASIL: Timbó, Rodeio, Rio Benedito",-26.92240,-49.36760,MZSP,
Oplomus,,catena,"Drury, 1782","BRASIL: Santa Catarina, Anitápolis",-27.90490,-49.12930,MZSP,
Oplomus,,catena,"Drury, 1782","BRASIL: Santa Catarina, Timbó",-26.82590,-49.27110,MZSP,
Oplomus,,catena,"Drury, 1782","BRASIL: Santa Catarina, Timbó",-26.82590,-49.27110,MZSP,
Oplomus,,catena,"Drury, 1782","BRASIL: São Paulo, Horto Florestal",-23.45050,-46.63250,MZSP,
Oplomus,,cruentus,"Burmeister, 1835","ARGENTINA:  Buenos Aires, Flores",-34.62000,-58.46000,Dellape et al. 2003,
Oplomus,,cruentus,"Burmeister, 1835","ARGENTINA:  Buenos Aires, Rio Santiago",-34.70200,-58.47250,Dellape et al. 2003,
Oplomus,,cruentus,"Burmeister, 1835","ARGENTINA:  Buenos Aires, Olivo",-34.60000,-58.37000,Dellape et al. 2003,
Oplomus,,cruentus,"Burmeister, 1835","ARGENTINA:  Buenos Aires, Palermo",-34.57000,-58.42000,Dellape et al. 2003,
Oplomus,,cruentus,"Burmeister, 1835","ARGENTINA:  Buenos Aires, Quilmes",-34.72000,-58.26000,Dellape et al. 2003,
Oplomus,,cruentus,"Burmeister, 1835","ARGENTINA:  Buenos Aires, San Fernando",-34.44000,-58.54000,Dellape et al. 2003,
Oplomus,,cruentus,"Burmeister, 1835","ARGENTINA:  Buenos Aires, Tigre",-34.42000,-58.57000,Dellape et al. 2003,
Oplomus,,cruentus,"Burmeister, 1835","ARGENTINA:  Buenos Aires, Vicente Lopez",-34.52000,-58.47000,Dellape et al. 2003,
Oplomus,,cruentus,"Burmeister, 1835","ARGENTINA:  Buenos Aires, Zelaya",-34.37000,-58.87000,Dellape et al. 2003,
Oplomus,,cruentus,"Burmeister, 1835","ARGENTINA:  Catamarca, Andalgala",-27.58000,-66.46000,Dellape et al. 2003,
Oplomus,,cruentus,"Burmeister, 1835","ARGENTINA:  Corrientes, Bella Vista",-28.50000,-58.83000,Dellape et al. 2003,
Oplomus,,cruentus,"Burmeister, 1835","ARGENTINA:  Cordoba, Villa Nueva",-32.43000,-63.24000,Dellape et al. 2003,
Oplomus,,cruentus,"Burmeister, 1835","ARGENTINA:  Entre Ríos, Concordia",-31.39000,-58.02000,Dellape et al. 2003,
Oplomus,,cruentus,"Burmeister, 1835","ARGENTINA:  Santa Fe, Coronda",-31.97000,-60.91000,Dellape et al. 2003,
Oplomus,,cruentus,"Burmeister, 1835","ARGENTINA:  Santa Fe, Gaboto",-32.43000,-60.81000,Dellape et al. 2003,
Oplomus,,cruentus,"Burmeister, 1835","ARGENTINA:  Santa Fe, Rosario",-32.94000,-60.63000,Dellape et al. 2003,
Oplomus,,cruentus,"Burmeister, 1835",ARGENTINA:  San Luis,-33.29000,-66.33000,Dellape et al. 2003,
Oplomus,,cruentus,"Burmeister, 1835","BRAZIL: Rio Grande do Sul, Pelotas",-31.76000,-52.33000,Dellape et al. 2003,
Oplomus,,cruentus,"Burmeister, 1835",BRAZIL: São Paulo,-23.54000,-46.63000,Dellape et al. 2003,
Oplomus,,cruentus,"Burmeister, 1835","BRAZIL: Rio Grande do Sul, Porto Alegre",-30.03000,-51.21000,Dellape et al. 2003,
Oplomus,,cruentus,"Burmeister, 1835",PARAGUAY,-23.33000,-58.00000,Dellape et al. 2003,
Oplomus,,cruentus,"Burmeister, 1835",URUGUAY: Banda Oriental,-33.00000,-56.00000,Dellape et al. 2003,
Oplomus,,cruentus,"Burmeister, 1835","URUGUAY: Canelones, Atlantida",-34.77000,-55.75000,Dellape et al. 2003,
Oplomus,,cruentus,"Burmeister, 1835","URUGUAY: Montevideo, Peñarol",-34.81000,-56.18000,Dellape et al. 2003,
Oplomus,,cruentus,"Burmeister, 1835","BRAZIL: Rio Grande do Sul, Taim",-32.49000,-52.58000,Dellape et al. 2003,
Oplomus,,cruentus,"Burmeister, 1835","BRAZIL: Rio Grande do Sul, Rio Grande",-32.03000,-52.10000,Barão et al. 2013,
Oplomus,,cruentus,"Burmeister, 1835","BRAZIL: Rio Grande do Sul, Estação Ecológica do Taim. ",-32.49000,-52.58000,Barão et al. 2013,
Oplomus,,cruentus,"Burmeister, 1835","BRAZIL: Rio Grande do Sul, Estação Ecológica do Taim.",-32.49000,-52.58000,UFRG,
Oplomus,,cruentus,"Burmeister, 1835","BRAZIL: Rio Grande do Sul, Rio Grande.",-32.03000,-52.10000,UFRG,
Oplomus,,cruentus,"Burmeister, 1835","BRAZIL: Rio Grande do Sul, Rio Grande.",-32.03000,-52.10000,UFRG,
Oplomus,,cruentus,"Burmeister, 1835","BRAZIL: Rio Grande do Sul, Rio Grande.",-32.03000,-52.10000,UFRG,
Oplomus,,cruentus,"Burmeister, 1835","BRAZIL: Rio Grande do Sul, Rio Grande.",-32.03000,-52.10000,UFRG,
Oplomus,,cruentus,"Burmeister, 1835","BRAZIL: Rio Grande do Sul, Rio Grande.",-32.03000,-52.10000,UFRG,
Oplomus,,cruentus,"Burmeister, 1835","BRAZIL: Rio Grande do Sul, Rio Grande.",-32.03000,-52.10000,UFRG,
Oplomus,,cruentus,"Burmeister, 1835","BRAZIL: Rio Grande do Sul, Rio Grande.",-32.03000,-52.10000,UFRG,
Oplomus,,cruentus,"Burmeister, 1835","BRAZIL: Rio Grande do Sul, Rio Grande.",-32.03000,-52.10000,UFRG,
Oplomus,,cruentus,"Burmeister, 1835","BRAZIL: Rio Grande do Sul, Pelotas. ",-31.76000,-52.33000,UFRG,
Oplomus,,cruentus,"Burmeister, 1835","BRAZIL: Rio Grande do Sul, Estação Ecológica do Taim. ",-32.49000,-52.58000,UFRG,
Oplomus,,cruentus,"Burmeister, 1835","BRAZIL: Rio Grande do Sul, Estação Ecológica do Taim.",-32.49000,-52.58000,UFRG,
Oplomus,,cruentus,"Burmeister, 1835","BRAZIL: Rio Grande do Sul, Estação Ecológica do Taim.",-32.49000,-52.58000,UFRG,
Oplomus,,cruentus,"Burmeister, 1835","BRAZIL: Rio Grande do Sul, Rio Grande.",-32.03000,-52.10000,UFRG,
Oplomus,,cruentus,"Burmeister, 1835","BRAZIL: Rio Grande do Sul, Pelotas.",-31.76000,-52.33000,UFRG,
Oplomus,,cruentus,"Burmeister, 1835","BRAZIL: Rio Grande do Sul, Estação Ecológica do Taim.",-32.49000,-52.58000,UFRG,
Oplomus,,cruentus,"Burmeister, 1835","BRAZIL: Rio Grande do Sul, Osório",-29.88000,-50.26000,UFRG,
Oplomus,,cruentus,"Burmeister, 1835","BRAZIL: Rio Grande do Sul, Porto Alegre",-30.03000,-51.21000,UFRG,
Oplomus,,cruentus,"Burmeister, 1835","BRAZIL: Santa Catarina, Lages. ",-27.81000,-50.32000,UFRG,
Oplomus,,cruentus,"Burmeister, 1835","BRAZIL: Rio Grande do Sul, Estação Ecológica do Taim.",-32.49000,-52.58000,UFRG,
Oplomus,,cruentus,"Burmeister, 1835","BRAZIL: Rio Grande do Sul, Estação Ecológica do Taim. ",-32.49000,-52.58000,UFRG,
Oplomus,,cruentus,"Burmeister, 1835","BRAZIL: Rio Grande do Sul, Estação Ecológica do Taim. ",-32.49000,-52.58000,UFRG,
Oplomus,,cruentus,"Burmeister, 1835","BRAZIL: Rio Grande do Sul, Estação Ecológica do Taim. ",-32.49000,-52.58000,UFRG,
Oplomus,,cruentus,"Burmeister, 1835","BRAZIL: Rio Grande do Sul, Estação Ecológica do Taim. ",-32.49000,-52.58000,UFRG,
Oplomus,,cruentus,"Burmeister, 1835","BRAZIL: Rio Grande do Sul, Estação Ecológica do Taim. ",-32.49000,-52.58000,UFRG,
Oplomus,,cruentus,"Burmeister, 1835","BRAZIL: Rio Grande do Sul, Estação Ecológica do Taim. ",-32.49000,-52.58000,UFRG,
Oplomus,,cruentus,"Burmeister, 1835","BRAZIL: Rio Grande do Sul, Rio Grande.",-32.03000,-52.10000,UFRG,
Oplomus,,cruentus,"Burmeister, 1835","BRAZIL: Rio Grande do Sul, Rio Grande.",-32.03000,-52.10000,UFRG,
Oplomus,,cruentus,"Burmeister, 1835","BRAZIL: Rio Grande do Sul, Rio Grande.",-32.03000,-52.10000,UFRG,
Oplomus,,cruentus,"Burmeister, 1835","BRAZIL: Rio Grande do Sul, Rio Grande.",-32.03000,-52.10000,UFRG,
Oplomus,,cruentus,"Burmeister, 1835","BRAZIL: Rio Grande do Sul, Rio Grande.",-32.03000,-52.10000,UFRG,
Oplomus,,cruentus,"Burmeister, 1835","BRAZIL: Rio Grande do Sul, Rio Grande.",-32.03000,-52.10000,UFRG,
Oplomus,,cruentus,"Burmeister, 1835","BRAZIL: Rio Grande do Sul, Estação Ecológica do Taim. ",-32.49000,-52.58000,UFRG,
Oplomus,,cruentus,"Burmeister, 1835","BRAZIL: Rio Grande do Sul, Rio Grande.",-32.03000,-52.10000,UFRG,
Oplomus,,cruentus,"Burmeister, 1835","BRAZIL: Rio Grande do Sul, Rio Grande.",-32.03000,-52.10000,UFRG,
Oplomus,,cruentus,"Burmeister, 1835","BRAZIL: Rio Grande do Sul, Estação Ecológica do Taim. ",-32.49000,-52.58000,UFRG,
Oplomus,,cruentus,"Burmeister, 1835","BRAZIL: Rio Grande do Sul, Estação Ecológica do Taim. ",-32.49000,-52.58000,UFRG,
Oplomus,,cruentus,"Burmeister, 1835","BRAZIL: Rio Grande do Sul, Pelotas. ",-31.76000,-52.33000,UFRG,
Oplomus,,cruentus,"Burmeister, 1835","BRAZIL: Rio Grande do Sul, Porto Alegre.",-30.03000,-51.21000,UFRG,
Oplomus,,cruentus,"Burmeister, 1835","BRAZIL: Rio Grande do Sul, Estação Ecológica do Taim. ",-32.49000,-52.58000,UFRG,
Oplomus,,cruentus,"Burmeister, 1835","BRAZIL: Rio Grande do Sul, Porto Alegre.",-30.03000,-51.21000,UFRG,
Oplomus,,cruentus,"Burmeister, 1835","BRAZIL: Rio Grande do Sul, Pelotas.",-31.76000,-52.33000,UFRG,
Oplomus,,cruentus,"Burmeister, 1835","BRAZIL: Santa Catarina, Lages",-27.80450,-50.31710,UFRG,
Oplomus,,cruentus,"Burmeister, 1835","BRAZIL: RS, Rio Grande, Taim BR 47 Km 96 ",-32.53000,-52.53000,UFRG,
Oplomus,,cruentus,"Burmeister, 1835",ECUADOR: Província de Tungurahua,-1.40000,-78.43000,EMG,
Oplomus,,cruentus,"Burmeister, 1835","BRAZIL: Rio Grande do Sul, Taim.",-32.49000,-52.58000,DZUP,
Oplomus,,cruentus,"Burmeister, 1835","BRAZIL: Santa Catarina, São Bento do Sul, Rio Vermelho",-26.28000,-49.33000,DZUP,
Oplomus,,cruentus,"Burmeister, 1835","BRAZIL: Santa Catarina, São Bento do Sul, Rio Vermelho",-26.28000,-49.33000,DZUP,
Oplomus,,cruentus,"Burmeister, 1835","BRAZIL: Santa Catarina, São Bento do Sul, Rio Vermelho",-26.28000,-49.33000,DZUP,
Oplomus,,dichrous,"Herrich-Schäfer, 1838",HONDURAN: Comayagua,14.46000,-87.65000,Arismendi & Thomas 2003,
Oplomus,,dichrous,"Herrich-Schäfer, 1838",MEXICO: Oaxaca,17.06000,-96.72000,Ortega León 1997,
Oplomus,,dichrous,"Herrich-Schäfer, 1838","MEXICO: Veracruz, Xalapa de Enriquez",19.53000,-96.91000,Ortega León 1997,
Oplomus,,dichrous,"Herrich-Schäfer, 1838","MEXICO: Guerrero, Amula",17.66000,-100.00000,Ortega León 1997,
Oplomus,,dichrous,"Herrich-Schäfer, 1838","MEXICO: Guerrero, Chilpancingo",17.55000,-99.50000,Ortega León 1997,
Oplomus,,dichrous,"Herrich-Schäfer, 1838","MEXICO: Baja California Sur, La Laguna",23.24000,-109.69000,Ortega León 1997,
Oplomus,,dichrous,"Herrich-Schäfer, 1838","MEXICO: Baja California Sur, Victoria",23.97000,-110.39000,Ortega León 1997,
Oplomus,,dichrous,"Herrich-Schäfer, 1838","MEXICO: Baja California Sur, El Triunfo",23.80000,-110.10000,Ortega León 1997,
Oplomus,,dichrous,"Herrich-Schäfer, 1838","MEXICO: Baja California Sur, San Pedrito",24.90000,-111.25000,Ortega León 1997,
Oplomus,,dichrous,"Herrich-Schäfer, 1838","MEXICO: Sonora, Yecora",28.40000,-108.95000,Ortega León 1997,
Oplomus,,dichrous,"Herrich-Schäfer, 1838","MEXICO: Sonora, Ciudad Obregon",27.48000,-109.94000,Ortega León 1997,
Oplomus,,dichrous,"Herrich-Schäfer, 1838","MEXICO: Sinaloa, Santa Lucia",26.24000,-108.17000,Ortega León 1997,
Oplomus,,dichrous,"Herrich-Schäfer, 1838","MEXICO: Durango, Penon Blanco",24.75000,-104.02000,Ortega León 1997,
Oplomus,,dichrous,"Herrich-Schäfer, 1838","MEXICO: Nayarit, Tepic",21.50000,-104.89000,Ortega León 1997,
Oplomus,,dichrous,"Herrich-Schäfer, 1838","MEXICO: Nayarit, La Mesa del Nayae",21.74000,-104.59000,Ortega León 1997,
Oplomus,,dichrous,"Herrich-Schäfer, 1838","MEXICO: Jalisco, Autlan de Navarro",19.76000,-104.36000,Ortega León 1997,
Oplomus,,dichrous,"Herrich-Schäfer, 1838","MEXICO: Jalisco, Guadalajara",20.66000,-103.39000,Ortega León 1997,
Oplomus,,dichrous,"Herrich-Schäfer, 1838","MEXICO: Jalisco, Chamela",19.52000,-105.07000,Ortega León 1997,
Oplomus,,dichrous,"Herrich-Schäfer, 1838","MEXICO: Colima, Armeria",18.95000,-103.98000,Ortega León 1997,
Oplomus,,dichrous,"Herrich-Schäfer, 1838","MEXICO: Michoacan, Cotija de la Paz",19.80000,-102.70000,Ortega León 1997,
Oplomus,,dichrous,"Herrich-Schäfer, 1838","MEXICO: Michoacan, Coacolman",18.77000,-103.16000,Ortega León 1997,
Oplomus,,dichrous,"Herrich-Schäfer, 1838","MEXICO: Michoacan, Zirahuen",19.43000,-101.73000,Ortega León 1997,
Oplomus,,dichrous,"Herrich-Schäfer, 1838","MEXICO: Michoacan, Compuro Tuxpan",19.56000,-100.48000,Ortega León 1997,
Oplomus,,dichrous,"Herrich-Schäfer, 1838","MEXICO: Hidalgo, Zimapan",20.74000,-99.35000,Ortega León 1997,
Oplomus,,dichrous,"Herrich-Schäfer, 1838","MEXICO: Hidalgo, Tasquillo",20.54000,-99.34000,Ortega León 1997,
Oplomus,,dichrous,"Herrich-Schäfer, 1838",MEXICO: Mexico,19.42000,-99.12000,Ortega León 1997,
Oplomus,,dichrous,"Herrich-Schäfer, 1838","MEXICO: Estado de México, Villa de Allende",19.38000,-100.12000,Ortega León 1997,
Oplomus,,dichrous,"Herrich-Schäfer, 1838","MEXICO: Estado de Mexico, Valle de Bravo",19.19000,-100.13000,Ortega León 1997,
Oplomus,,dichrous,"Herrich-Schäfer, 1838","MEXICO: Estado de Mexico, Acamochitlan",19.36000,-99.66000,Ortega León 1997,
Oplomus,,dichrous,"Herrich-Schäfer, 1838","MEXICO: Estado de Mexico, San Mateo",19.26000,-99.53000,Ortega León 1997,
Oplomus,,dichrous,"Herrich-Schäfer, 1838","MEXICO: Guerrero, Teloloapan",18.35000,-99.93000,Ortega León 1997,
Oplomus,,dichrous,"Herrich-Schäfer, 1838","MEXICO: Guerrero, Taxco el Viejo",18.48000,-99.58000,Ortega León 1997,
Oplomus,,dichrous,"Herrich-Schäfer, 1838","MEXICO: Guerrero, Mezcala",17.93000,-99.60000,Ortega León 1997,
Oplomus,,dichrous,"Herrich-Schäfer, 1838","MEXICO: Morelos, Amatlan",18.97000,-99.03000,Ortega León 1997,
Oplomus,,dichrous,"Herrich-Schäfer, 1838","MEXICO: Morelos, Cuernavaca",18.92000,-99.23000,Ortega León 1997,
Oplomus,,dichrous,"Herrich-Schäfer, 1838","MEXICO: Morelos, Yautepec de Zaragoza",18.88000,-99.06000,Ortega León 1997,
Oplomus,,dichrous,"Herrich-Schäfer, 1838","MEXICO: Puebla, Izucar de Matamoros",18.60000,-98.46000,Ortega León 1997,
Oplomus,,dichrous,"Herrich-Schäfer, 1838","MEXICO: Puebla, Atlixco",18.90000,-98.43000,Ortega León 1997,
Oplomus,,dichrous,"Herrich-Schäfer, 1838","MEXICO: Puebla, Tehuacan",18.46000,-97.39000,Ortega León 1997,
Oplomus,,dichrous,"Herrich-Schäfer, 1838","MEXICO: Puebla, Villa de Flores",19.01000,-98.18000,Ortega León 1997,
Oplomus,,dichrous,"Herrich-Schäfer, 1838","MEXICO: Puebla, El Sumidero",18.68000,-97.33000,Ortega León 1997,
Oplomus,,dichrous,"Herrich-Schäfer, 1838","MEXICO, Morelos, Cañon de lobos.",18.86000,-99.11000,UMSP,
Oplomus,,dichrous,"Herrich-Schäfer, 1838","MEXICO, Morelos, Cañon de lobos",18.86000,-99.11000,DARC,
Oplomus,,dichrous,"Herrich-Schäfer, 1838","MEXICO, Jalisco, 16km North of Autlan de Navarro.",19.87000,-104.36000,DARC,
Oplomus,,dichrous,"Herrich-Schäfer, 1838","MEXICO: Guerrero, Chilpancingo",17.55000,-99.50000,MZSP,
Oplomus,,dichrous,"Herrich-Schäfer, 1838","MEXICO: Guerrero, Chilpancingo",17.55000,-99.50000,MZSP,
Oplomus,,dichrous,"Herrich-Schäfer, 1838","MEXICO: Tapotalan Morelos, 1800m",18.98620,-99.07900,MZSP,
Oplomus,,ebulinus,Herrich-Schaeffer 1844,"PERU: Cuzco, Machu Picchu",-13.16000,-72.54000,UFRG,
Oplomus,,ebulinus,Herrich-Schaeffer 1844,"ECUADOR: Napo Prov., 1.3 km SW of Baeza, 2050m.",-0.47000,-77.89000,NMPC,
Oplomus,,festivus,"Dallas, 1851","ARGENTINA: Corrientes, Santo Tome",-28.25000,-56.25000,Dellape et al 2003,
Oplomus,,festivus,"Dallas, 1851","ARGENTINA: Salta, Oran",-23.13000,-64.32000,Dellape et al 2003,
Oplomus,,festivus,"Dallas, 1851",ARGENTINA: Santa Fe,-31.64000,-60.70000,Dellape et al 2003,
Oplomus,,festivus,"Dallas, 1851",ARGENTINA: Tucuman,-26.82000,-65.22000,Dellape et al 2003,
Oplomus,,festivus,"Dallas, 1851",BOLIVIA: Santa Cruz,-17.78000,-63.18000,Dellape et al 2003,
Oplomus,,festivus,"Dallas, 1851",BRAZIL: Mato Grosso,-13.00000,-56.00000,Dellape et al 2003,
Oplomus,,festivus,"Dallas, 1851",PARAGUAY: Assunción,-25.28000,-57.64000,Dellape et al 2003,
Oplomus,,festivus,"Dallas, 1851","BRAZIL: Amazonas, Manaus, INPA",-3.09000,-59.98000,UFRG,
Oplomus,,festivus,"Dallas, 1851","BRAZIL: Pará, Peixe-Boi.",-1.19000,-47.32000,UFRG,
Oplomus,,festivus,"Dallas, 1851","VENEZUELA:  Aragua, Henri Pittier National Park.",10.38000,-67.61000,UFRG,
Oplomus,,festivus,"Dallas, 1851","VENEZUELA:  Monagas, Jusepin.",9.75000,-63.46000,UFRG,
Oplomus,,festivus,"Dallas, 1851","VENEZUELA:  Monagas, Jusepin.",9.75000,-63.46000,UFRG,
Oplomus,,festivus,"Dallas, 1851","VENEZUELA:  Bolívar, El Dorado.",6.71000,-61.63000,UFRG,
Oplomus,,festivus,"Dallas, 1851","BRAZIL: Pará, Bujaru.",-1.52620,-48.03350,UFRG,
Oplomus,,festivus,"Dallas, 1851","BRAZIL: São Paulo, São Paulo, USP, Cidade Universitária",-21.15000,-47.84000,UFRG,
Oplomus,,festivus,"Dallas, 1851","BRAZIL: Mocambo, Belém, Pará. ",-1.27300,-48.46020,UFRG,
Oplomus,,festivus,"Dallas, 1851","BRAZIL: Pará, Bragança. ",-1.06000,-46.78000,UFRG,
Oplomus,,festivus,"Dallas, 1851","BRAZIL: Serra Norte, Pará.",-6.07830,-50.19080,UFRG,
Oplomus,,festivus,"Dallas, 1851","BRAZIL: Amazonas, Manaquiri, Lago Janauacá. ",-3.39000,-60.30000,UFRG,
Oplomus,,festivus,"Dallas, 1851","BRAZIL: Mocambo, Belém, Pará. ",-1.27300,-48.46020,UFRG,
Oplomus,,festivus,"Dallas, 1851","BRAZIL: Serra Norte, Pará. ",-6.07830,-50.19080,UFRG,
Oplomus,,festivus,"Dallas, 1851","BRAZIL: Rio de Janeiro, Rio de Janeiro, Corcovado.",-22.95000,-43.21000,UFRG,
Oplomus,,festivus,"Dallas, 1851","BRAZIL: Rondônia, Ouro Preto d'Oeste. ",-10.71000,-62.25000,DZUP,
Oplomus,,festivus,"Dallas, 1851","BRAZIL: Mato Grosso, Chapada dos Guimarães. ",-15.46000,-55.75000,DZUP,
Oplomus,,festivus,"Dallas, 1851","BRAZIL: Santa Catarina, Corupá. ",-26.43000,-49.24000,DZUP,
Oplomus,,festivus,"Dallas, 1851","BRAZIL: Mato Grosso, Cáceres. ",-16.07000,-57.68000,DZUP,
Oplomus,,festivus,"Dallas, 1851","BRAZIL: Mato Grosso, Cáceres.",-16.07000,-57.68000,DZUP,
Oplomus,,festivus,"Dallas, 1851","BRAZIL: Espírito Santo, Santa Teresa. ",-19.93000,-40.59000,DZUP,
Oplomus,,festivus,"Dallas, 1851","BRAZIL: Espírito Santo, Linhares.",-19.39000,-40.06000,DZUP,
Oplomus,,festivus,"Dallas, 1851","BRAZIL: Santa Catarina, Corupá ",-26.42490,-49.24560,MNRJ,
Oplomus,,festivus,"Dallas, 1851","BRAZIL: Pará, Serro des Carajas",-6.28220,-50.58860,MNRJ,
Oplomus,,festivus,"Dallas, 1851","BRAZIL: São Paulo, sp",-23.56440,-46.61730,NMPC,
Oplomus,,festivus,"Dallas, 1851","BRAZIL: Mato Grosso do Sul, Terenos, Fazenda Mirante. ",-20.45170,-54.86770,UFRG,
Oplomus,,festivus,"Dallas, 1851","BRAZIL: Pará, Bujaru.",-1.52620,-48.03350,UFRG,
Oplomus,,festivus,"Dallas, 1851","BRAZIL: Amazonas, Tefé (Ega)",-3.36000,-64.72000,Roell et al 2023,
Oplomus,,festivus,"Dallas, 1851","VENEZUELA:  Mérida, Hacienda La Victoria, near Santa Cruz de Mora. ",8.40380,-71.65110,UFRG,
Oplomus,,festivus,"Dallas, 1851","VENEZUELA:  Aragua, Henri Pittier National Park. 100m. ",10.39890,-67.60390,UFRG,
Oplomus,,festivus,"Dallas, 1851","VENEZUELA:  Aragua, Henri Pittier National Park. 100m. ",10.39890,-67.60390,UFRG,
Oplomus,,festivus,"Dallas, 1851","VENEZUELA:  Aragua, Henri Pittier National Park. 100m. ",10.39890,-67.60390,UFRG,
Oplomus,,festivus,"Dallas, 1851",COLOMBIA: Magdalena Department,10.00000,-74.50000,Roell et al 2023,"See the comments for Oplomus rutilus in Roell et al 2023, p. 76)"
Oplomus,,mundus,"Stål, 1862",HONDURAN: Atlántida,15.73000,-86.51000,Arismendi & Thomas 2003,
Oplomus,,mundus,"Stål, 1862",HONDURAN: El Paraiso,14.06000,-85.96000,Arismendi & Thomas 2003,
Oplomus,,mundus,"Stål, 1862",HONDURAN: Yoro,15.31000,-87.70000,Arismendi & Thomas 2003,
Oplomus,,mundus,"Stål, 1862",MEXICO: Veracruz,19.33000,-96.66000,Ortega León 1997,
Oplomus,,mundus,"Stål, 1862","MEXICO: Tamaulipas, Tomaseno",24.25000,-99.43000,Ortega León 1997,
Oplomus,,mundus,"Stål, 1862","MEXICO: Tamaulipas, Gomez Farias",22.96000,-99.07000,Ortega León 1997,
Oplomus,,mundus,"Stål, 1862","MEXICO: Veracruz, Metlac",18.97000,-97.14000,Ortega León 1997,
Oplomus,,mundus,"Stål, 1862","MEXICO: Chiapas, Totolapa",16.51000,-92.67000,Ortega León 1997,
Oplomus,,mundus,"Stål, 1862","MEXICO: Chiapas, Tuxtla Gutierrez",16.75000,-93.11000,Ortega León 1997,
Oplomus,,mundus,"Stål, 1862","MEXICO: Chiapas, Chiapa de Corzo",16.70000,-93.01000,Ortega León 1997,
Oplomus,,mundus,"Stål, 1862","MEXICO: Campeche, 36.8km SW of Escarcega. 100'. ",18.39000,-90.94000,DARC,
Oplomus,,mutabilis,"Stål, 1862",HONDURAN: El Paraiso,14.06000,-85.96000,Arismendi & Thomas 2003,
Oplomus,,mutabilis,"Stål, 1862","MEXICO: Veracruz, Orizaba",18.85000,-97.09000,Ortega León 1997,
Oplomus,,mutabilis,"Stål, 1862","MEXICO: Nuevo Leon, Nicolas de las Garzas",25.75000,-100.83000,Ortega León 1997,
Oplomus,,mutabilis,"Stål, 1862","MEXICO: Tamaulipas, Ejudo de la Libertad",21.50000,-98.86000,Ortega León 1997,
Oplomus,,mutabilis,"Stål, 1862","MEXICO: Tamaulipas, Gomez Farias",22.96000,-99.07000,Ortega León 1997,
Oplomus,,mutabilis,"Stål, 1862","MEXICO: Tamaulipas, Tomaseno",24.25000,-99.43000,Ortega León 1997,
Oplomus,,mutabilis,"Stål, 1862","MEXICO: Chiapas, Totolapa",16.51000,-92.67000,Ortega León 1997,
Oplomus,,mutabilis,"Stål, 1862","MEXICO: Chiapas, Tuxtla Gutierrez",16.75000,-93.11000,Ortega León 1997,
Oplomus,,mutabilis,"Stål, 1862","MEXICO: Chiapas, Chiapa de Corzo",16.70000,-93.01000,Ortega León 1997,
Oplomus,,mutabilis,"Stål, 1862","MEXICO: Hidalgo, Tialchinal",20.50000,-99.00000,Ortega León 1997,
Oplomus,,mutabilis,"Stål, 1862","MEXICO: Veracruz, Metlac",18.83000,-96.98000,Ortega León 1997,
Oplomus,,mutabilis,"Stål, 1862","MEXICO: Veracruz, Huatusco",19.14000,-96.96000,Ortega León 1997,
Oplomus,,mutabilis,"Stål, 1862","MEXICO: Oaxaca, Portillo del Rayo",15.98000,-96.51000,Ortega León 1997,
Oplomus,,mutabilis,"Stål, 1862","MEXICO: Morelos, Amatlan",18.97000,-99.03000,Ortega León 1997,
Oplomus,,pulcher,"Dallas, 1851","HONDURAN: Santa Bárbara, Lago Yojoa",14.86000,-87.98000,Arismendi & Thomas 2003,
Oplomus,,pulcher,"Dallas, 1851",MEXICO: Veracruz,19.33000,-96.66000,Gapon & Konstantinov 2006,
Oplomus,,pulcher,"Dallas, 1851","MEXICO: Veracruz, Xalapa de Enriquez",19.53000,-96.91000,Ortega León 1997,
Oplomus,,pulcher,"Dallas, 1851","MEXICO: Veracruz, Presidio",19.06000,-96.97000,Ortega León 1997,
Oplomus,,pulcher,"Dallas, 1851","MEXICO: Sinaloa, Mazatlan",23.23000,-106.40000,Ortega León 1997,
Oplomus,,pulcher,"Dallas, 1851","MEXICO: Sinaloa, Ocurahui",25.00000,-107.50000,Ortega León 1997,
Oplomus,,pulcher,"Dallas, 1851","MEXICO: Sinaloa, El Palmito",23.56000,-105.83000,Ortega León 1997,
Oplomus,,pulcher,"Dallas, 1851","MEXICO: Sinaloa, Villa Union",23.18000,-106.21000,Ortega León 1997,
Oplomus,,pulcher,"Dallas, 1851","MEXICO: Durango, Las Chirimollas",24.02000,-104.65000,Ortega León 1997,
Oplomus,,pulcher,"Dallas, 1851","MEXICO: Zacatecas, La Ceja",23.33000,-102.84000,Ortega León 1997,
Oplomus,,pulcher,"Dallas, 1851","MEXICO: Nayarit, La Mesa",21.74000,-104.59000,Ortega León 1997,
Oplomus,,pulcher,"Dallas, 1851","MEXICO: Nayarit, SanBlas",21.57000,-105.32000,Ortega León 1997,
Oplomus,,pulcher,"Dallas, 1851","MEXICO: Jalisco, Chapala",20.26000,-103.02000,Ortega León 1997,
Oplomus,,pulcher,"Dallas, 1851","MEXICO: Jalisco, Tequila",20.88000,-103.83000,Ortega León 1997,
Oplomus,,pulcher,"Dallas, 1851","MEXICO: Jalisco, Autlan",19.76000,-104.36000,Ortega León 1997,
Oplomus,,pulcher,"Dallas, 1851","MEXICO: Guadalajara, Autlan de Navarro",20.66000,-103.39000,Ortega León 1997,
Oplomus,,pulcher,"Dallas, 1851","MEXICO: Veracruz, San Andres",18.44000,-95.21000,Ortega León 1997,
Oplomus,,pulcher,"Dallas, 1851","MEXICO: Veracruz, Orizaba",18.85000,-97.09000,Ortega León 1997,
Oplomus,,pulcher,"Dallas, 1851","MEXICO: Veracruz, Catemaco",18.42000,-95.11000,Ortega León 1997,
Oplomus,,pulcher,"Dallas, 1851","MEXICO: Estado de Mexico, Valle de Bravo",19.19000,-100.13000,Ortega León 1997,
Oplomus,,pulcher,"Dallas, 1851","MEXICO: Estado de Mexico, Tejupilco",18.86000,-100.23000,Ortega León 1997,
Oplomus,,pulcher,"Dallas, 1851","MEXICO: Guerrero, Teloloapan",18.35000,-99.93000,Ortega León 1997,
Oplomus,,pulcher,"Dallas, 1851","MEXICO: Guerrero, Ixtapa",17.66331,-101.58390,Ortega León 1997,
Oplomus,,pulcher,"Dallas, 1851","MEXICO: Morelos, Cuernavaca",18.92000,-99.23000,Ortega León 1997,
Oplomus,,pulcher,"Dallas, 1851","MEXICO: Morelos, Villa de Ayala",18.66000,-99.00000,Ortega León 1997,
Oplomus,,pulcher,"Dallas, 1851","MEXICO: Morelos, San Angel",28.32000,-101.17000,Ortega León 1997,
Oplomus,,pulcher,"Dallas, 1851","MEXICO: Puebla, Izucar de Matamoros",18.60000,-98.46000,Ortega León 1997,
Oplomus,,pulcher,"Dallas, 1851","MEXICO: Oaxaca, Pluma",17.95000,-96.22000,Ortega León 1997,
Oplomus,,pulcher,"Dallas, 1851","MEXICO: Chiapas, Angel ",15.86000,-92.72000,Ortega León 1997,
Oplomus,,pulcher,"Dallas, 1851","MEXICO: Chiapas, Simojovel",17.14000,-92.67000,Ortega León 1997,
Oplomus,,pulcher,"Dallas, 1851",MEXICO: Totolapa,16.51000,-92.67000,Ortega León 1997,
Oplomus,,pulcher,"Dallas, 1851","MEXICO: Veracruz, Los Tuxtlas",18.47000,-95.00000,Brailovsky & Mayorga 1994,
Oplomus,,pulcher,"Dallas, 1851",MEXICO: Tamaulipas. 1985-III-19. Coll S.L. Abeln.,24.50260,-98.74690,DARC,
Oplomus,,pulchriventris,"Horváth, 1911",ARGENTINA: Buenos Aires,-34.61000,-58.37000,Dellape et al 2003,
Oplomus,,pulchriventris,"Horváth, 1911","ARGENTINA: Chaco, Resistencia",-27.46000,-58.98000,Dellape et al 2003,
Oplomus,,pulchriventris,"Horváth, 1911","ARGENTINA: Cordoba, Villa Nueva",-32.43000,-63.24000,Dellape et al 2003,
Oplomus,,pulchriventris,"Horváth, 1911",ARGENTINA: Santa Fe,-31.64000,-60.70000,Dellape et al 2003,
Oplomus,,pulchriventris,"Horváth, 1911","ARGENTINA: Santiago del Estero, Río Salado",-31.68000,-60.74000,Dellape et al 2003,
Oplomus,,pulchriventris,"Horváth, 1911","ARGENTINA: Tucuman, San Pedro",-26.82000,-65.22000,Dellape et al 2003,
Oplomus,,punctatus,"Montandon, 1895","ARGENTINA: Salta, Rio Carapari. 1945-I-21. Williner S.J.",-22.35000,-63.52000,UFRG,
Oplomus,,punctatus,"Montandon, 1895",PERU: Cuzco. ,-13.53000,-71.93920,UFRG,
Oplomus,,punctatus,"Montandon, 1895","ECUADOR: Napo Prov., 36.5km NE of El Chaco, Cascadas San Rafael, 1200m. ",-0.10000,-77.58000,NMPC,
Oplomus,,punctatus,"Montandon, 1895","ECUADOR: Pastaza Prov., 1.6km SEE of SANTA CLARA 660m.",-1.27000,-77.87000,NMPC,
Oplomus,,punctatus,"Montandon, 1895",ARGENTINA: Salta,-24.75000,-65.44000,EMG,
Oplomus,,punctatus,"Montandon, 1895","ARGENTINA: Salta, Mojotoro",-24.68000,-65.31000,EMG,
Oplomus,,punctatus,"Montandon, 1895",ARGENTINA: Salta,-24.75000,-65.44000,EMG,
Oplomus,,punctatus,"Montandon, 1895","ARGENTINA: Salta, Jujuy",-24.79000,-65.41000,EMG,
Oplomus,,punctatus,"Montandon, 1895","ARGENTINA: Salta, Mojotoro",-24.68000,-65.31000,EMG,
Oplomus,,punctatus,"Montandon, 1895",ARGENTINA: Tucuman,-26.82000,-65.22000,EMG,
Oplomus,,punctatus,"Montandon, 1895",ARGENTINA: Tucuman,-26.82000,-65.22000,EMG,
Oplomus,,punctatus,"Montandon, 1895",ARGENTINA: Tucuman,-26.82000,-65.22000,EMG,
Oplomus,,punctatus,"Montandon, 1895","ARGENTINA: Jujuy, Jujuy",-24.19000,-65.31000,EMG,
Oplomus,,punctatus,"Montandon, 1895",ARGENTINA:  Tucuman,-26.82000,-65.22000,EMG,
Oplomus,,punctatus,"Montandon, 1895",ARGENTINA:  Tucuman,-26.82000,-65.22000,EMG,
Oplomus,,punctatus,"Montandon, 1895",ARGENTINA:  Salta,-27.78000,-65.42000,EMG,
Oplomus,,punctatus,"Montandon, 1895",ARGENTINA:  Salta,-27.78000,-65.42000,EMG,
Oplomus,,punctatus,"Montandon, 1895",ARGENTINA:  Salta,-27.78000,-65.42000,EMG,
Oplomus,,punctatus,"Montandon, 1895",ARGENTINA:  Salta,-27.78000,-65.42000,EMG,
Oplomus,,punctatus,"Montandon, 1895","ARGENTINA:  Salta, Mojotoro",-24.71000,-65.16000,EMG,
Oplomus,,punctatus,"Montandon, 1895","ARGENTINA: Província de Jujuy, Sierra de Calsha",-23.19730,-65.68180,EMG,
Oplomus,,punctatus,"Montandon, 1895",ARGENTINA: Tucuman,-26.82000,-65.22000,EMG,
Oplomus,,punctatus,"Montandon, 1895",ARGENTINA: Tucuman,-26.82000,-65.22000,EMG,
Oplomus,,punctatus,"Montandon, 1895",ARGENTINA: Tucumán (Prov),-26.82000,-65.22000,UFRG,
Oplomus,,salamandra,"Burmeister, 1835","ARGENTINA: Jujuy, Valle Grande, Río Jordan",-23.50000,-65.00000,Dellape et al 2003,
Oplomus,,salamandra,"Burmeister, 1835",ARGENTINA: Misiones,-26.81000,-54.34000,Dellape et al 2003,
Oplomus,,salamandra,"Burmeister, 1835","ARGENTINA: Salta, Orán",-23.13000,-64.32000,Dellape et al 2003,
Oplomus,,salamandra,"Burmeister, 1835","BOLIVIA: La Paz, Caranavi",-15.83000,-67.56000,Dellape et al 2003,
Oplomus,,salamandra,"Burmeister, 1835","BOLIVIA: La Paz, Coripata",-16.30000,-67.60000,Dellape et al 2003,
Oplomus,,salamandra,"Burmeister, 1835","BOLIVIA: La Paz, Coroico",-16.19000,-67.72000,Dellape et al 2003,
Oplomus,,salamandra,"Burmeister, 1835","PARAGUAY: Central, Villa Elisa",-25.36000,-57.59000,Dellape et al 2003,
Oplomus,,salamandra,"Burmeister, 1835",FRENCH GUIANA: Kourou,5.16000,-52.64000,Lupoli 2019,
Oplomus,,salamandra,"Burmeister, 1835",FRENCH GUIANA: Saul,3.62000,-53.20000,Lupoli 2019,
Oplomus,,salamandra,"Burmeister, 1835",FRENCH GUIANA: Maripasoula,3.64000,-54.03000,Lupoli 2019,
Oplomus,,salamandra,"Burmeister, 1835",VENEZUELA: Aragua,10.00000,-67.16000,Barão et al 2013,
Oplomus,,salamandra,"Burmeister, 1835","BRAZIL: Pará, Bujaru",-1.65000,-48.05000,Barão et al 2013,
Oplomus,,salamandra,"Burmeister, 1835","BRAZIL: Pará, Serra Norte",-5.48000,-52.98000,Barão et al 2013,
Oplomus,,salamandra,"Burmeister, 1835","VENEZUELA: Mérida, Hacienda La Victoria, near Santa Cruz de Mora. ",8.39000,-71.64000,UFRG,
Oplomus,,salamandra,"Burmeister, 1835","VENEZUELA: Zulia, Sierra de Perijá, Rio Yasa. 250m. ",9.39000,-72.99000,UFRG,
Oplomus,,salamandra,"Burmeister, 1835","VENEZUELA: Carabobo, Cuesta de Yuma.",10.11000,-67.68000,UFRG,
Oplomus,,salamandra,"Burmeister, 1835","PANAMA: Achiote Road, Panama Canal Zone",9.22680,-80.02000,UFRG,
Oplomus,,salamandra,"Burmeister, 1835","VENEZUELA: Zulia, Sierra de Perijá, Rio Yasa. 250m. ",9.39000,-72.99000,UFRG,
Oplomus,,salamandra,"Burmeister, 1835","PERU: Cusco, Huayopata, Chontamocco.",-13.00000,-72.54000,UFRG,
Oplomus,,salamandra,"Burmeister, 1835","BRAZIL: Rio de Janeiro, Rio de Janeiro, Corcovado. ",-22.95000,-43.21000,DZUP,
Oplomus,,salamandra,"Burmeister, 1835","BRAZIL: Rondônia, Ouro Preto do Oeste.",-10.71000,-62.25000,DZUP,
Oplomus,,salamandra,"Burmeister, 1835","BRAZIL: Rondônia, Ouro Preto do Oeste.",-10.71000,-62.25000,DZUP,
Oplomus,,salamandra,"Burmeister, 1835","BOLIVIA, Cochabamba Department, Yungas de Palmar",-17.11000,-65.53000,EMG,
Oplomus,,salamandra,"Burmeister, 1835","BOLIVIA, La Paz Department, Mapiri, S. Ernesto",-15.31000,-68.21000,EMG,
Oplomus,,salamandra,"Burmeister, 1835","VENEZUELA: Mérida, Hacienda La Victoria, near Santa Cruz de Mora.",8.39000,-71.64000,UFRG,
Oplomus,,salamandra,"Burmeister, 1835",ECUADOR: Cuenca,-2.90000,-79.00000,Roell et al 2023,
Oplomus,,salamandra,"Burmeister, 1835",SURINAME,3.97797,-55.95190,HNHM,
Ornithosoma,,rivierei,"Kormilev, 1957",ARGENTINA,-36.00000,-64.00000,Thomas 1992,
Parajalla,,sanguineosignata,"Spinola, 1852","ARGENTINA: Patagonia, Valle del Lago Blanco, Chubut",-45.93690,-71.26830,NHMUK,
Parajalla,,sanguineosignata,"Spinola, 1852","ARGENTINA: Patagonia, Valle del Lago Blanco, Chubut",-45.93690,-71.26830,NHMUK,
Parajalla,,sanguineosignata,"Spinola, 1852","ARGENTINA: Patagonia, Valle del Lago Blanco, Chubut",-45.93690,-71.26830,NHMUK,
Parajalla,,sanguineosignata,"Spinola, 1852","ARGENTINA: Neuquén, Collun",-39.96000,-71.20000,Dellape et al 2003,
Parealda,,bouvieri,"Schouteden, 1907",MICRONESIA: Mariana,15.14514,145.72143,Thomas 1994,
Parealda,,bouvieri,"Schouteden, 1907",MARIANA islands: holotype deposited at MNHN,15.14514,145.72143,MNHN,
Perillus,,bioculatus,"Fabricius, 1775","USA: New Mexico, Bernalillo",35.05000,-106.67000,Bundy 2012,
Perillus,,bioculatus,"Fabricius, 1775","USA: New Mexico, Chaves",33.36000,-104.46000,Bundy 2012,
Perillus,,bioculatus,"Fabricius, 1775","USA: New Mexico, Colfax",36.60000,-104.64000,Bundy 2012,
Perillus,,bioculatus,"Fabricius, 1775","USA: New Mexico, Dõna Ana",32.35000,-106.83000,Bundy 2012,
Perillus,,bioculatus,"Fabricius, 1775","USA: New Mexico, Eddy",32.47000,-104.30000,Bundy 2012,
Perillus,,bioculatus,"Fabricius, 1775","USA: New Mexico, Grant",32.73000,-108.38000,Bundy 2012,
Perillus,,bioculatus,"Fabricius, 1775","USA: New Mexico, Harding",35.85000,-103.81000,Bundy 2012,
Perillus,,bioculatus,"Fabricius, 1775","USA: New Mexico, Hidalgo",31.91000,-108.71000,Bundy 2012,
Perillus,,bioculatus,"Fabricius, 1775","USA: New Mexico, Lea",32.47000,-103.20000,Bundy 2012,
Perillus,,bioculatus,"Fabricius, 1775","USA: New Mexico, Roosevelt",34.02000,-103.48000,Bundy 2012,
Perillus,,bioculatus,"Fabricius, 1775","USA: New Mexico, Santa Fe",35.68000,-105.93000,Bundy 2012,
Perillus,,bioculatus,"Fabricius, 1775","USA: New Mexico, Taos",36.57000,-105.63000,Bundy 2012,
Perillus,,bioculatus,"Fabricius, 1775","USA: New Mexico, Union",36.48000,-103.47000,Bundy 2012,
Perillus,,bioculatus,"Fabricius, 1775","USA: New Mexico, Valencia",34.71000,-106.80000,Bundy 2012,
Perillus,,bioculatus,"Fabricius, 1775","USA: Minnesota, Anoka",45.27000,-93.24000,Koch et al 2014,
Perillus,,bioculatus,"Fabricius, 1775","USA: Minnesota, Cass",46.94000,-94.32000,Koch et al 2014,
Perillus,,bioculatus,"Fabricius, 1775","USA: Minnesota, Chicago",44.47000,-93.32000,Koch et al 2014,
Perillus,,bioculatus,"Fabricius, 1775","USA: Minnesota, Dakota",44.67000,-93.06000,Koch et al 2014,
Perillus,,bioculatus,"Fabricius, 1775","USA: Minnesota, Goodhue",44.40000,-92.72000,Koch et al 2014,
Perillus,,bioculatus,"Fabricius, 1775","USA: Minnesota, Hennepin",44.97000,-93.26000,Koch et al 2014,
Perillus,,bioculatus,"Fabricius, 1775","USA: Minnesota, Kanabec",45.94000,-93.29000,Koch et al 2014,
Perillus,,bioculatus,"Fabricius, 1775","USA: Minnesota, Le Sueur",44.37000,-93.73000,Koch et al 2014,
Perillus,,bioculatus,"Fabricius, 1775","USA: Minnesota, Mille Lacs",45.93000,-93.63000,Koch et al 2014,
Perillus,,bioculatus,"Fabricius, 1775","USA: Minnesota, Nicollet",44.34000,-94.24000,Koch et al 2014,
Perillus,,bioculatus,"Fabricius, 1775","USA: Minnesota, Olmstead",43.89000,-92.17000,Koch et al 2014,
Perillus,,bioculatus,"Fabricius, 1775","USA: Minnesota, Pennington",48.06000,-96.03000,Koch et al 2014,
Perillus,,bioculatus,"Fabricius, 1775","USA: Minnesota, Ramsey",45.01000,-93.09000,Koch et al 2014,
Perillus,,bioculatus,"Fabricius, 1775","USA: Minnesota, Rock",43.67000,-96.25000,Koch et al 2014,
Perillus,,bioculatus,"Fabricius, 1775","USA: Minnesota, Saint Louis",47.58000,-92.46000,Koch et al 2014,
Perillus,,bioculatus,"Fabricius, 1775","USA: Minnesota, Scott",44.64000,-93.53000,Koch et al 2014,
Perillus,,bioculatus,"Fabricius, 1775","USA: Minnesota, Stearns",45.55000,-94.61000,Koch et al 2014,
Perillus,,bioculatus,"Fabricius, 1775","USA: Connecticut, Mt. Carmel",41.43000,-72.88000,O'Donnell & Schaefer 2012,
Perillus,,bioculatus,"Fabricius, 1775","USA: Connecticut, South Meriden",41.51000,-72.83000,O'Donnell & Schaefer 2012,
Perillus,,bioculatus,"Fabricius, 1775","MEXICO: Baja California, Progreso",32.58000,-115.58000,Ortega León 1997,
Perillus,,bioculatus,"Fabricius, 1775","MEXICO: Sonora, Ciudad Obregon",27.48000,-109.94000,Ortega León 1997,
Perillus,,bioculatus,"Fabricius, 1775","MEXICO: Sonora, Querobabi",30.05000,-111.02000,Ortega León 1997,
Perillus,,bioculatus,"Fabricius, 1775","MEXICO: Chihuahua, El Sueco",29.90000,-106.39000,Ortega León 1997,
Perillus,,bioculatus,"Fabricius, 1775","MEXICO: Chihuahua, El Jaguey",27.02000,-105.13000,Ortega León 1997,
Perillus,,bioculatus,"Fabricius, 1775","MEXICO: Tamaulipas, Metamoros",25.72000,-97.60000,Ortega León 1997,
Perillus,,bioculatus,"Fabricius, 1775","MEXICO: Zacateca, Mejia",21.44000,-102.85000,Ortega León 1997,
Perillus,,bioculatus,"Fabricius, 1775","MEXICO: Estado de Mexico, Cuautitlan",19.64000,-99.21000,Ortega León 1997,
Perillus,,bioculatus,"Fabricius, 1775","MEXICO: Guerrero, Tuxpan",18.38000,-99.47000,Ortega León 1997,
Perillus,,bioculatus,"Fabricius, 1775",MEXICO: Mexico,19.42000,-99.12000,Ortega León 1997,
Perillus,,bioculatus,"Fabricius, 1775","MEXICO: Morelos, Cuautla de Morelos",18.81000,-98.93000,Ortega León 1997,
Perillus,,bioculatus,"Fabricius, 1775","MEXICO: Puebla, Tehuacan",18.46000,-97.39000,Ortega León 1997,
Perillus,,bioculatus,"Fabricius, 1775","MEXICO: Oaxaca, Monte Alban",17.04000,-96.76000,Ortega León 1997,
Perillus,,bioculatus,"Fabricius, 1775","MEXICO: Oaxaca, Tchuantepec",16.32000,-95.24000,Ortega León 1997,
Perillus,,bioculatus,"Fabricius, 1775","USA: North Dakota, Burleigh",46.97000,-100.46000,Rider 2012,
Perillus,,bioculatus,"Fabricius, 1775","USA: North Dakota, Cass",46.93000,-97.24000,Rider 2012,
Perillus,,bioculatus,"Fabricius, 1775","USA: North Dakota, Divide",48.81000,-103.48000,Rider 2012,
Perillus,,bioculatus,"Fabricius, 1775","USA: North Dakota, Grand Forks",47.92000,-97.03000,Rider 2012,
Perillus,,bioculatus,"Fabricius, 1775","USA: North Dakota, McKenzie",47.74000,-103.39000,Rider 2012,
Perillus,,bioculatus,"Fabricius, 1775","USA: North Dakota, McLean",47.60000,-101.32000,Rider 2012,
Perillus,,bioculatus,"Fabricius, 1775","USA: North Dakota, Morton",46.71000,-101.28000,Rider 2012,
Perillus,,bioculatus,"Fabricius, 1775","USA: North Dakota, Mountrail",48.20000,-102.35000,Rider 2012,
Perillus,,bioculatus,"Fabricius, 1775","USA: North Dakota, Ward",48.22000,-101.54000,Rider 2012,
Perillus,,bioculatus,"Fabricius, 1775","USA: North Dakota, Wells",47.58000,-99.66000,Rider 2012,
Perillus,,bioculatus,"Fabricius, 1775","USA: Missouri, Osage Plains",37.99000,-94.60000,Sites et al 2012,
Perillus,,bioculatus,"Fabricius, 1775","USA: Missouri, Ozark",36.64000,-92.44000,Sites et al 2012,
Perillus,,bioculatus,"Fabricius, 1775","USA: Michigan, Alger",46.45000,-86.54000,Swanson 2012,
Perillus,,bioculatus,"Fabricius, 1775","USA: Michigan, Antrim",45.00000,-85.17000,Swanson 2012,
Perillus,,bioculatus,"Fabricius, 1775","USA: Michigan, Arenac",44.04000,-83.74000,Swanson 2012,
Perillus,,bioculatus,"Fabricius, 1775","USA: Michigan, Bay",43.60956,-83.91587,Swanson 2012,
Perillus,,bioculatus,"Fabricius, 1775","USA: Michigan, Benzie",44.61000,-86.13000,Swanson 2012,
Perillus,,bioculatus,"Fabricius, 1775","USA: Michigan, Berrien",41.94000,-86.33000,Swanson 2012,
Perillus,,bioculatus,"Fabricius, 1775","USA: Michigan, Branch",41.91000,-85.05000,Swanson 2012,
Perillus,,bioculatus,"Fabricius, 1775","USA: Michigan, Cass",41.91000,-85.99000,Swanson 2012,
Perillus,,bioculatus,"Fabricius, 1775","USA: Michigan, Cheboygan",45.47000,-84.49000,Swanson 2012,
Perillus,,bioculatus,"Fabricius, 1775","USA: Michigan, Clinton",42.94000,-84.60000,Swanson 2012,
Perillus,,bioculatus,"Fabricius, 1775","USA: Michigan, Eaton",42.59000,-84.83000,Swanson 2012,
Perillus,,bioculatus,"Fabricius, 1775","USA: Michigan, Emmet",45.58000,-84.98000,Swanson 2012,
Perillus,,bioculatus,"Fabricius, 1775","USA: Michigan, Huron",43.91000,-82.85000,Swanson 2012,
Perillus,,bioculatus,"Fabricius, 1775","USA: Michigan, Ingham",42.59000,-84.37000,Swanson 2012,
Perillus,,bioculatus,"Fabricius, 1775","USA: Michigan, Kalamazoo",42.24000,-85.53000,Swanson 2012,
Perillus,,bioculatus,"Fabricius, 1775","USA: Michigan, Kent",43.03000,-85.54000,Swanson 2012,
Perillus,,bioculatus,"Fabricius, 1775","USA: Michigan, Lapeer",43.09000,-83.22000,Swanson 2012,
Perillus,,bioculatus,"Fabricius, 1775","USA: Michigan, Livingston",42.60000,-83.91000,Swanson 2012,
Perillus,,bioculatus,"Fabricius, 1775","USA: Michigan, Mackinac",45.87000,-84.76000,Swanson 2012,
Perillus,,bioculatus,"Fabricius, 1775","USA: Michigan, Macomb",42.67000,-82.91000,Swanson 2012,
Perillus,,bioculatus,"Fabricius, 1775","USA: Michigan, Marquette",46.66000,-87.57000,Swanson 2012,
Perillus,,bioculatus,"Fabricius, 1775","USA: Michigan, Menominee",45.52000,-87.50000,Swanson 2012,
Perillus,,bioculatus,"Fabricius, 1775","USA: Michigan, Midland",43.61000,-84.24000,Swanson 2012,
Perillus,,bioculatus,"Fabricius, 1775","USA: Michigan, Missaukee",44.33000,-85.09000,Swanson 2012,
Perillus,,bioculatus,"Fabricius, 1775","USA: Michigan, Montcalm",43.31000,-85.15000,Swanson 2012,
Perillus,,bioculatus,"Fabricius, 1775","USA: Michigan, Muskegon",43.23000,-86.24000,Swanson 2012,
Perillus,,bioculatus,"Fabricius, 1775","USA: Michigan, Oakland",42.66000,-83.38000,Swanson 2012,
Perillus,,bioculatus,"Fabricius, 1775","USA: Michigan, Oceana",43.68000,-86.31000,Swanson 2012,
Perillus,,bioculatus,"Fabricius, 1775","USA: Michigan, Ottawa",43.00000,-86.17000,Swanson 2012,
Perillus,,bioculatus,"Fabricius, 1775","USA: Michigan, Presque",45.39000,-83.84000,Swanson 2012,
Perillus,,bioculatus,"Fabricius, 1775","USA: Michigan, Saint Clair",42.93000,-82.66000,Swanson 2012,
Perillus,,bioculatus,"Fabricius, 1775","USA: Michigan, Saint Joseph",41.91000,-85.52000,Swanson 2012,
Perillus,,bioculatus,"Fabricius, 1775","USA: Michigan, Van Buren",42.28000,-86.30000,Swanson 2012,
Perillus,,bioculatus,"Fabricius, 1775","USA: Michigan, Washtenaw",42.25000,-83.83000,Swanson 2012,
Perillus,,bioculatus,"Fabricius, 1775","USA: Michigan, Wayne",42.28000,-83.26000,Swanson 2012,
Perillus,,bioculatus,"Fabricius, 1775","USA: Michigan, Wexford",44.33000,-85.57000,Swanson 2012,
Perillus,,bioculatus,"Fabricius, 1775","USA: Washington, Lind",46.97000,-118.61000,Zack 2012,
Perillus,,bioculatus,"Fabricius, 1775","USA: Washington, Prosser",46.20000,-119.76000,Zack 2012,
Perillus,,bioculatus,"Fabricius, 1775","USA: Washington, Vancouver",45.63000,-122.66000,Zack 2012,
Perillus,,bioculatus,"Fabricius, 1775","USA: Washington, Ellensburg",46.99000,-120.54000,Zack 2012,
Perillus,,bioculatus,"Fabricius, 1775","USA: Washington, Pullman",46.73000,-117.17000,Zack 2012,
Perillus,,bioculatus,"Fabricius, 1775","USA: Washington, Moxee",46.55000,-120.38000,Zack 2012,
Perillus,,bioculatus,"Fabricius, 1775","USA: Iowa, Monona County, Onawa",42.02000,-96.09000,INHS,
Perillus,,bioculatus,"Fabricius, 1775","USA: Wisconsin, Wood County, Wisconsin Rapids. ",44.38000,-89.81000,INHS,
Perillus,,bioculatus,"Fabricius, 1775","USA: Pennsylvania, Crawford County, Conneaut Lake. Zahrobsky.",41.60000,-80.30000,CLEV,
Perillus,,bioculatus,"Fabricius, 1775","USA: Pennsylvania, Crawford County, Conneaut Lake. Zahrobsky.",41.60000,-80.30000,CLEV,
Perillus,,bioculatus,"Fabricius, 1775","USA: Pennsylvania, Crawford County, Conneaut Lake. Zahrobsky.",41.60000,-80.30000,CLEV,
Perillus,,bioculatus,"Fabricius, 1775","USA: Pennsylvania, Crawford County, Conneaut Lake. Zahrobsky.",41.60000,-80.30000,CLEV,
Perillus,,bioculatus,"Fabricius, 1775","USA: Pennsylvania, Crawford County, Conneaut Lake. Zahrobsky.",41.60000,-80.30000,CLEV,
Perillus,,bioculatus,"Fabricius, 1775","USA: Wyoming, Yellowstone National Park. ",44.42000,-110.58000,CLEV,
Perillus,,bioculatus,"Fabricius, 1775","USA: Pennsylvania, Crawford County, Conneaut Lake. Zahrobsky.",41.60000,-80.30000,CLEV,
Perillus,,bioculatus,"Fabricius, 1775","USA: Ohio, Cuyahoga County,",41.49000,-81.69000,CLEV,
Perillus,,bioculatus,"Fabricius, 1775","USA: Wisconsin, Winnebago County, Oshkosh",44.02000,-88.54000,MCPM,
Perillus,,bioculatus,"Fabricius, 1775","USA: Wisconsin, Winnebago County, Oshkosh",44.02000,-88.54000,MCPM,
Perillus,,bioculatus,"Fabricius, 1775","USA: Wisconsin, Winnebago County, Oshkosh",44.02000,-88.54000,MCPM,
Perillus,,bioculatus,"Fabricius, 1775","USA: Wisconsin, Winnebago County, Oshkosh",44.02000,-88.54000,MCPM,
Perillus,,bioculatus,"Fabricius, 1775","USA: Virginia, Henry County, Martinsville. ",36.69000,-79.87000,VMNH,
Perillus,,bioculatus,"Fabricius, 1775","USA: Virginia, Wythe County. Vic. Patterson ",36.94000,-81.08000,VMNH,
Perillus,,bioculatus,"Fabricius, 1775","USA: Virginia, Westmoreland County, Montross.",38.09000,-76.82000,VMNH,
Perillus,,bioculatus,"Fabricius, 1775","USA: Minnesota, Ramsey County, Saint Paul, Saint Anthony Park.",44.98000,-93.19000,UMSP,
Perillus,,bioculatus,"Fabricius, 1775","USA: Minnesota, Anoka County. ",45.19000,-93.38000,UMSP,
Perillus,,bioculatus,"Fabricius, 1775","USA: Minnesota, Ramsey County, Saint Paul, Saint Anthony Park. ",44.98000,-93.19000,UMSP,
Perillus,,bioculatus,"Fabricius, 1775","USA: Colorado, El Paso County. ",38.83000,-104.82000,UMSP,
Perillus,,bioculatus,"Fabricius, 1775","USA: Wisconsin, Milwaukee County. ",43.03000,-87.90000,MCPM,
Perillus,,bioculatus,"Fabricius, 1775","USA: Wisconsin, Milwaukee County",43.03000,-87.90000,MCPM,
Perillus,,bioculatus,"Fabricius, 1775","USA: Wisconsin, Milwaukee County. ",43.03000,-87.90000,MCPM,
Perillus,,bioculatus,"Fabricius, 1775","USA: Wisconsin, Milwaukee County.",43.03000,-87.90000,MCPM,
Perillus,,bioculatus,"Fabricius, 1775","USA: Wisconsin, Winnebago County, Oshkosh.",44.02000,-88.54000,MCPM,
Perillus,,bioculatus,"Fabricius, 1775","USA: Wisconsin, Florence County, Nicolet National Forest, Lost Lake.",45.88000,-88.55000,MCPM,
Perillus,,bioculatus,"Fabricius, 1775","USA: Wisconsin, Winnebago County, Oshkosh. In building.",44.02000,-88.54000,MCPM,
Perillus,,bioculatus,"Fabricius, 1775","USA: Wisconsin, Waushara County. In house. ",44.07000,-89.28000,MCPM,
Perillus,,bioculatus,"Fabricius, 1775","USA: Minnesota, Itasca State Park. ",47.23000,-95.18000,DARC,
Perillus,,bioculatus,"Fabricius, 1775","USA: Wisconsin, Milwaukee County.",43.03000,-87.90000,MCPM,
Perillus,,bioculatus,"Fabricius, 1775","USA: Wisconsin, Milwaukee County.",43.03000,-87.90000,MCPM,
Perillus,,bioculatus,"Fabricius, 1775","USA: Wisconsin, Milwaukee County.",43.03000,-87.90000,MCPM,
Perillus,,bioculatus,"Fabricius, 1775","USA: Wisconsin, Milwaukee County.",43.03000,-87.90000,MCPM,
Perillus,,bioculatus,"Fabricius, 1775","USA: Wisconsin, Milwaukee County.",43.03000,-87.90000,MCPM,
Perillus,,bioculatus,"Fabricius, 1775","USA: Wisconsin, Columbia County, Fall River",43.38000,-89.04000,MCPM,
Perillus,,bioculatus,"Fabricius, 1775","USA: Atascosa, Santa Cruz Mountains",31.56738,-110.36895,Knight 1952,
Perillus,,bioculatus,"Fabricius, 1775","USA: California, Inyo, Lone Pine",36.60626,-118.06462,Knight 1952,
Perillus,,bioculatus,"Fabricius, 1775","USA: Oregon, Corvallis",44.56457,-123.26204,Knight 1952,
Perillus,,circumcinctus,"Stål, 1862","USA: Minnesota, Anoka",45.27000,-93.24000,Koch et al 2014,
Perillus,,circumcinctus,"Stål, 1862","USA: Minnesota, Hennepin",44.97000,-93.26000,Koch et al 2014,
Perillus,,circumcinctus,"Stål, 1862","USA: Minnesota, Houston",43.67000,-91.49000,Koch et al 2014,
Perillus,,circumcinctus,"Stål, 1862","USA: Minnesota, Kittson",48.77000,-96.78000,Koch et al 2014,
Perillus,,circumcinctus,"Stål, 1862","USA: Minnesota, Mille Lacs",45.93000,-93.63000,Koch et al 2014,
Perillus,,circumcinctus,"Stål, 1862","USA: Minnesota, Otter Tail",46.40000,-95.70000,Koch et al 2014,
Perillus,,circumcinctus,"Stål, 1862","USA: Minnesota, Pope",45.58000,-95.44000,Koch et al 2014,
Perillus,,circumcinctus,"Stål, 1862","USA: Minnesota, Sherburne",45.44000,-93.77000,Koch et al 2014,
Perillus,,circumcinctus,"Stål, 1862","USA: Minnesota, Washington",45.03000,-92.88000,Koch et al 2014,
Perillus,,circumcinctus,"Stål, 1862","USA: Connecticut, Colebrook",41.98000,-73.09000,O'Donnell & Schaefer 2012,
Perillus,,circumcinctus,"Stål, 1862","USA: Connecticut, Meriden",41.53000,-72.80000,O'Donnell & Schaefer 2012,
Perillus,,circumcinctus,"Stål, 1862","USA: Connecticut, Milford",41.22000,-73.05000,O'Donnell & Schaefer 2012,
Perillus,,circumcinctus,"Stål, 1862","USA: Connecticut, Durham",41.48000,-72.68000,O'Donnell & Schaefer 2012,
Perillus,,circumcinctus,"Stål, 1862","USA: Connecticut, New Haven",41.30000,-72.92000,O'Donnell & Schaefer 2012,
Perillus,,circumcinctus,"Stål, 1862","USA: North Dakota, Burleigh",46.97000,-100.46000,Rider 2012,
Perillus,,circumcinctus,"Stål, 1862","USA: North Dakota, Cavalier",48.77000,-98.46000,Rider 2012,
Perillus,,circumcinctus,"Stål, 1862","USA: North Dakota, Divide",48.81000,-103.48000,Rider 2012,
Perillus,,circumcinctus,"Stål, 1862","USA: North Dakota, Ransom",46.45000,-97.65000,Rider 2012,
Perillus,,circumcinctus,"Stål, 1862","USA: Missouri, City of Louis",38.62000,-90.19000,Sites et al 2012,
Perillus,,circumcinctus,"Stål, 1862","USA: Missouri, Glaciated Plains",38.25000,-92.50000,Sites et al 2012,
Perillus,,circumcinctus,"Stål, 1862","USA: Missouri, Ozark",36.64000,-92.44000,Sites et al 2012,
Perillus,,circumcinctus,"Stål, 1862","USA: Michigan, Cheboygan",45.47000,-84.49000,Swanson 2012,
Perillus,,circumcinctus,"Stål, 1862","USA: Michigan, Houghton",46.99000,-88.65000,Swanson 2012,
Perillus,,circumcinctus,"Stål, 1862","USA: Michigan, Mecosta",43.64000,-85.32000,Swanson 2012,
Perillus,,circumcinctus,"Stål, 1862","USA: Michigan, Oakland",42.66000,-83.38000,Swanson 2012,
Perillus,,circumcinctus,"Stål, 1862","USA: Michigan, Roscommon",44.33000,-84.61000,Swanson 2012,
Perillus,,circumcinctus,"Stål, 1862","USA: Michigan, Van Buren",42.28000,-86.30000,Swanson 2012,
Perillus,,circumcinctus,"Stål, 1862","USA: Michigan, Washtenaw",42.25000,-83.83000,Swanson 2012,
Perillus,,circumcinctus,"Stål, 1862","USA: Michigan, Wayne",42.28000,-83.26000,Swanson 2012,
Perillus,,circumcinctus,"Stål, 1862","USA: Illinois, Cook County, Palos Park.",41.66000,-87.83000,INHS,
Perillus,,circumcinctus,"Stål, 1862","USA: Minnesota, Mille Lacs County.",45.75000,-93.65000,UMSP,
Perillus,,circumcinctus,"Stål, 1862","USA: Minnesota, Mille Lacs County. ",45.75000,-93.65000,UMSP,
Perillus,,circumcinctus,"Stål, 1862","USA: Minnesota, Hannepin County, Medina, Hamel. ",45.04000,-93.52000,UMSP,
Perillus,,circumcinctus,"Stål, 1862","USA: Wisconsin, Milwaukee County.",43.03000,-87.90000,MCPM,
Perillus,,confluens,"Herrich-Schäfer, 1840",HONDURAN: Valle de Angeles,14.15000,-87.03000,Arismendi & Thomas 2003,
Perillus,,confluens,"Herrich-Schäfer, 1840","MEXICO: Veracruz, Xalapa de Enriquez",19.53000,-96.91000,Ortega León 1997,
Perillus,,confluens,"Herrich-Schäfer, 1840","MEXICO: Guerrero, Chilpancingo",17.55000,-99.50000,Ortega León 1997,
Perillus,,confluens,"Herrich-Schäfer, 1840","MEXICO: Chihuahua, El Sueco",29.90000,-106.39000,Ortega León 1997,
Perillus,,confluens,"Herrich-Schäfer, 1840","MEXICO: Chihuahua, El Jaguey",27.02000,-105.13000,Ortega León 1997,
Perillus,,confluens,"Herrich-Schäfer, 1840","MEXICO: San Luis Potosi, San Luis Potosi",22.14000,-100.97000,Ortega León 1997,
Perillus,,confluens,"Herrich-Schäfer, 1840","MEXICO: Jalisco, Techaluta",20.09000,-103.56000,Ortega León 1997,
Perillus,,confluens,"Herrich-Schäfer, 1840",MEXICO: Colima,19.24000,-103.72000,Ortega León 1997,
Perillus,,confluens,"Herrich-Schäfer, 1840","MEXICO: Michoacan, Uruapan",19.41000,-102.05000,Ortega León 1997,
Perillus,,confluens,"Herrich-Schäfer, 1840","MEXICO: Hidalgo, Tasquillo",20.54000,-99.34000,Ortega León 1997,
Perillus,,confluens,"Herrich-Schäfer, 1840","MEXICO: Veracruz, Mocambo",18.53000,-96.15000,Ortega León 1997,
Perillus,,confluens,"Herrich-Schäfer, 1840","MEXICO: Veracruz, Coatepec",19.45000,-96.93000,Ortega León 1997,
Perillus,,confluens,"Herrich-Schäfer, 1840","MEXICO: Veracruz, Ciudad Aleman",18.18000,-96.09000,Ortega León 1997,
Perillus,,confluens,"Herrich-Schäfer, 1840","MEXICO: Guerrero, Iguala",18.34000,-99.54000,Ortega León 1997,
Perillus,,confluens,"Herrich-Schäfer, 1840","MEXICO: Guerrero, Tasco el Viejo",18.48000,-99.58000,Ortega León 1997,
Perillus,,confluens,"Herrich-Schäfer, 1840","MEXICO: Guerrero, Zumpango del Rio",17.65000,-99.52000,Ortega León 1997,
Perillus,,confluens,"Herrich-Schäfer, 1840","MEXICO: Morelos, Jonacatepec de Leandro Valle",18.68000,-98.80000,Ortega León 1997,
Perillus,,confluens,"Herrich-Schäfer, 1840","MEXICO: Morelos, Yautepec de Zaragoza",18.88000,-99.06000,Ortega León 1997,
Perillus,,confluens,"Herrich-Schäfer, 1840","MEXICO: Puebla, Izucar de Matamoros",18.60000,-98.46000,Ortega León 1997,
Perillus,,confluens,"Herrich-Schäfer, 1840","MEXICO: Puebla, Aclatlan",18.22000,-98.07000,Ortega León 1997,
Perillus,,confluens,"Herrich-Schäfer, 1840","MEXICO: Puebla, Tecamachalco",18.86000,-97.74000,Ortega León 1997,
Perillus,,confluens,"Herrich-Schäfer, 1840","MEXICO: Oaxaca, Santa Cruz",18.15000,-96.88000,Ortega León 1997,
Perillus,,confluens,"Herrich-Schäfer, 1840","MEXICO: Oaxaca, Xoxocotlan",17.02000,-96.73000,Ortega León 1997,
Perillus,,confluens,"Herrich-Schäfer, 1840","MEXICO: Oaxaca, Monte Alban",17.04000,-96.76000,Ortega León 1997,
Perillus,,confluens,"Herrich-Schäfer, 1840","MEXICO: Chiapas, Las Cruces",15.93000,-93.05000,Ortega León 1997,
Perillus,,confluens,"Herrich-Schäfer, 1840","MEXICO: Chiapas, Tuxtla Gutierrez",16.75000,-93.11000,Ortega León 1997,
Perillus,,confluens,"Herrich-Schäfer, 1840","MEXICO: Chiapas, Reserva El Ocote",16.93000,-94.77000,Ortega León 1997,
Perillus,,confluens,"Herrich-Schäfer, 1840","MEXICO: Chiapas, Chiapa de Corzo",16.70000,-93.01000,Ortega León 1997,
Perillus,,confluens,"Herrich-Schäfer, 1840","MEXICO: Chiapas, Trinitaria",16.01000,-91.93000,Ortega León 1997,
Perillus,,exaptus,"Say, 1825","USA: New Mexico, Colfax",36.60000,-104.64000,Bundy 2012,
Perillus,,exaptus,"Say, 1825","USA: New Mexico, Grant",32.73000,-108.38000,Bundy 2012,
Perillus,,exaptus,"Say, 1825","USA: Minnesota, Cass",46.94000,-94.32000,Koch et al 2014,
Perillus,,exaptus,"Say, 1825","USA: Minnesota, Cook",47.81000,-90.54000,Koch et al 2014,
Perillus,,exaptus,"Say, 1825","USA: Minnesota, Crow Wing",46.48000,-94.07000,Koch et al 2014,
Perillus,,exaptus,"Say, 1825","USA: Minnesota, Lake",47.52000,-91.40000,Koch et al 2014,
Perillus,,exaptus,"Say, 1825","USA: Minnesota, Mille Lacs",45.93000,-93.63000,Koch et al 2014,
Perillus,,exaptus,"Say, 1825","USA: Minnesota, Olmstead",43.89000,-92.17000,Koch et al 2014,
Perillus,,exaptus,"Say, 1825","USA: Minnesota, Polk",47.77000,-96.40000,Koch et al 2014,
Perillus,,exaptus,"Say, 1825","USA: Minnesota, Saint Louis",47.58000,-92.46000,Koch et al 2014,
Perillus,,exaptus,"Say, 1825","USA: Connecticut, Thompson",41.95000,-71.86000,O'Donnell & Schaefer 2012,
Perillus,,exaptus,"Say, 1825","USA: Connecticut, New Haven",41.30000,-72.92000,O'Donnell & Schaefer 2012,
Perillus,,exaptus,"Say, 1825","USA: Connecticut, Gales Ferry",41.42000,-72.08000,O'Donnell & Schaefer 2012,
Perillus,,exaptus,"Say, 1825","USA: Connecticut, Seymour",41.39000,-73.07000,O'Donnell & Schaefer 2012,
Perillus,,exaptus,"Say, 1825","USA: Connecticut, Meriden",41.53000,-72.80000,O'Donnell & Schaefer 2012,
Perillus,,exaptus,"Say, 1825","USA: Connecticut, Portland",41.57000,-72.64000,O'Donnell & Schaefer 2012,
Perillus,,exaptus,"Say, 1825","USA: Connecticut, Wilton",41.19000,-73.43000,O'Donnell & Schaefer 2012,
Perillus,,exaptus,"Say, 1825","USA: Connecticut, West Wellington",41.88000,-72.30000,O'Donnell & Schaefer 2012,
Perillus,,exaptus,"Say, 1825","USA: Connecticut, Mansfield",41.76000,-72.19000,O'Donnell & Schaefer 2012,
Perillus,,exaptus,"Say, 1825","USA: Connecticut, Coventry",41.77000,-72.30000,O'Donnell & Schaefer 2012,
Perillus,,exaptus,"Say, 1825","USA: Connecticut, Newington",41.69000,-72.72000,O'Donnell & Schaefer 2012,
Perillus,,exaptus,"Say, 1825","USA: Connecticut, South Meriden",41.51000,-72.83000,O'Donnell & Schaefer 2012,
Perillus,,exaptus,"Say, 1825","USA: Connecticut, North Stonington",41.44000,-71.88000,O'Donnell & Schaefer 2012,
Perillus,,exaptus,"Say, 1825","USA: Connecticut, Easton",41.25000,-73.29000,O'Donnell & Schaefer 2012,
Perillus,,exaptus,"Say, 1825","USA: Connecticut, Barkhamsted",41.92000,-72.91000,O'Donnell & Schaefer 2012,
Perillus,,exaptus,"Say, 1825","USA: Connecticut, Lakeville",41.96000,-73.44000,O'Donnell & Schaefer 2012,
Perillus,,exaptus,"Say, 1825","USA: Connecticut, East Haddam",41.45000,-72.46000,O'Donnell & Schaefer 2012,
Perillus,,exaptus,"Say, 1825","USA: North Dakota, McKenzie",47.74000,-103.39000,Rider 2012,
Perillus,,exaptus,"Say, 1825","USA: North Dakota, Richland",46.26000,-96.94000,Rider 2012,
Perillus,,exaptus,"Say, 1825","USA: North Dakota, Slope",46.44000,-103.45000,Rider 2012,
Perillus,,exaptus,"Say, 1825","USA: Missouri, St Louis",38.62000,-90.19000,Sites et al 2012,
Perillus,,exaptus,"Say, 1825","USA: Michigan, Charlevoix",45.26000,-85.24000,Swanson 2012,
Perillus,,exaptus,"Say, 1825","USA: Michigan, Cheboygan",45.47000,-84.49000,Swanson 2012,
Perillus,,exaptus,"Say, 1825","USA: Michigan, Chippewa",46.32000,-84.52000,Swanson 2012,
Perillus,,exaptus,"Say, 1825","USA: Michigan, Clare",43.98000,-84.84000,Swanson 2012,
Perillus,,exaptus,"Say, 1825","USA: Michigan, Crawford",44.68000,-84.61000,Swanson 2012,
Perillus,,exaptus,"Say, 1825","USA: Michigan, Dickinson",46.00000,-87.87000,Swanson 2012,
Perillus,,exaptus,"Say, 1825","USA: Michigan, Delta",45.79000,-86.87000,Swanson 2012,
Perillus,,exaptus,"Say, 1825","USA: Michigan, Emmet",45.58000,-84.98000,Swanson 2012,
Perillus,,exaptus,"Say, 1825","USA: Michigan, Iosco",44.30000,-83.51000,Swanson 2012,
Perillus,,exaptus,"Say, 1825","USA: Michigan, Lake",43.99000,-85.80000,Swanson 2012,
Perillus,,exaptus,"Say, 1825","USA: Michigan, Livingston",42.60000,-83.91000,Swanson 2012,
Perillus,,exaptus,"Say, 1825","USA: Michigan, Mackinac",45.57000,-84.76000,Swanson 2012,
Perillus,,bioculatus,"Fabricius, 1775","INDIA: Punjab, Gusdarpur",31.92000,75.27000,Kaur & Suman 2012,
Perillus,,bioculatus,"Fabricius, 1775","INDIA: Punjab, Patiala",30.35000,76.40000,Kaur & Suman 2012,
Perillus,,bioculatus,"Fabricius, 1775","INDIA: Punjab, Pathankot",32.33000,75.64000,Kaur & Semahagn 2010,
Perillus,,exaptus,"Say, 1825","USA: Michigan, Marquette",46.66000,-87.57000,Swanson 2012,
Perillus,,exaptus,"Say, 1825","USA: Michigan, Montmorency",45.02000,-84.12000,Swanson 2012,
Perillus,,exaptus,"Say, 1825","USA: Michigan, Newaygo",43.55000,-85.80000,Swanson 2012,
Perillus,,exaptus,"Say, 1825","USA: Michigan, Osceola",43.98000,-85.32000,Swanson 2012,
Perillus,,exaptus,"Say, 1825","USA: Michigan, Roscommon",44.33000,-84.61000,Swanson 2012,
Perillus,,exaptus,"Say, 1825","USA: Michigan, Wexford",44.33000,-85.57000,Swanson 2012,
Perillus,,exaptus,"Say, 1825","USA: Washington, Sand Hills Park",40.53000,-74.38000,Zack 2012,
Perillus,,exaptus,"Say, 1825","USA: New York, Wilmington, Whiteface Mountain trail",44.36000,-73.90000,SIM,
Perillus,,exaptus,"Say, 1825","USA: New York, New York City, Queens, Long Island, Rockaway.",40.59280,-73.79650,SIM,
Perillus,,exaptus,"Say, 1825","USA: New York, New York City, Queens, Long Island, Rockaway.",40.59280,-73.79650,SIM,
Perillus,,exaptus,"Say, 1825","USA: New York, New York City, Queens, Long Island, Rockaway.",40.59280,-73.79650,SIM,
Perillus,,exaptus,"Say, 1825","USA: New York, New York City, Queens, Long Island, Rockaway.",40.59280,-73.79650,SIM,
Perillus,,exaptus,"Say, 1825","USA: New Jersey, Passaic County, Little Falls, Great Notch.",40.87000,-74.20000,SIM,
Perillus,,exaptus,"Say, 1825","USA: New York, Ontario County, Richmond. ",42.82000,-77.53000,SIM,
Perillus,,exaptus,"Say, 1825","USA: New York, Nassau County, Oyster Bay, Massapequa.",40.68000,-73.47000,SIM,
Perillus,,exaptus,"Say, 1825","USA: Pennsylvania, Allegheny County, Wilmerding.",40.39000,-79.81000,CLEV,
Perillus,,exaptus,"Say, 1825","USA: Pennsylvania, Allegheny County, Wilmerding. ",40.39000,-79.81000,CLEV,
Perillus,,exaptus,"Say, 1825","USA: Minnesota, Lake County, Two Harbors.",47.02000,-91.67000,UMSP,
Perillus,,exaptus,"Say, 1825","USA: Minnesota, Mille Lacs County.",45.75000,-93.65000,UMSP,
Perillus,,exaptus,"Say, 1825","USA: Minnesota, Lake County, Two Harbors. ",47.02000,-91.67000,UMSP,
Perillus,,exaptus,"Say, 1825","USA: Minnesota, Mille Lacs County.  ",45.75000,-93.65000,UMSP,
Perillus,,exaptus,"Say, 1825","USA: Wisconsin, Shawano County, Cloverleaf Lake.",44.69000,-88.64000,DARC,
Perillus,,exaptus,"Say, 1825","USA: Wyoming, Bighorn Mountains, Caribou Creek.",44.17000,-106.91000,DARC,
Perillus,,exaptus,"Say, 1825",CANADA: Ontario (Hudson’s Bay - Albany River?),51.72000,-82.22000,Roell et al 2023,"The species is listed to the region of Ontario, near the Albay River in the region of the Hudson's Bay. See the comments about the type-series and locality in Roell et al (2023) "
Perillus,,lunatus,"Knight, 1952","USA: Colorado, near Pingree Park",40.56109,-105.59778,Knight 1952,
Perillus,,splendidus,"Uhler, 1861","USA: New Mexico, Catron",33.91000,-108.40000,Bundy 2012,
Perillus,,splendidus,"Uhler, 1861","USA: New Mexico, Doña Ana",32.35000,-106.83000,Bundy 2012,
Perillus,,splendidus,"Uhler, 1861","USA: New Mexico, Taos",36.57000,-105.63000,Bundy 2012,
Perillus,,splendidus,"Uhler, 1861","MEXICO: Morelos, Yautepec",18.88000,-99.06000,Ortega León 1997,
Perillus,,splendidus,"Uhler, 1861","MEXICO: Morelos, Cuernavaca",18.92000,-99.23000,Ortega León 1997,
Perillus,,splendidus,"Uhler, 1861","USA: California, Lebec",34.84164,-118.86482,Knight 1952,
Perillus,,splendidus,"Uhler, 1861","USA: California, Claremont",37.86520,-122.22580,Knight 1952,
Perillus,,splendidus,"Uhler, 1861","USA: California, Kernville",35.75467,-118.42536,Knight 1952,
Perillus,,splendidus,"Uhler, 1861","USA: California, Newport Bay",33.60836,-117.90922,Knight 1952,
Perillus,,splendidus,"Uhler, 1861","USA: California, Santa Ana",33.74447,-117.87358,Knight 1952,
Perillus,,splendidus,"Uhler, 1861","USA: California, Lassen",40.67000,-120.59000,Knight 1952,
Perillus,,splendidus,"Uhler, 1862","USA: California, Inyo",36.51000,-117.41000,Knight 1952,
Perillus,,splendidus,"Uhler, 1862","USA: California, San Jacinto",33.78391,-116.95864,Knight 1952,
Perillus,,strigipes,"Herrich-Schäfer, 1851","USA: New Mexico, Colfax",36.60000,-104.64000,Bundy 2012,
Perillus,,strigipes,"Herrich-Schäfer, 1851","USA: Connecticut, New Cannan",41.96000,-73.33000,O'Donnell & Schaefer 2012,
Perillus,,strigipes,"Herrich-Schäfer, 1851","USA: Connecticut, Stratford",41.18000,-73.13000,O'Donnell & Schaefer 2012,
Perillus,,strigipes,"Herrich-Schäfer, 1851","USA: Connecticut, Shelton",41.31000,-73.09000,O'Donnell & Schaefer 2012,
Perillus,,strigipes,"Herrich-Schäfer, 1851","USA: Connecticut, Storrs",41.80000,-72.24000,O'Donnell & Schaefer 2012,
Perillus,,strigipes,"Herrich-Schäfer, 1851","USA: Connecticut, Meriden",41.53000,-72.80000,O'Donnell & Schaefer 2012,
Perillus,,strigipes,"Herrich-Schäfer, 1851","USA: Connecticut, Colchester",41.57000,-72.33000,O'Donnell & Schaefer 2012,
Perillus,,strigipes,"Herrich-Schäfer, 1851","USA: Connecticut, Woodbridge",41.35000,-73.00000,O'Donnell & Schaefer 2012,
Perillus,,strigipes,"Herrich-Schäfer, 1851","USA: Connecticut, South Meriden",41.51000,-72.83000,O'Donnell & Schaefer 2012,
Perillus,,strigipes,"Herrich-Schäfer, 1851","USA: Connecticut, Plantsville",41.58000,-72.89000,O'Donnell & Schaefer 2012,
Perillus,,strigipes,"Herrich-Schäfer, 1851","USA: Connecticut, North Haven",41.30000,-72.92000,O'Donnell & Schaefer 2012,
Perillus,,strigipes,"Herrich-Schäfer, 1851","USA: Connecticut, Canton",41.82000,-72.89000,O'Donnell & Schaefer 2012,
Perillus,,strigipes,"Herrich-Schäfer, 1851","USA: Connecticut, North Branford",41.27000,-72.81000,O'Donnell & Schaefer 2012,
Perillus,,strigipes,"Herrich-Schäfer, 1851","USA: Connecticut, Mt, Carmel",41.43000,-72.88000,O'Donnell & Schaefer 2012,
Perillus,,strigipes,"Herrich-Schäfer, 1851","USA: Missouri, Osage Plains",37.99000,-94.60000,Sites et al 2012,
Perillus,,strigipes,"Herrich-Schäfer, 1851","USA: Missouri, Ozark",36.64000,-92.44000,Sites et al 2012,
Perillus,,strigipes,"Herrich-Schäfer, 1851","USA: Pennsylvania, Allegheny County, Wilmerding.",40.39000,-79.81000,CLEV,
Perillus,,strigipes,"Herrich-Schäfer, 1851","USA: Pennsylvania, Allegheny County, Wilmerding",40.39000,-79.81000,CLEV,
Perillus,,strigipes,"Herrich-Schäfer, 1851","USA: Pennsylvania, Allegheny County, Wilmerding.",40.39000,-79.81000,CLEV,
Picromerus,,bidens,"Linnaeus, 1758",CHINA: Xinjiang,41.50000,85.50000,Kerzhner 2005,
Picromerus,,bidens,"Linnaeus, 1758","TURKEY: Nevsehir, Urgup",38.57000,34.94000,Lodos & Onder 1983,
Picromerus,,bidens,"Linnaeus, 1758","TURKEY: Ordu, Unye",41.13000,37.28000,Lodos & Onder 1983,
Picromerus,,bidens,"Linnaeus, 1758","TURKEY: Giresun, Segin Kahahisar",40.28000,38.42000,Lodos & Onder 1983,
Picromerus,,bidens,"Linnaeus, 1758",TURKEY: Artvin,41.16000,41.83000,Lodos & Onder 1983,
Picromerus,,bidens,"Linnaeus, 1758",TURKEY: Kirklareli,41.66000,27.50000,Lodos & Onder 1983,
Picromerus,,bidens,"Linnaeus, 1758",TURKEY: Tekirdag,41.00000,27.50000,Lodos & Onder 1983,
Picromerus,,bidens,"Linnaeus, 1758","TURKEY: Biga, Canakkale",40.22000,27.24000,Lodos & Onder 1983,
Picromerus,,bidens,"Linnaeus, 1758",TURKEY: Çorum,40.54000,34.95000,Lodos & Onder 1983,
Picromerus,,bidens,"Linnaeus, 1758","IRAN: Mazandaran, Kalardasht",36.51000,51.17000,Mohaghegh 2008,
Picromerus,,bidens,"Linnaeus, 1758",IRAN: Bandar Anzali,37.47000,49.45000,Mohaghegh 2008,
Picromerus,,bidens,"Linnaeus, 1758","IRAN: Gilan, Asalem",37.73000,48.95000,Mohaghegh 2008,
Picromerus,,bidens,"Linnaeus, 1758","SPAIN: Aragon, Huesca",42.13000,-0.40000,Tanco 2018,
Picromerus,,bidens,"Linnaeus, 1758","SPAIN: Aragon, Benasque",42.60000,0.52000,Tanco 2018,
Picromerus,,bidens,"Linnaeus, 1758","SPAIN: Castilla y Leon, Zamora",41.75000,-6.00000,Tanco 2018,
Picromerus,,bidens,"Linnaeus, 1758",SPAIN: Teruel,40.34000,-1.10000,Tanco 2018,
Picromerus,,bidens,"Linnaeus, 1758",SPAIN: Zaragoza,41.58000,-1.00000,Tanco 2018,
Picromerus,,bidens,"Linnaeus, 1758",SPAIN: Cantabria,43.20000,-4.03000,Tanco 2018,
Picromerus,,bidens,"Linnaeus, 1758","SPAIN: Castilla y Leon, Burgos",42.33000,-3.70000,Tanco 2018,
Picromerus,,bidens,"Linnaeus, 1758",SPAIN: Salamanca,40.83000,-6.00000,Tanco 2018,
Picromerus,,bidens,"Linnaeus, 1758",SPAIN: Soria,41.66000,-2.66000,Tanco 2018,
Picromerus,,bidens,"Linnaeus, 1758","SPAIN: Castilla La Mancha, Cuenca",40.00000,-2.00000,Tanco 2018,
Picromerus,,bidens,"Linnaeus, 1758","SPAIN: Cataluna, Barcelona",41.38000,2.15000,Tanco 2018,
Picromerus,,bidens,"Linnaeus, 1758","SPAIN: Galicia, Lugo",43.00000,-7.50000,Tanco 2018,
Picromerus,,bidens,"Linnaeus, 1758",SPAIN: Pontevedra,42.43000,-8.64000,Tanco 2018,
Picromerus,,bidens,"Linnaeus, 1758",SPAIN: Comunidad Valenciana,39.50000,-0.75000,Tanco 2018,
Picromerus,,bidens,"Linnaeus, 1758",PORTUGAL: Braga,41.55000,-8.42000,Tanco 2018,
Picromerus,,bidens,"Linnaeus, 1758",PORTUGAL: Vila Real,41.54000,-7.59000,Tanco 2018,
Picromerus,,bidens,"Linnaeus, 1758",RUSSIA: Moscow,55.75000,37.61000,Shestakov 2008,
Picromerus,,bidens,"Linnaeus, 1758",CHINA: Anhui,31.91000,117.16000,Rider & Zheng 2002,
Picromerus,,bidens,"Linnaeus, 1758",CHINA: Hebei,39.00000,115.66000,Rider & Zheng 2002,
Picromerus,,bidens,"Linnaeus, 1758",CHINA: Heilongjiang,47.75000,128.00000,Rider & Zheng 2002,
Picromerus,,bidens,"Linnaeus, 1758",CHINA: Jilin,43.58000,126.16000,Rider & Zheng 2002,
Picromerus,,bidens,"Linnaeus, 1758",CHINA: Nei Monggol,43.50000,114.75000,Rider & Zheng 2002,
Picromerus,,bidens,"Linnaeus, 1758","RUSSIA: Primorsky Krai, Vladivostok, Partizansk.",43.12000,133.12000,NHRS,
Picromerus,,bidens,"Linnaeus, 1758","DENMARK: Hovedstaden, Lillerod",55.86000,12.34000,ZMUC,
Picromerus,,bidens,"Linnaeus, 1758","DENMARK: Hovedstaden, Lillerod",55.86000,12.34000,ZMUC,
Picromerus,,bidens,"Linnaeus, 1758","DENMARK: Hovedstaden, Lillerod",55.86000,12.34000,ZMUC,
Picromerus,,bidens,"Linnaeus, 1758","DENMARK: Hovedstaden, Lillerod",55.86000,12.34000,ZMUC,
Picromerus,,bidens,"Linnaeus, 1758","DENMARK: Hovedstaden, Lillerod",55.86000,12.34000,ZMUC,
Picromerus,,bidens,"Linnaeus, 1758","CZECH REPUBLIC: Prague, Prokop Valley. ",50.04000,14.37000,INHS,
Picromerus,,bidens,"Linnaeus, 1758","SLOVAKIA: Slovenské Rudohorí, Klenovsky Vepor",48.69000,19.76000,INHS,
Picromerus,,bidens,"Linnaeus, 1758","HUNGARY: Central Hungary, Budapest. ",47.49000,19.04000,UMSP,
Picromerus,,bidens,"Linnaeus, 1758",SWITZERLAND: Canton of Valais. (Suisse-Valais).,46.19000,7.54000,MZLS,
Picromerus,,bidens,"Linnaeus, 1758",SWITZERLAND: Canton of Valais. (Suisse-Valais). ,46.19000,7.54000,MZLS,
Picromerus,,bidens,"Linnaeus, 1758",SWITZERLAND: Canton of Valais. (Suisse-Valais). ,46.19000,7.54000,MZLS,
Picromerus,,bidens,"Linnaeus, 1758",SWITZERLAND: Canton of Valais. (Suisse-Valais). ,46.19000,7.54000,MZLS,
Picromerus,,bidens,"Linnaeus, 1758",SWITZERLAND: Canton of Valais. (Suisse-Valais). ,46.19000,7.54000,MZLS,
Picromerus,,bidens,"Linnaeus, 1758",SWITZERLAND: Canton of Valais. (Suisse-Valais). ,46.19000,7.54000,MZLS,
Picromerus,,bidens,"Linnaeus, 1758",SWITZERLAND: Canton of Valais. (Suisse-Valais). ,46.19000,7.54000,MZLS,
Picromerus,,bidens,"Linnaeus, 1758","CZECH REPUBLIC: Decin, Jílové, Decinsky Snezník.",50.79000,14.10000,NMPC,
Picromerus,,bidens,"Linnaeus, 1758","CZECH REPUBLIC: Decin, Jílové, Decinsky Snezník.",50.79000,14.10000,NMPC,
Picromerus,,bidens,"Linnaeus, 1758",CZECH REPUBLIC: Moravia,49.19000,16.60000,NMPC,
Picromerus,,bidens,"Linnaeus, 1758",CZECH REPUBLIC: Moravia,49.19000,16.60000,NMPC,
Picromerus,,bidens,"Linnaeus, 1758",CZECH REPUBLIC: Moravia,49.19000,16.60000,NMPC,
Picromerus,,bidens,"Linnaeus, 1758",CZECH REPUBLIC: Moravia,49.19000,16.60000,NMPC,
Picromerus,,bidens,"Linnaeus, 1758","USA: Vermont, Chittenden County, Colchester.",44.54000,-73.14000,FSCA,
Picromerus,,bidens,"Linnaeus, 1758","USA: Maine, Kennebec County, Waterville.",44.55000,-69.63000,FSCA,
Picromerus,,bidens,"Linnaeus, 1758","CZECH REPUBLIC:  Strakonice District, Tažovice. BOHEMIA mer. ",49.23050,13.76570,DARC,
Picromerus,,bidens,"Linnaeus, 1758","GERMANY: Thüringen, Gera",50.88000,12.08000,EMG,
Picromerus,,bidens,"Linnaeus, 1758","GERMANY: Thüringen, Gera",50.88000,12.08000,EMG,
Picromerus,,bidens,"Linnaeus, 1758","GERMANY: Thüringen, Gera",50.88000,12.08000,EMG,
Picromerus,,bidens,"Linnaeus, 1758","GERMANY: Thüringen, Gera",50.88000,12.08000,EMG,
Picromerus,,bidens,"Linnaeus, 1758","GERMANY: Thüringen, Baviera, Ingolstadt, estrada Reisberg",48.84000,11.37000,EMG,
Picromerus,,bidens,"Linnaeus, 1758",RUSSIA: Transbaikal (Dauria).,53.09000,116.96000,NHRS,
Picromerus,,bidens,"Linnaeus, 1758","RUSSIA: Primorsky Krai, Vladivostok, Partizansk.",43.12000,133.12000,NHRS,
Picromerus,,bidens,"Linnaeus, 1758","RUSSIA: Russian Far East, Amur Oblast.",53.55000,127.85000,NHRS,
Picromerus,,bidens,"Linnaeus, 1758","CHINA: Heilongjiang, Boli",45.75290,130.58452,Zhao et al 2013,
Picromerus,,bidens,"Linnaeus, 1758","CHINA: Heilongjiang, Shangzhi, Mao’er Mt.",39.08000,117.20000,Zhao et al 2013,
Picromerus,,bidens,"Linnaeus, 1758","CHINA: Heilongjiang, Ning’an, Jingbohu",45.28000,127.51800,Zhao et al 2013,
Picromerus,,bidens,"Linnaeus, 1758","CHINA: Heilongjiang, Hengdaohezi Village, Hailin City, Mudanjiang, Weihu Mt",44.30000,129.15000,Zhao et al 2013,
Picromerus,,bidens,"Linnaeus, 1758","CHINA: Heilongjiang, Ning’an, Xiaobeihu Forest Farm",44.83000,129.15300,Zhao et al 2013,
Picromerus,,bidens,"Linnaeus, 1758","CHINA: Heilongjiang, Yichun City, Wuying National Forest Park",48.24000,129.21000,Zhao et al 2013,
Picromerus,,bidens,"Linnaeus, 1758","CHINA: Heilongjiang, Jiamusi City",46.80000,130.32000,Zhao et al 2013,
Picromerus,,bidens,"Linnaeus, 1758","CHINA: Heilongjiang, Ning’an, Pubu Village",44.90000,127.81000,Zhao et al 2013,
Picromerus,,bidens,"Linnaeus, 1758","CHINA: Inner Mongolia, Alxa Meng Helanshan Nature Reserve, Yaobazigou",38.59000,105.65000,Zhao et al 2013,
Picromerus,,bidens,"Linnaeus, 1758","CHINA: Inner Mongolia, Alxa Meng Helanshan Nature Reserve, Mochi North Temple",39.01000,106.05000,Zhao et al 2013,
Picromerus,,bidens,"Linnaeus, 1758","CHINA: Inner Mongolia, Alxa Meng Helanshan Nature Reserve, Xuelingzi",38.71000,105.83000,Zhao et al 2013,
Picromerus,,bidens,"Linnaeus, 1758","CHINA: Inner Mongolia, Hailar City",49.23000,119.73000,Zhao et al 2013,
Picromerus,,bidens,"Linnaeus, 1758","CHINA: Inner Mongolia, Qiqiling County",51.70000,124.20000,Zhao et al 2013,
Picromerus,,bidens,"Linnaeus, 1758","CHINA: Inner Mongolia, Alihe County",51.15000,123.60000,Zhao et al 2013,
Picromerus,,bidens,"Linnaeus, 1758","CHINA: Inner Mongolia, Mohe County, Gulian Forest Farm",52.96000,122.36000,Zhao et al 2013,
Picromerus,,bidens,"Linnaeus, 1758","CHINA: Inner Mongolia, Yichun City, Dailing County",47.05000,129.02000,Zhao et al 2013,
Picromerus,,bidens,"Linnaeus, 1758","CHINA: Inner Mongolia, Tieli City, Langxiang Village",46.95000,128.87000,Zhao et al 2013,
Picromerus,,bidens,"Linnaeus, 1758","CHINA: Liaoning, Yingkou City",40.68000,122.23000,Zhao et al 2013,
Picromerus,,bidens,"Linnaeus, 1758","CHINA: Ningxia, Helanshan, Yinchuan City, Xiaokouzi",38.61000,105.93000,Zhao et al 2013,
Picromerus,,brachypterus,"Ahmad & Onder, 1990",TURKEY,40.26000,32.70000,Thomas 1994,
Picromerus,,conformis,"Herrich-Schäfer, 1841","TURKEY: Ankara, Kurtbogazi Baraji",40.26000,32.70000,Lodos & Onder 1983,
Picromerus,,conformis,"Herrich-Schäfer, 1841",TURKEY: Çorum,40.54000,34.95000,Lodos & Onder 1983,
Picromerus,,conformis,"Herrich-Schäfer, 1841",TURKEY: Edirne,41.67000,26.55000,Lodos & Onder 1983,
Picromerus,,conformis,"Herrich-Schäfer, 1841",TURKEY: Gordes Ilçesi,38.94000,28.29000,Lodos & Onder 1983,
Picromerus,,conformis,"Herrich-Schäfer, 1841","TURKEY: Izmir, Tire",38.08000,27.73000,Lodos & Onder 1983,
Picromerus,,elevatus,"Zhao et al, 2013","CHINA, Yunnan, Gongshan County",27.77000,98.66000,Zhao et al 2013,
Picromerus,,elevatus,"Zhao et al, 2013","CHINA, Yunnan, Kunming City",25.05000,102.72000,Zhao et al 2013,
Picromerus,,elevatus,"Zhao et al, 2013","CHINA, Yunnan, Dali City, Cangshan County",25.59000,100.22000,Zhao et al 2013,
Picromerus,,elevatus,"Zhao et al, 2013","CHINA, Yunnan, Qujing City, Heqing Village North Street",26.57000,104.46000,Zhao et al 2013,
Picromerus,,elevatus,"Zhao et al, 2013","CHINA, Yunnan, Weixi County",27.20000,99.30000,Zhao et al 2013,
Picromerus,,elevatus,"Zhao et al, 2013","CHINA, Yunnan, Yongshan County",28.25000,103.64000,Zhao et al 2013,
Picromerus,,elevatus,"Zhao et al, 2013","CHINA, Yunnan, Gongshan County",27.77000,98.66000,Zhao et al 2013,
Picromerus,,fasciaticeps,"Zheng & Liu, 1987","CHINA: Yunnan, Dongchuan County, Xincun",26.08000,103.18000,Zhao et al 2013,
Picromerus,,fasciaticeps,"Zheng & Liu, 1987","CHINA: Yunnan, Heqing County",26.56000,104.46000,Zhao et al 2013,
Picromerus,,griseus,"Dallas, 1851","INDIA: Uttar Pradesh, Aligarh ",27.83000,78.16000,Azim 2011,
Picromerus,,griseus,"Dallas, 1851",CHINA: Guangdong,23.50000,113.25000,Rider & Zheng 2002,
Picromerus,,griseus,"Dallas, 1851",CHINA: Guangxi,24.00000,109.00000,Rider & Zheng 2002,
Picromerus,,griseus,"Dallas, 1851",CHINA: Sichuan,30.50000,102.66000,Rider & Zheng 2002,
Picromerus,,griseus,"Dallas, 1851",CHINA: Xizang,31.66000,88.00000,Rider & Zheng 2002,
Picromerus,,griseus,"Dallas, 1851",CHINA: Yunnan,25.00000,101.50000,Rider & Zheng 2002,
Picromerus,,griseus,"Dallas, 1851","CHINA: Fujian, Da’an",27.51000,119.52000,Zhao et al 2013,
Picromerus,,griseus,"Dallas, 1851","INDIA: West Bengal, Darjeeling.",27.03000,88.26000,NHRS,
Picromerus,,griseus,"Dallas, 1851","INDIA: West Bengal, Darjeeling.",27.03000,88.26000,NHRS,
Picromerus,,griseus,"Dallas, 1851",INDIA: Sikkim,27.75000,88.50000,Pal et al 2023,
Picromerus,,griseus,"Dallas, 1851",INDIA: Nagaland,26.08333,94.50000,Pal et al 2023,
Picromerus,,lewisi,"Scott, 1874",KAZAKHSTAN: East Kazakhstan,48.83000,81.50000,Kerzhner 2005,
Picromerus,,lewisi,"Scott, 1874",CHINA: Anhui,31.91000,117.16000,Rider & Zheng 2002,
Picromerus,,lewisi,"Scott, 1874",CHINA: Fujian,26.25000,118.00000,Rider & Zheng 2002,
Picromerus,,lewisi,"Scott, 1874",CHINA: Guangxi,24.00000,109.00000,Rider & Zheng 2002,
Picromerus,,lewisi,"Scott, 1874",CHINA: Guizhou,27.00000,107.00000,Rider & Zheng 2002,
Picromerus,,lewisi,"Scott, 1874",CHINA: Hainan,19.25000,109.75000,Rider & Zheng 2002,
Picromerus,,lewisi,"Scott, 1874",CHINA: Hebei,39.00000,115.66000,Rider & Zheng 2002,
Picromerus,,lewisi,"Scott, 1874",CHINA: Heilongjiang,47.75000,128.00000,Rider & Zheng 2002,
Picromerus,,lewisi,"Scott, 1874",CHINA: Henan,34.00000,113.66000,Rider & Zheng 2002,
Picromerus,,lewisi,"Scott, 1874",CHINA: Hubei,31.00000,112.25000,Rider & Zheng 2002,
Picromerus,,lewisi,"Scott, 1874",CHINA: Hunan,27.66000,111.75000,Rider & Zheng 2002,
Picromerus,,lewisi,"Scott, 1874",CHINA: Jiangsu,33.00000,119.83000,Rider & Zheng 2002,
Picromerus,,lewisi,"Scott, 1874",CHINA: Jiangxi,27.66000,115.66000,Rider & Zheng 2002,
Picromerus,,lewisi,"Scott, 1874",CHINA: Jilin,43.58000,126.16000,Rider & Zheng 2002,
Picromerus,,lewisi,"Scott, 1874",CHINA: Liaoning,41.25000,122.66000,Rider & Zheng 2002,
Picromerus,,lewisi,"Scott, 1874",CHINA: Shaanxi,36.00000,109.00000,Rider & Zheng 2002,
Picromerus,,lewisi,"Scott, 1874",CHINA: Shandong,36.33000,118.25000,Rider & Zheng 2002,
Picromerus,,lewisi,"Scott, 1874",CHINA: Sichuan,30.50000,102.66000,Rider & Zheng 2002,
Picromerus,,lewisi,"Scott, 1874",CHINA: Xizang,31.66000,88.00000,Rider & Zheng 2002,
Picromerus,,lewisi,"Scott, 1874",CHINA: Yunnan,25.00000,101.50000,Rider & Zheng 2002,
Picromerus,,lewisi,"Scott, 1874",CHINA: Zhejiang,29.16000,120.00000,Rider & Zheng 2002,
Picromerus,,lewisi,"Scott, 1874",JAPAN: Hakodate,41.77583,140.73667,Roell et al 2023,
Picromerus,,nigridens,"Fabricius, 1803","SPAIN: Aragon, Huesca",42.13000,-0.40000,Tanco 2018,
Picromerus,,nigridens,"Fabricius, 1803","SPAIN: Aragon, Teruel",40.34000,-1.10000,Tanco 2018,
Picromerus,,nigridens,"Fabricius, 1803","SPAIN: Aragon, Zaragoza",41.65000,-0.87000,Tanco 2018,
Picromerus,,nigridens,"Fabricius, 1803",SPAIN: Madrid,40.41000,-3.70000,Tanco 2018,
Picromerus,,nigridens,"Fabricius, 1803",SPAIN: Valenciana,39.50000,-0.75000,Tanco 2018,
Picromerus,,nigridens,"Fabricius, 1803","SPAIN: Andalucia, Almeria",36.86000,-2.45000,Tanco 2018,
Picromerus,,nigridens,"Fabricius, 1803","SPAIN: Castilla y Leon, Leon",42.60000,-5.57000,Tanco 2018,
Picromerus,,nigridens,"Fabricius, 1803",SPAIN: Salamanca,40.83000,-6.00000,Tanco 2018,
Picromerus,,nigridens,"Fabricius, 1803",SPAIN: Segovia,41.16000,-4.00000,Tanco 2018,
Picromerus,,nigridens,"Fabricius, 1803","SPAIN: Cataluna, Barcelona",41.38000,2.15000,Tanco 2018,
Picromerus,,nigridens,"Fabricius, 1803",SPAIN: Tarragona,41.11000,1.25000,Tanco 2018,
Picromerus,,nigridens,"Fabricius, 1803","SPAIN: Galicia, Pontevedra",42.43000,-8.64000,Tanco 2018,
Picromerus,,nigridens,"Fabricius, 1803",PORTUGAL,39.69000,-8.13000,Tanco 2018,
Picromerus,,orientalis,"Rishi & Abbasi, 1973",PAKISTAN,30.00000,70.00000,Thomas 1994,
Picromerus,,pseudobidens,"Ahmad & Onder, 1990",TURKEY,40.26000,32.70000,Thomas 1994,
Picromerus,,viridipunctatus,"Yang, 1935",CHINA: Anhui,31.91000,117.16000,Rider & Zheng 2002,
Picromerus,,viridipunctatus,"Yang, 1935",CHINA: Guangdong,23.50000,113.25000,Rider & Zheng 2002,
Picromerus,,viridipunctatus,"Yang, 1935",CHINA: Guangxi,24.00000,109.00000,Rider & Zheng 2002,
Picromerus,,viridipunctatus,"Yang, 1935",CHINA: Guizhou,27.00000,107.00000,Rider & Zheng 2002,
Picromerus,,viridipunctatus,"Yang, 1935",CHINA: Hunan,27.66000,111.75000,Rider & Zheng 2002,
Picromerus,,viridipunctatus,"Yang, 1935",CHINA: Jiangxi,27.66000,115.66000,Rider & Zheng 2002,
Picromerus,,viridipunctatus,"Yang, 1935",CHINA: Sichuan,30.50000,102.66000,Rider & Zheng 2002,
Picromerus,,viridipunctatus,"Yang, 1935",CHINA: Zhejiang,29.16000,120.00000,Rider & Zheng 2002,
Pinthaeus,,sanguinipes,"Fabricius, 1781",CHINA: Fujian,26.25000,118.00000,Rider & Zheng 2002,
Pinthaeus,,sanguinipes,"Fabricius, 1781",CHINA: Guizhou,27.00000,107.00000,Rider & Zheng 2002,
Pinthaeus,,sanguinipes,"Fabricius, 1781",CHINA: Hunan,27.66000,111.75000,Rider & Zheng 2002,
Pinthaeus,,sanguinipes,"Fabricius, 1781",CHINA: Jiangxi,27.66000,115.66000,Rider & Zheng 2002,
Pinthaeus,,sanguinipes,"Fabricius, 1781",CHINA: Jilin,43.58000,126.16000,Rider & Zheng 2002,
Pinthaeus,,sanguinipes,"Fabricius, 1781",CHINA: Liaoning,41.25000,122.66000,Rider & Zheng 2002,
Pinthaeus,,sanguinipes,"Fabricius, 1781",CHINA: Shanxi,37.66000,112.25000,Rider & Zheng 2002,
Pinthaeus,,sanguinipes,"Fabricius, 1781",CHINA: Sichuan,30.50000,102.66000,Rider & Zheng 2002,
Pinthaeus,,sanguinipes,"Fabricius, 1781",CHINA: Yunnan,25.00000,101.50000,Rider & Zheng 2002,
Pinthaeus,,sanguinipes,"Fabricius, 1781",CHINA: Xizang,31.66000,88.00000,Rider & Zheng 2002,
Pinthaeus,,sanguinipes,"Fabricius, 1781","ITALY: Friuli-Venezia, Cialla di Prepotto",46.07000,13.48000,Dioli 1986,
Pinthaeus,,sanguinipes,"Fabricius, 1781","ITALY: Lombardia, Morbegno",46.13000,9.57000,Dioli 1986,
Pinthaeus,,sanguinipes,"Fabricius, 1781","ITALY: Lombardia, Caiolo",46.14000,9.81000,Dioli 1986,
Pinthaeus,,sanguinipes,"Fabricius, 1781",ITALY: Piemonte,45.00000,8.00000,Dioli 1986,
Pinthaeus,,sanguinipes,"Fabricius, 1781",ITALY: Liguria,44.50000,8.83000,Dioli 1986,
Pinthaeus,,sanguinipes,"Fabricius, 1781",ITALY: Campania,40.91000,14.92000,Dioli 1986,
Pinthaeus,,sanguinipes,"Fabricius, 1781",ITALY: Sicilia,37.75000,14.25000,Dioli 1986,
Pinthaeus,,sanguinipes,"Fabricius, 1781",RUSSIA: Nizhegorodskaya,56.00000,45.00000,Gapon & Konstantinov 2006,
Pinthaeus,,sanguinipes,"Fabricius, 1781",RUSSIA: Primorskiy,45.00000,135.00000,Gapon & Konstantinov 2006,
Pinthaeus,,sanguinipes,"Fabricius, 1781","RUSSIA: Primorskiy, Yakovlevka",44.42000,133.47000,Gapon & Konstantinov 2006,
Pinthaeus,,sanguinipes,"Fabricius, 1781","TURKEY: Ordu, Unye",41.13000,37.28000,Lodos & Onder 1983,
Pinthaeus,,sanguinipes,"Fabricius, 1781",TURKEY: Bursa,40.19000,29.06000,Lodos & Onder 1983,
Pinthaeus,,sanguinipes,"Fabricius, 1781","TURKEY: Bolu, Gerede",40.80000,32.19000,Lodos & Onder 1983,
Pinthaeus,,sanguinipes,"Fabricius, 1781","SPAIN: Andalucia, Jaen",38.00000,-3.50000,Tanco 2018,
Pinthaeus,,sanguinipes,"Fabricius, 1781","SPAIN: Caaluna, Barcelona",41.38000,2.15000,Tanco 2018,
Pinthaeus,,sanguinipes,"Fabricius, 1781","SPAIN: Galicia, Lugo",43.00000,-7.50000,Tanco 2018,
Pinthaeus,,sanguinipes,"Fabricius, 1781",SPAIN: Orense,42.16000,-7.50000,Tanco 2018,
Pinthaeus,,sanguinipes,"Fabricius, 1781",SPAIN: Pontevedra,42.43000,-8.64000,Tanco 2018,
Pinthaeus,,sanguinipes,"Fabricius, 1781",PORTUGAL: Castelo Branco,39.95000,-7.52000,Tanco 2018,
Pinthaeus,,sanguinipes,"Fabricius, 1781",PORTUGAL: Leiria,39.74000,-8.80000,Tanco 2018,
Pinthaeus,,sanguinipes,"Fabricius, 1781",PORTUGAL: Oporto,41.22000,-8.32000,Tanco 2018,
Pinthaeus,,sanguinipes,"Fabricius, 1781",PORTUGAL: Chicote,40.85000,-6.89000,Tanco 2018,
Pinthaeus,,sanguinipes,"Fabricius, 1781",CHINA: Jilin,43.58000,126.16000,Rider & Zheng 2002,
Pinthaeus,,sanguinipes,"Fabricius, 1781",CHINA: Heilongjiang,47.75000,128.00000,Rider & Zheng 2002,
Pinthaeus,,sanguinipes,"Fabricius, 1781","RUSSIA: Primorsky Krai, Vladivostok, Partizansk.",43.12000,133.12000,NHRS,
Pinthaeus,,sanguinipes,"Fabricius, 1781","CZECH REPUBLIC: Bohemia, Decín, Maxicky. ",50.81000,14.17000,MZSP,
Pinthaeus,,sanguinipes,"Fabricius, 1781","CHINA: SZECHUAN, Chang-tang-ching Wanhsien",30.72040,103.94800,DARC,
Planopsis,,silvaticus,"Distant, 1890",CENTRAL AFRICAN REPUBLIC: Fort de Possel,5.03000,19.25000,Maldès & Pluot-Sigwalt 2004,
Planopsis,,silvaticus,"Distant, 1890",DEMOCRATIC REPUBLIC OF THE CONGO: Brazzaville,-4.26000,15.28000,Maldès & Pluot-Sigwalt 2004,
Planopsis,,silvaticus,"Distant, 1890",GABON: Makokou,0.57000,12.86000,Maldès & Pluot-Sigwalt 2004,
Planopsis,,silvaticus,"Distant, 1890",DEMOCRATIC REPUBLIC OF THE CONGO: Bambesa,3.46000,25.71000,RMCA,
Planopsis,,silvaticus,"Distant, 1890",DEMOCRATIC REPUBLIC OF THE CONGO: Bambesa,3.46000,25.71000,RMCA,
Planopsis,,silvaticus,"Distant, 1890",DEMOCRATIC REPUBLIC OF THE CONGO: Kindu,-2.94370,25.92230,RMCA,
Planopsis,,silvaticus,"Distant, 1890",DEMOCRATIC REPUBLIC OF THE CONGO: Bambesa,3.46000,25.71000,RMCA,
Planopsis,,silvaticus,"Distant, 1890",DEMOCRATIC REPUBLIC OF THE CONGO: Bambesa,3.46000,25.71000,RMCA,
Planopsis,,silvaticus,"Distant, 1890",DEMOCRATIC REPUBLIC OF THE CONGO: Bambesa,3.46000,25.71000,RMCA,
Planopsis,,silvaticus,"Distant, 1890",DEMOCRATIC REPUBLIC OF THE CONGO: Bambesa,3.46000,25.71000,RMCA,
Planopsis,,silvaticus,"Distant, 1890",DEMOCRATIC REPUBLIC OF THE CONGO: Bambesa,3.46000,25.71000,RBINS,
Planopsis,,silvaticus,"Distant, 1890",DEMOCRATIC REPUBLIC OF THE CONGO: Bambesa,3.46000,25.71000,RBINS,
Planopsis,,silvaticus,"Distant, 1890",DEMOCRATIC REPUBLIC OF THE CONGO: Bambesa,3.46000,25.71000,RBINS,
Planopsis,,silvaticus,"Distant, 1890",DEMOCRATIC REPUBLIC OF THE CONGO: Bambesa,3.46000,25.71000,RBINS,
Planopsis,,silvaticus,"Distant, 1890",DEMOCRATIC REPUBLIC OF THE CONGO: Bambesa,3.46000,25.71000,RBINS,
Planopsis,,silvaticus,"Distant, 1890",DEMOCRATIC REPUBLIC OF THE CONGO: Bambesa,3.46000,25.71000,RBINS,
Planopsis,,silvaticus,"Distant, 1890",DEMOCRATIC REPUBLIC OF THE CONGO: Bambesa,3.46000,25.71000,RBINS,
Platynopiellus,,delevali,"Schouteden, 1910",ANGOLA: Zaire,-6.58000,13.51000,Thomas 1994,
Platynopiellus,,dispar,"Schouteden, 1916",CAMEROON,6.00000,12.50000,Thomas 1994,
Platynopiellus,,fallax,"Schouteden, 1904",CAMEROON,6.00000,12.50000,Thomas 1994,
Platynopiellus,,horvathi,"Schouteden, 1904",CAMEROON,6.00000,12.50000,Thomas 1994,
Platynopiellus,,horvathi,"Schouteden, 1904",LIBERIA,6.50000,-9.50000,Thomas 1994,
Platynopiellus,,horvathi,"Schouteden, 1904",ZAIRE,-6.58717,13.51966,Thomas 1994,
Platynopiellus,,reichi,"Signoret, 1858",GANA,8.10000,-1.20000,Thomas 1994,
Platynopiellus,,reichi,"Signoret, 1858",CAMEROON,6.00000,12.50000,Thomas 1994,
Platynopiellus,,scutellatus,"Distant, 1900",DEMOCRATIC REPUBLIC OF THE CONGO: Bopoto,2.16984,22.50072,Roell et al 2023,
Platynopiellus,,septendecimaculatus,"Beauvois, 1811","BENIN: Zou, Abomei",7.18000,1.99000,Gapon & Konstantinov 2006,
Platynopiellus,,septendecimaculatus,"Beauvois, 1811","INDIA: Kashi Hills, Shillong",25.57000,91.89000,EMG,
Platynopiellus,,septendecimaculatus,"Beauvois, 1811",DEMOCRATIC REPUBLIC OF THE CONGO: Sankuru: Komi,-3.48330,23.31660,RMCA,
Platynopiellus,,septendecimaculatus,"Beauvois, 1811",DEMOCRATIC REPUBLIC OF THE CONGO: Sankuru: Komi,-3.48330,23.31660,RMCA,
Platynopiellus,,septendecimaculatus,"Beauvois, 1811",DEMOCRATIC REPUBLIC OF THE CONGO: Sankuru: Komi,-3.48330,23.31660,RMCA,
Platynopiellus,,septendecimaculatus,"Beauvois, 1811",DEMOCRATIC REPUBLIC OF THE CONGO: Sankuru: Komi,-3.48330,23.31660,RMCA,
Platynopiellus,,septendecimaculatus,"Beauvois, 1811",DEMOCRATIC REPUBLIC OF THE CONGO: Sankuru: Komi,-3.48330,23.31660,RMCA,
Platynopiellus,,septendecimaculatus,"Beauvois, 1811",DEMOCRATIC REPUBLIC OF THE CONGO: Sankuru: Komi,-3.48330,23.31660,RMCA,
Platynopiellus,,septendecimaculatus,"Beauvois, 1811",BELGIAN CONGO: Bambesa,3.46000,25.71000,RBINS,
Platynopiellus,,septendecimaculatus,"Beauvois, 1811",BELGIAN CONGO: Bambesa,3.46000,25.71000,RBINS,
Platynopiellus,,septendecimaculatus,"Beauvois, 1811",BELGIAN CONGO: Bambesa,3.46000,25.71000,RBINS,
Platynopiellus,,septendecimaculatus,"Beauvois, 1811",BELGIAN CONGO: Bambesa,3.46000,25.71000,RBINS,
Platynopiellus,,septendecimaculatus,"Beauvois, 1811","DEMOCRATIC REPUBLIC OF THE CONGO: Kisangani, Stahleyville",0.51520,25.19090,RBINS,
Platynopiellus,,septendecimaculatus,"Beauvois, 1811","CAMEROON: Moundamé, Mungo River, Mukonje-Farm",4.57000,9.50000,ZMUC,
Platynopiellus,,septendecimaculatus,"Beauvois, 1811","GHANA, Ashanti, Tafo",6.73000,-1.60000,DARC,
Platynopiellus,,septendecimaculatus,"Beauvois, 1811",UGANDA: Prot. S. of L. George. 3200-3400 ft,0.04389,30.14944,NHMUK,"Recovered as ""Lake George"" in the Geonames platform"
Platynopiellus,,septendecimaculatus,"Beauvois, 1811","UGANDA: Prot. Budongo Forest, Unyoro, 3400 ft",1.79292,31.58026,NHMUK,
Platynopiellus,,septendecimaculatus,"Beauvois, 1811",DEMOCRATIC REPUBLIC OF THE CONGO: Popokabaka,-5.64729,16.57929,Roell et al 2023,
Platynopiellus,,septendecimaculatus,"Beauvois, 1811",SIERRA LEONE,8.53909,-11.82101,Roell et al 2023,
Platynopiellus,,septendecimaculatus,"Beauvois, 1811",BENIN: Whydah,6.36307,2.08506,Roell et al 2023,
Platynopiellus,,thomsonii,"Signoret, 1858",Cameroon: Molundu,2.03333,15.21667,CeNak,
Platynopiellus,,thomsonii,"Signoret, 1858",Cameroon: Mukonje,4.57760,9.50670,CeNak,
Platynopus,,calliger,"Horváth, 1911",INDONESIA,-4.46014,120.75142,Thomas 1994,
Platynopus,,carbonarius,"Horváth, 1911",INDONESIA: Java,-7.49000,110.00000,Thomas 1994,
Platynopus,,dalpadoides,"Vollenhoven, 1867",INDONESIA: Moluccas,-3.23846,130.14527,Thomas 1994,
Platynopus,,dalpadoides,"Vollenhoven, 1867",PHILIPPINES,12.40340,123.34810,Thomas 1994,
Platynopus,,indicus,"Chatterjee, 1934",INDIA: Karnataka,14.66000,75.83000,Salini 2015,
Platynopus,,melanoleucus,"Westwood, 1837",INDONESIA,-5.00000,120.00000,Thomas 1994,
Platynopus,,melanoleucus,"Westwood, 1837",CHINA: Taiwan,24.00000,121.00000,Thomas 1994,
Platynopus,,melanoleucus,"Westwood, 1837",CHINA: Taiwan,24.00000,121.00000,Rider & Zheng 2002,
Platynopus,,melanoleucus,"Westwood, 1837","PHILIPPINES, Rizal Prov., Rodriguez (Montalban), Wawa Dam, 150-200m.",14.72000,121.19000,DARC,
Platynopus,,melanoleucus,"Westwood, 1837","PHILIPPINES, Mindanao, Misamis Oriental Prov., 3.2km South of Ginngoong. 50m. ",8.79000,125.09000,DARC,
Podisus,,aenescens,"Stål, 1860","FRENCH GUIANA: Kourou, Les Roches",5.41000,-53.00000,Lupoli 2019,
Podisus,,aenescens,"Stål, 1860","FRENCH GUIANA: Mana, Laussat",5.48000,-53.55000,Lupoli 2019,
Podisus,,aenescens,"Stål, 1860","FRENCH GUIANA: Regina, Saut Parare",4.02000,-52.69000,Lupoli 2019,
Podisus,,aenescens,"Stål, 1860",FRENCH GUIANA: Roura,4.72000,-52.32000,Lupoli 2019,
Podisus,,aenescens,"Stål, 1860","FRENCH GUIANA: Roura, Montagne des Chevaux",4.71000,-52.40000,Lupoli 2019,
Podisus,,aenescens,"Stål, 1860",FRENCH GUIANA: Saul,3.62000,-53.20000,Lupoli 2019,
Podisus,,aenescens,"Stål, 1860","FRENCH GUIANA: Saul, Monts Belvedere",3.72000,-53.40000,Lupoli 2019,
Podisus,,aenescens,"Stål, 1860","FRENCH GUIANA: Saint-Laurent-du-Maroni, Saint-Jean",5.40000,-54.08000,Lupoli 2019,
Podisus,,aenescens,"Stål, 1860","FRENCH GUIANA: Sinnamary, Crique",4.81000,-52.78000,Lupoli 2019,
Podisus,,aenescens,"Stål, 1860","FRENCH GUIANA: Cayenne, Montsinery-Tonnegrande",4.90000,-52.50000,Lupoli 2019,
Podisus,,aenescens,"Stål, 1860",FRENCH GUIANA: Matoury,4.84000,-52.32000,Lupoli 2019,
Podisus,,aenescens,"Stål, 1860","ARGENTINA:  Misiones, Iguazú National Park",-25.70000,-54.24000,Melo et al 2017,
Podisus,,aenescens,"Stål, 1860","MEXICO: Veracruz, Atoyac",18.93000,-96.80000,Ortega León 1997,
Podisus,,aenescens,"Stål, 1860","MEXICO: Tabasco, Teapa",17.60000,-92.95000,Ortega León 1997,
Podisus,,aenescens,"Stål, 1860","MEXICO: Yucatan, Temax",21.16000,-88.90000,Ortega León 1997,
Podisus,,aenescens,"Stål, 1860","MEXICO: Veracruz, San Andres",18.44000,-95.21000,Ortega León 1997,
Podisus,,aenescens,"Stål, 1860","MEXICO: Oaxaca, Toltepec",15.88000,-96.45000,Ortega León 1997,
Podisus,,aenescens,"Stål, 1860","MEXICO: Veracruz, Los Tuxtlas",18.47000,-95.00000,Brailovsky and Mayorga 1994,
Podisus,,aenescens,"Stål, 1860","FRENCH GUYANA: Cayenne, Rémire-Montjoly. ",4.88000,-52.28000,UMSP,
Podisus,,aenescens,"Stål, 1860","ECUADOR: Tungurahua, Baños. ",-1.39000,-78.42000,NMPC,
Podisus,,aenescens,"Stål, 1860","ECUADOR: Tungurahua, Baños. ",-1.39000,-78.42000,NMPC,
Podisus,,aenescens,"Stål, 1860","BRAZIL: Santa Catarina, Maracajá, Parque Ecológico Maracajá.",-28.87000,-49.46000,UFRG,
Podisus,,aenescens,"Stål, 1860",PERU: Marcapata,-13.63980,-70.91268,SDEI,
Podisus,,affinis,"Distant, 1880","HONDURAN: Olancho, Montaña El Boqueron",15.47000,-86.57000,Arismendi & Thomas 2003,
Podisus,,affinis,"Distant, 1880","HONDURAN: Copán, El Paraíso",15.01000,-88.98000,Arismendi & Thomas 2003,
Podisus,,affinis,"Distant, 1880","MEXICO: Nuevo Leon, Monterrey",25.67000,-100.31000,Ortega León 1997,
Podisus,,affinis,"Distant, 1880","MEXICO: Hidalgo, San Miguel Regla",20.21000,-98.56000,Ortega León 1997,
Podisus,,affinis,"Distant, 1880","MEXICO: Veracruz, Naolinco de Victoria",19.65000,-96.87000,Ortega León 1997,
Podisus,,affinis,"Distant, 1880","MEXICO: Morelos, Amatlan",18.97000,-99.03000,Ortega León 1997,
Podisus,,affinis,"Distant, 1880","MEXICO: Tlaxcala, Amasac de Guerrero",19.36000,-98.18000,Ortega León 1997,
Podisus,,affinis,"Distant, 1880",MEXICO: Tizalan,19.33000,-98.21000,Ortega León 1997,
Podisus,,affinis,"Distant, 1880","MEXICO: Oaxaca, Guelatao",17.31000,-96.50000,Ortega León 1997,
Podisus,,affinis,"Distant, 1880","MEXICO: Oaxaca, Tuxtepec",18.08000,-96.12000,Ortega León 1997,
Podisus,,affinis,"Distant, 1880","MEXICO: Puebla, Valsequillo",19.59000,-97.91000,Ortega León 1997,
Podisus,,affinis,"Distant, 1880","MEXICO: Chiapas, Reserva el Ocote",16.93000,-94.77000,Ortega León 1997,
Podisus,,affinis,"Distant, 1880",GUATEMALA: San Jerónimo,15.06000,-90.24000,Roell et al 2023,
Podisus,,affinis,"Distant, 1880",COLOMBIA: Bogota,4.60000,-74.08000,Roell et al 2023,
Podisus,,australis,"Berg, 1879","ARGENTINA:  Buenos Aires, Quilmes",-34.72000,-58.26000,Dellape et al 2003,
Podisus,,australis,"Berg, 1879","URUGUAY: Montevideo, Punta Yegurg",-34.81089,-56.12344,Dellape et al 2003,
Podisus,,brevispinus,"Thomas, 1992","USA: Minnesota, Anoka",45.27000,-93.24000,Koch et al 2014,
Podisus,,brevispinus,"Thomas, 1992","USA: Minnesota, Becker",46.93000,-95.67000,Koch et al 2014,
Podisus,,brevispinus,"Thomas, 1992","USA: Minnesota, Beltrami",47.97000,-94.93000,Koch et al 2014,
Podisus,,brevispinus,"Thomas, 1992","USA: Minnesota, Carlton",46.59000,-92.67000,Koch et al 2014,
Podisus,,brevispinus,"Thomas, 1992","USA: Minnesota, Cass",46.94000,-94.32000,Koch et al 2014,
Podisus,,brevispinus,"Thomas, 1992","USA: Minnesota, Clay",46.89000,-96.49000,Koch et al 2014,
Podisus,,brevispinus,"Thomas, 1992","USA: Minnesota, Clearwater",47.57000,-95.37000,Koch et al 2014,
Podisus,,brevispinus,"Thomas, 1992","USA: Minnesota, Cook",47.81000,-90.54000,Koch et al 2014,
Podisus,,brevispinus,"Thomas, 1992","USA: Minnesota, Crow Wing",46.48000,-94.07000,Koch et al 2014,
Podisus,,brevispinus,"Thomas, 1992","USA: Minnesota, Hennepin",44.97000,-93.26000,Koch et al 2014,
Podisus,,brevispinus,"Thomas, 1992","USA: Minnesota, Houston",43.67000,-91.49000,Koch et al 2014,
Podisus,,brevispinus,"Thomas, 1992","USA: Minnesota, Isanti",45.56000,-93.29000,Koch et al 2014,
Podisus,,brevispinus,"Thomas, 1992","USA: Minnesota, Itasca",47.50000,-93.63000,Koch et al 2014,
Podisus,,brevispinus,"Thomas, 1992","USA: Minnesota, Kanabec",45.94000,-93.29000,Koch et al 2014,
Podisus,,brevispinus,"Thomas, 1992","USA: Minnesota, Lake",47.52000,-91.40000,Koch et al 2014,
Podisus,,brevispinus,"Thomas, 1992","USA: Minnesota, Morrison",46.01000,-94.26000,Koch et al 2014,
Podisus,,brevispinus,"Thomas, 1992","USA: Minnesota, Norman",47.32000,-96.45000,Koch et al 2014,
Podisus,,brevispinus,"Thomas, 1992","USA: Minnesota, Olmstead",43.89000,-92.17000,Koch et al 2014,
Podisus,,brevispinus,"Thomas, 1992","USA: Minnesota, Pine",46.12000,-92.74000,Koch et al 2014,
Podisus,,brevispinus,"Thomas, 1992","USA: Minnesota, Ramsey",45.01000,-93.09000,Koch et al 2014,
Podisus,,brevispinus,"Thomas, 1992","USA: Minnesota, Rice",44.35000,-93.29000,Koch et al 2014,
Podisus,,brevispinus,"Thomas, 1992","USA: Minnesota, Saint Louis",47.58000,-92.46000,Koch et al 2014,
Podisus,,brevispinus,"Thomas, 1992","USA: Minnesota, Stearns",45.55000,-94.61000,Koch et al 2014,
Podisus,,brevispinus,"Thomas, 1992","USA: Connecticut, Meriden",41.53000,-72.80000,O'Donnell & Schaefer 2012,
Podisus,,brevispinus,"Thomas, 1992","USA: Connecticut, Woodstock",41.94000,-71.97000,O'Donnell & Schaefer 2012,
Podisus,,brevispinus,"Thomas, 1992","USA: Connecticut, Cannan",41.96000,-73.33000,O'Donnell & Schaefer 2012,
Podisus,,brevispinus,"Thomas, 1992","USA: Connecticut, Kent",41.72000,-73.47000,O'Donnell & Schaefer 2012,
Podisus,,brevispinus,"Thomas, 1992","USA: Connecticut, Lyme",41.31000,-72.32000,O'Donnell & Schaefer 2012,
Podisus,,brevispinus,"Thomas, 1992","USA: Connecticut, Norfolk",41.99000,-73.20000,O'Donnell & Schaefer 2012,
Podisus,,brevispinus,"Thomas, 1992","USA: Connecticut, Farmington",41.71000,-72.83000,O'Donnell & Schaefer 2012,
Podisus,,brevispinus,"Thomas, 1992","USA: Connecticut, New Cannan",41.96000,-73.33000,O'Donnell & Schaefer 2012,
Podisus,,brevispinus,"Thomas, 1992","USA: Connecticut, Cornwall",41.84000,-73.32000,O'Donnell & Schaefer 2012,
Podisus,,brevispinus,"Thomas, 1992","USA: Connecticut, Branford",41.27000,-72.81000,O'Donnell & Schaefer 2012,
Podisus,,brevispinus,"Thomas, 1992","USA; Connecticut, Hamdem",41.39000,-72.89000,O'Donnell & Schaefer 2012,
Podisus,,brevispinus,"Thomas, 1992","USA: Connecticut, East Haddam",41.45000,-72.46000,O'Donnell & Schaefer 2012,
Podisus,,brevispinus,"Thomas, 1992","USA: Connecticut, Storrs",41.80000,-72.24000,O'Donnell & Schaefer 2012,
Podisus,,brevispinus,"Thomas, 1992","USA: Connecticut, Mansfield",41.76000,-72.19000,O'Donnell & Schaefer 2012,
Podisus,,brevispinus,"Thomas, 1992","USA: Connecticut, Windsor",41.85000,-72.64000,O'Donnell & Schaefer 2012,
Podisus,,brevispinus,"Thomas, 1992","USA: Connecticut, Stonington",41.44000,-71.88000,O'Donnell & Schaefer 2012,
Podisus,,brevispinus,"Thomas, 1992","USA: Connecticut, South Norwalk",41.09760,-73.43079,O'Donnell & Schaefer 2012,
Podisus,,brevispinus,"Thomas, 1992","USA: Connecticut, Bethany",41.42000,-72.99000,O'Donnell & Schaefer 2012,
Podisus,,brevispinus,"Thomas, 1992","USA: Connecticut, Mt. Carmel",41.43000,-72.88000,O'Donnell & Schaefer 2012,
Podisus,,brevispinus,"Thomas, 1992","USA: Connecticut, Union",40.69000,-74.26000,O'Donnell & Schaefer 2012,
Podisus,,brevispinus,"Thomas, 1992","USA: Connecticut, Tunxis",41.17000,-73.23000,O'Donnell & Schaefer 2012,
Podisus,,brevispinus,"Thomas, 1992","USA: Connecticut, Killingworth",41.35000,-72.56000,O'Donnell & Schaefer 2012,
Podisus,,brevispinus,"Thomas, 1992","USA: Connecticut, Putnam",41.91000,-71.90000,O'Donnell & Schaefer 2012,
Podisus,,brevispinus,"Thomas, 1992","USA: Connecticut, Lakeville",41.96000,-73.44000,O'Donnell & Schaefer 2012,
Podisus,,brevispinus,"Thomas, 1992","CANADA: Alberta, Bilby",53.70000,-114.10000,Phillips 1983,
Podisus,,brevispinus,"Thomas, 1992","CANADA: Alberta, Edmonton",53.55000,-113.46000,Phillips 1983,
Podisus,,brevispinus,"Thomas, 1992","CANADA: Alberta, Gull Lake",52.54000,-114.00000,Phillips 1983,
Podisus,,brevispinus,"Thomas, 1992","CANADA: Alberta, Lethbridge",49.69000,-112.81000,Phillips 1983,
Podisus,,brevispinus,"Thomas, 1992","CANADA: Alberta, St Paul",53.98000,-111.28000,Phillips 1983,
Podisus,,brevispinus,"Thomas, 1992","CANADA: British Columbia, Abbtsford",49.05000,-122.25000,Phillips 1983,
Podisus,,brevispinus,"Thomas, 1992","CANADA: British Columbia, Celista",50.94000,-119.35000,Phillips 1983,
Podisus,,brevispinus,"Thomas, 1992","CANADA: British Columbia, Courtney",50.00000,-120.60000,Phillips 1983,
Podisus,,brevispinus,"Thomas, 1992","CANADA: British Columbia, Cowichan",48.83000,-124.21000,Phillips 1983,
Podisus,,brevispinus,"Thomas, 1992","CANADA: British Columbia, Hatzie",49.15000,-122.25000,Phillips 1983,
Podisus,,brevispinus,"Thomas, 1992","CANADA: British Columbia, Langley",49.10000,-122.65000,Phillips 1983,
Podisus,,brevispinus,"Thomas, 1992","CANADA: British Columbia, Quesnel",52.97000,-122.49000,Phillips 1983,
Podisus,,brevispinus,"Thomas, 1992","CANADA: British Columbia, Saanich",48.66000,-123.41000,Phillips 1983,
Podisus,,brevispinus,"Thomas, 1992","CANADA: British Columbia, William",50.07000,-123.89000,Phillips 1983,
Podisus,,brevispinus,"Thomas, 1992","CANADA: Manitoba, Cedar Lake",49.91000,-96.45000,Phillips 1983,
Podisus,,brevispinus,"Thomas, 1992","CANADA: New Brunswick, Fredericton",45.94000,-66.66000,Phillips 1983,
Podisus,,brevispinus,"Thomas, 1992","CANADA: Nova Scotia, Baddeck",46.10718,-60.76055,Phillips 1983,
Podisus,,brevispinus,"Thomas, 1992","CANADA: Nova Scotia, Boisdale",46.10000,-60.49000,Phillips 1983,
Podisus,,brevispinus,"Thomas, 1992","CANADA: Ontario, Algonquin",44.70000,-75.66000,Phillips 1983,
Podisus,,brevispinus,"Thomas, 1992","CANADA: Ontario, Guelph",43.54000,-80.25000,Phillips 1983,
Podisus,,brevispinus,"Thomas, 1992","CANADA: Ontario, Muskova",45.16000,-79.58000,Phillips 1983,
Podisus,,brevispinus,"Thomas, 1992","CANADA: Ontario, Ottawa",45.41000,-75.69000,Phillips 1983,
Podisus,,brevispinus,"Thomas, 1992","CANADA: Ontario, Toronto",43.70000,-79.41000,Phillips 1983,
Podisus,,brevispinus,"Thomas, 1992","CANADA: Quebec, Cascapedia",48.27000,-65.94000,Phillips 1983,
Podisus,,brevispinus,"Thomas, 1992","CANADA: Quebec, Mt Albert",48.93000,-66.17000,Phillips 1983,
Podisus,,brevispinus,"Thomas, 1992","CANADA: Quebec, Montreal",45.50000,-73.58000,Phillips 1983,
Podisus,,brevispinus,"Thomas, 1992","CANADA: Quebec, Hilaire",45.55000,-73.16000,Phillips 1983,
Podisus,,brevispinus,"Thomas, 1992","USA: Colorado, El Paso",38.83000,-104.52000,Phillips 1983,
Podisus,,brevispinus,"Thomas, 1992","USA: Colorado, Larimer",40.66000,-105.46000,Phillips 1983,
Podisus,,brevispinus,"Thomas, 1992","USA: Idaho, Boise",43.61000,-116.20000,Phillips 1983,
Podisus,,brevispinus,"Thomas, 1992","USA: Idaho, Kootenai",47.67000,-116.70000,Phillips 1983,
Podisus,,brevispinus,"Thomas, 1992","USA: Idaho, Latah",46.81000,-116.71000,Phillips 1983,
Podisus,,brevispinus,"Thomas, 1992","USA: Illinois, Jo Daviess",42.36000,-90.21000,Phillips 1983,
Podisus,,brevispinus,"Thomas, 1992","USA: Illinois, Langley",41.36000,-89.68000,Phillips 1983,
Podisus,,brevispinus,"Thomas, 1992","USA: Indiana, Brown",39.19000,-86.22000,Phillips 1983,
Podisus,,brevispinus,"Thomas, 1992","USA: Indiana, Iowa, Boone",42.73000,-93.73000,Phillips 1983,
Podisus,,brevispinus,"Thomas, 1992","USA: Indiana, Clayton",39.68000,-86.52000,Phillips 1983,
Podisus,,brevispinus,"Thomas, 1992","USA: Indiana, Jackson",38.90000,-86.03000,Phillips 1983,
Podisus,,brevispinus,"Thomas, 1992","USA: Indiana, Story",39.09000,-86.21000,Phillips 1983,
Podisus,,brevispinus,"Thomas, 1992","USA: Kentucky, Bee Spring",37.28000,-86.28000,Phillips 1983,
Podisus,,brevispinus,"Thomas, 1992","USA: Louisiana, Winn Parish",31.94000,-92.63000,Phillips 1983,
Podisus,,brevispinus,"Thomas, 1992","USA: Maine, Cumberland",43.80000,-70.33000,Phillips 1983,
Podisus,,brevispinus,"Thomas, 1992","USA: Maine, Lincoln",43.99000,-69.52000,Phillips 1983,
Podisus,,brevispinus,"Thomas, 1992","USA: Maine, Orono",44.88000,-68.67000,Phillips 1983,
Podisus,,brevispinus,"Thomas, 1992","USA: Maine, Piscataquis",45.83000,-69.28000,Phillips 1983,
Podisus,,brevispinus,"Thomas, 1992","USA: Massachusetts, Barnstable",41.70000,-70.29000,Phillips 1983,
Podisus,,brevispinus,"Thomas, 1992","USA: Massachusetts, Berkshire",42.37000,-73.20000,Phillips 1983,
Podisus,,brevispinus,"Thomas, 1992","USA: Massachusetts, Bristol",41.75000,-71.08000,Phillips 1983,
Podisus,,brevispinus,"Thomas, 1992","USA: Massachusetts, Franklin",42.58000,-72.59000,Phillips 1983,
Podisus,,brevispinus,"Thomas, 1992","USA: Massachusetts, Hampshire",42.34000,-72.66000,Phillips 1983,
Podisus,,brevispinus,"Thomas, 1992","USA: Michigan, Alger",46.45000,-86.54000,Phillips 1983,
Podisus,,brevispinus,"Thomas, 1992","USA: Michigan, Allegan",42.51000,-85.91000,Phillips 1983,
Podisus,,brevispinus,"Thomas, 1992","USA: Michigan, Barry",42.59000,-85.30000,Phillips 1983,
Podisus,,brevispinus,"Thomas, 1992","USA: Michigan, Berrien",41.91000,-86.42000,Phillips 1983,
Podisus,,brevispinus,"Thomas, 1992","USA: Michigan, Charlevoix",45.26000,-85.24000,Phillips 1983,
Podisus,,brevispinus,"Thomas, 1992","USA: Michigan, Chippewa",46.32000,-84.52000,Phillips 1983,
Podisus,,brevispinus,"Thomas, 1992","USA: Michigan, Clare",43.98000,-84.84000,Phillips 1983,
Podisus,,brevispinus,"Thomas, 1992","USA: Michigan, Crawford",44.68000,-84.61000,Phillips 1983,
Podisus,,brevispinus,"Thomas, 1992","USA: Michigan, Delta",45.79000,-86.87000,Phillips 1983,
Podisus,,brevispinus,"Thomas, 1992","USA: Michigan, Dickinson",46.00000,-87.87000,Phillips 1983,
Podisus,,brevispinus,"Thomas, 1992","USA: Michigan, Eaton",42.59000,-84.83000,Phillips 1983,
Podisus,,brevispinus,"Thomas, 1992","USA: Michigan, Gogebic",46.49000,-89.79000,Phillips 1983,
Podisus,,brevispinus,"Thomas, 1992","USA: Michigan, Houghton",46.99000,-88.65000,Phillips 1983,
Podisus,,brevispinus,"Thomas, 1992","USA: Michigan, Huron",43.91000,-82.85000,Phillips 1983,
Podisus,,brevispinus,"Thomas, 1992","USA: Michigan, Iron",46.20000,-88.53000,Phillips 1983,
Podisus,,brevispinus,"Thomas, 1992","USA: Michigan, Jackson",42.24000,-84.42000,Phillips 1983,
Podisus,,brevispinus,"Thomas, 1992","USA: Michigan, Kalkaska",44.68000,-85.09000,Phillips 1983,
Podisus,,brevispinus,"Thomas, 1992","USA: Michigan, Kent",43.03000,-85.54000,Phillips 1983,
Podisus,,brevispinus,"Thomas, 1992","USA: Michigan, Luce",46.36000,-85.50000,Phillips 1983,
Podisus,,brevispinus,"Thomas, 1992","USA: Michigan, Marquette",46.66000,-87.57000,Phillips 1983,
Podisus,,brevispinus,"Thomas, 1992","USA: Michigan, Midland",43.64000,-84.38000,Phillips 1983,
Podisus,,brevispinus,"Thomas, 1992","USA: Michigan, Oakland",42.63000,-83.29000,Phillips 1983,
Podisus,,brevispinus,"Thomas, 1992","USA: Michigan, Ontonagon",46.77000,-89.30000,Phillips 1983,
Podisus,,brevispinus,"Thomas, 1992","USA: Michigan, Oscoda",44.68000,-84.12000,Phillips 1983,
Podisus,,brevispinus,"Thomas, 1992","USA: Michigan, Shiawassee",42.95000,-84.14000,Phillips 1983,
Podisus,,brevispinus,"Thomas, 1992","USA: Michigan, Wayne",42.32000,-83.17000,Phillips 1983,
Podisus,,brevispinus,"Thomas, 1992","USA: Montana, Fergus",47.26000,-109.22000,Phillips 1983,
Podisus,,brevispinus,"Thomas, 1992","USA: Montana, Flathead",48.29000,-114.04000,Phillips 1983,
Podisus,,brevispinus,"Thomas, 1992","USA: Montana, Gallatin",45.54000,-111.17000,Phillips 1983,
Podisus,,brevispinus,"Thomas, 1992","USA: Montana, Ravalli",46.08000,-114.12000,Phillips 1983,
Podisus,,brevispinus,"Thomas, 1992","USA: New Hampshire, Belknap",43.51000,-71.42000,Phillips 1983,
Podisus,,brevispinus,"Thomas, 1992","USA: New Hampshire, Cheshire",42.91000,-72.25000,Phillips 1983,
Podisus,,brevispinus,"Thomas, 1992","USA: New Hampshire, Coss",44.68000,-71.30000,Phillips 1983,
Podisus,,brevispinus,"Thomas, 1992","USA: New Hampshire, Grafton",43.94000,-71.82000,Phillips 1983,
Podisus,,brevispinus,"Thomas, 1992","USA: New Jersey, Hunterdon",40.56000,-74.91000,Phillips 1983,
Podisus,,brevispinus,"Thomas, 1992","USA: New Jersey, Morris",40.86000,-74.54000,Phillips 1983,
Podisus,,brevispinus,"Thomas, 1992","USA: New Jersey, Union",40.69000,-74.26000,Phillips 1983,
Podisus,,brevispinus,"Thomas, 1992","USA: New Mexico, Colfax",36.60000,-104.64000,Phillips 1983,
Podisus,,brevispinus,"Thomas, 1992","USA: New York, Albany",42.65000,-73.75000,Phillips 1983,
Podisus,,brevispinus,"Thomas, 1992","USA: New York, Cattaraugus",42.24000,-78.67000,Phillips 1983,
Podisus,,brevispinus,"Thomas, 1992","USA: New York, Columbia",42.25000,-73.63000,Phillips 1983,
Podisus,,brevispinus,"Thomas, 1992","USA: New York, Delaware",42.19000,-74.96000,Phillips 1983,
Podisus,,brevispinus,"Thomas, 1992","USA: New York, Erie",42.75000,-78.77000,Phillips 1983,
Podisus,,brevispinus,"Thomas, 1992","USA: New York, Franklin",44.59000,-74.30000,Phillips 1983,
Podisus,,brevispinus,"Thomas, 1992","USA: New York, Genessee",44.59000,-74.30000,Phillips 1983,
Podisus,,brevispinus,"Thomas, 1992","USA: New York, Greene",42.27000,-74.12000,Phillips 1983,
Podisus,,brevispinus,"Thomas, 1992","USA: New York, Kings",40.65000,-73.94000,Phillips 1983,
Podisus,,brevispinus,"Thomas, 1992","USA: New York, Ontario",42.85000,-77.29000,Phillips 1983,
Podisus,,brevispinus,"Thomas, 1992","USA: New York, Queens",40.68000,-73.83000,Phillips 1983,
Podisus,,brevispinus,"Thomas, 1992","USA: New York, Rockland",41.15000,-74.02000,Phillips 1983,
Podisus,,brevispinus,"Thomas, 1992","USA: New York, St Lawrence",44.50000,-75.11000,Phillips 1983,
Podisus,,brevispinus,"Thomas, 1992","USA: New York, Steuben",42.26000,-77.38000,Phillips 1983,
Podisus,,brevispinus,"Thomas, 1992","USA: New York, Tompkins",42.45000,-76.47000,Phillips 1983,
Podisus,,brevispinus,"Thomas, 1992","USA: New York, Ulster",41.88000,-74.25000,Phillips 1983,
Podisus,,brevispinus,"Thomas, 1992","USA: New York, Warren",43.56000,-73.84000,Phillips 1983,
Podisus,,brevispinus,"Thomas, 1992","USA: New York, Westchester",41.15000,-73.75000,Phillips 1983,
Podisus,,brevispinus,"Thomas, 1992","USA: North Carolina, Caldwell",35.95000,-81.54000,Phillips 1983,
Podisus,,brevispinus,"Thomas, 1992","USA: North Carolina, Watauga",36.23000,-81.69000,Phillips 1983,
Podisus,,brevispinus,"Thomas, 1992","USA: North Dakota, Bottineau",48.79000,-100.83000,Phillips 1983,
Podisus,,brevispinus,"Thomas, 1992","USA: North Dakota, Towner",48.68000,-99.24000,Phillips 1983,
Podisus,,brevispinus,"Thomas, 1992","USA: Ohio, Ashland",40.84000,-82.27000,Phillips 1983,
Podisus,,brevispinus,"Thomas, 1992","USA: Ohio, Athens",39.33000,-82.04000,Phillips 1983,
Podisus,,brevispinus,"Thomas, 1992","USA: Ohio, Columbiana",40.76000,-80.77000,Phillips 1983,
Podisus,,brevispinus,"Thomas, 1992","USA: Ohio, Greene",39.69000,-83.88000,Phillips 1983,
Podisus,,brevispinus,"Thomas, 1992","USA: Ohio, Hocking",39.49000,-82.47000,Phillips 1983,
Podisus,,brevispinus,"Thomas, 1992","USA: Ohio, Trumbull",41.31000,-80.76000,Phillips 1983,
Podisus,,brevispinus,"Thomas, 1992","USA: Oregon, Benton",44.49000,-123.42000,Phillips 1983,
Podisus,,brevispinus,"Thomas, 1992","USA: Oregon, Clatsop",46.01000,-123.71000,Phillips 1983,
Podisus,,brevispinus,"Thomas, 1992","USA: Oregon, Columbia",45.94000,-123.08000,Phillips 1983,
Podisus,,brevispinus,"Thomas, 1992","USA: Oregon, Harney",43.06000,-118.96000,Phillips 1983,
Podisus,,brevispinus,"Thomas, 1992","USA: Oregon, Klamath",42.68000,-121.65000,Phillips 1983,
Podisus,,brevispinus,"Thomas, 1992","USA: Oregon, Marion",44.90000,-122.58000,Phillips 1983,
Podisus,,brevispinus,"Thomas, 1992","USA: Oregon, Washington",45.56000,-123.09000,Phillips 1983,
Podisus,,brevispinus,"Thomas, 1992","USA: Pennsylvania, Allegheny",40.46000,-79.98000,Phillips 1983,
Podisus,,brevispinus,"Thomas, 1992","USA: Pennsylvania, Bedford",40.00000,-78.49000,Phillips 1983,
Podisus,,brevispinus,"Thomas, 1992","USA: Pennsylvania, Centre ",40.91000,-77.81000,Phillips 1983,
Podisus,,brevispinus,"Thomas, 1992","USA: Pennsylvania, Columbia",41.04000,-76.40000,Phillips 1983,
Podisus,,brevispinus,"Thomas, 1992","USA: Pennsylvania, Dauphin",40.41000,-76.77000,Phillips 1983,
Podisus,,brevispinus,"Thomas, 1992","USA: Pennsylvania, Fayette",39.91000,-79.64000,Phillips 1983,
Podisus,,brevispinus,"Thomas, 1992","USA: Pennsylvania, Pike",41.33000,-75.03000,Phillips 1983,
Podisus,,brevispinus,"Thomas, 1992","USA: South Dakota, Lawrence",44.35000,-103.79000,Phillips 1983,
Podisus,,brevispinus,"Thomas, 1992","USA: South Dakota, Lincoln",43.27000,-96.72000,Phillips 1983,
Podisus,,brevispinus,"Thomas, 1992","USA: Tennessee, Sevier",35.78000,-83.52000,Phillips 1983,
Podisus,,brevispinus,"Thomas, 1992","USA: Tennessee, Johnson",36.45000,-81.85000,Phillips 1983,
Podisus,,brevispinus,"Thomas, 1992","USA: Vermont, Caledonia",44.46000,-72.10000,Phillips 1983,
Podisus,,brevispinus,"Thomas, 1992","USA: Vermont, Essex",44.72000,-71.73000,Phillips 1983,
Podisus,,brevispinus,"Thomas, 1992","USA: Vermont, Lamoille",44.60000,-72.64000,Phillips 1983,
Podisus,,brevispinus,"Thomas, 1992","USA: Vermont, Orleans",44.82000,-72.24000,Phillips 1983,
Podisus,,brevispinus,"Thomas, 1992","USA: Vermont, Windham",42.99000,-72.71000,Phillips 1983,
Podisus,,brevispinus,"Thomas, 1992","USA: Virginia, Grayson",36.65000,-81.22000,Phillips 1983,
Podisus,,brevispinus,"Thomas, 1992","USA: Virginia, Montgomery",37.14000,-80.38000,Phillips 1983,
Podisus,,brevispinus,"Thomas, 1992","USA: Virginia, Nelson",37.78000,-78.88000,Phillips 1983,
Podisus,,brevispinus,"Thomas, 1992","USA: Washington, Jefferson",47.77000,-123.57000,Phillips 1983,
Podisus,,brevispinus,"Thomas, 1992","USA: Washington, King",47.38000,-122.23000,Phillips 1983,
Podisus,,brevispinus,"Thomas, 1992","USA: Washington, Kitsap",47.63000,-122.64000,Phillips 1983,
Podisus,,brevispinus,"Thomas, 1992","USA: Washington, Pierce",47.03000,-122.13000,Phillips 1983,
Podisus,,brevispinus,"Thomas, 1992","USA: Washington, Skagit",48.48000,-121.80000,Phillips 1983,
Podisus,,brevispinus,"Thomas, 1992","USA: Washington, Snohomish",48.04000,-121.72000,Phillips 1983,
Podisus,,brevispinus,"Thomas, 1992","USA: Washington, Thurston",46.92000,-122.83000,Phillips 1983,
Podisus,,brevispinus,"Thomas, 1992","USA: Washington, Whatcom",48.82000,-121.87000,Phillips 1983,
Podisus,,brevispinus,"Thomas, 1992","USA: West Virginia, Barbour",39.13000,-80.00000,Phillips 1983,
Podisus,,brevispinus,"Thomas, 1992","USA: West Virginia, Pocahontas",38.33000,-80.00000,Phillips 1983,
Podisus,,brevispinus,"Thomas, 1992","USA: Wisconsin, Bayfield",46.63000,-91.18000,Phillips 1983,
Podisus,,brevispinus,"Thomas, 1992","USA: Wisconsin, Clark",44.73000,-90.61000,Phillips 1983,
Podisus,,brevispinus,"Thomas, 1992","USA: Wisconsin, Columbia",43.46000,-89.33000,Phillips 1983,
Podisus,,brevispinus,"Thomas, 1992","USA: Wisconsin, Dane",43.06000,-89.41000,Phillips 1983,
Podisus,,brevispinus,"Thomas, 1992","USA: Wisconsin, Door",44.83000,-87.35000,Phillips 1983,
Podisus,,brevispinus,"Thomas, 1992","USA: Wisconsin, Florence",45.84000,-88.39000,Phillips 1983,
Podisus,,brevispinus,"Thomas, 1992","USA: Wisconsin, Grant",42.86000,-90.70000,Phillips 1983,
Podisus,,brevispinus,"Thomas, 1992","USA: Wisconsin, Jackson",44.31000,-90.80000,Phillips 1983,
Podisus,,brevispinus,"Thomas, 1992","USA: Wisconsin, Jefferson",43.02000,-88.77000,Phillips 1983,
Podisus,,brevispinus,"Thomas, 1992","USA: Wisconsin, La Crosse",43.90000,-91.11000,Phillips 1983,
Podisus,,brevispinus,"Thomas, 1992","USA: Wisconsin, Marinette",45.35000,-88.00000,Phillips 1983,
Podisus,,brevispinus,"Thomas, 1992","USA: Wisconsin, Oconto",44.99000,-88.22000,Phillips 1983,
Podisus,,brevispinus,"Thomas, 1992","USA: Wisconsin, Oneida",45.70000,-89.52000,Phillips 1983,
Podisus,,brevispinus,"Thomas, 1992","USA: Wisconsin, Polk",45.46000,-92.44000,Phillips 1983,
Podisus,,brevispinus,"Thomas, 1992","USA: Wisconsin, Price",45.68000,-90.36000,Phillips 1983,
Podisus,,brevispinus,"Thomas, 1992","USA: Wisconsin, Richland",43.37000,-90.42000,Phillips 1983,
Podisus,,brevispinus,"Thomas, 1992","USA: Wisconsin, Sauk",43.42000,-89.94000,Phillips 1983,
Podisus,,brevispinus,"Thomas, 1992","USA: Wisconsin, Trempealeau",44.30000,-91.35000,Phillips 1983,
Podisus,,brevispinus,"Thomas, 1992","USA: Wisconsin, Walworth",42.66000,-88.54000,Phillips 1983,
Podisus,,brevispinus,"Thomas, 1992","USA: North Dakota, Bottineau",48.79000,-100.83000,Rider 2012,
Podisus,,brevispinus,"Thomas, 1992","USA: North Dakota, Cavalier",48.77000,-98.46000,Rider 2012,
Podisus,,brevispinus,"Thomas, 1992","USA: North Dakota, Grand Forks",47.92000,-97.45000,Rider 2012,
Podisus,,brevispinus,"Thomas, 1992","USA: North Dakota, Mercer",47.30000,-101.83000,Rider 2012,
Podisus,,brevispinus,"Thomas, 1992","USA: North Dakota, Pembina",48.76000,-97.55000,Rider 2012,
Podisus,,brevispinus,"Thomas, 1992","USA: North Dakota, Richland",46.26000,-96.94000,Rider 2012,
Podisus,,brevispinus,"Thomas, 1992","USA: North Dakota, Walsh",48.36000,-97.72000,Rider 2012,
Podisus,,brevispinus,"Thomas, 1992",USA: Minnesota,46.25000,-94.25000,Pezzini et al 2018,
Podisus,,brevispinus,"Thomas, 1992","USA: North Carolina, Haywood County, Great Smoky Mountains National Park.",35.52000,-83.52000,INHS,
Podisus,,brevispinus,"Thomas, 1992","USA: Minnesota, Otter Tail County, Fergus Falls. ",46.28000,-96.07000,INHS,
Podisus,,brevispinus,"Thomas, 1992","USA: Virginia, Augusta County, Pastures District, Walker Mountain., FS 387 ",38.09000,-79.49000,VMNH,
Podisus,,brevispinus,"Thomas, 1992","USA: Virginia, Floyd County, Route 726, 1,2km West of BRParkway Black Ridge.",36.87000,-80.37000,VMNH,
Podisus,,brevispinus,"Thomas, 1992","USA: Virginia, Washington County, Straight Br 8km East of Damascus",36.63000,-81.69000,VMNH,
Podisus,,brevispinus,"Thomas, 1992","USA: Virginia, Rockingham County, Rawley Springs, Tomahawk Mountain. (ca & Al mi NNW, DF site in virgin Stand off FS 72)",38.62000,-79.08000,VMNH,
Podisus,,boriquensis,"Barber, 1939",PUERTO RICO: San Juan,18.46633,-66.10572,Thomas 1992,
Podisus,,congrex,"Stål, 1862","HONDURAN: Olancho, Parque La Muralla",14.91000,-86.38000,Arismendi & Thomas 2003,
Podisus,,congrex,"Stål, 1862","HONDURAN: Yoro, Pico Pijól",15.11000,-87.34000,Arismendi & Thomas 2003,
Podisus,,congrex,"Stål, 1862","MEXICO: Guerrero, Omilteme",17.66000,-100.00000,Ortega León 1997,
Podisus,,congrex,"Stål, 1862","MEXICO: Sonora, Santa Ana",30.54000,-111.11000,Ortega León 1997,
Podisus,,congrex,"Stål, 1862","MEXICO: Chihuahua, El Jaguey",27.02000,-105.13000,Ortega León 1997,
Podisus,,congrex,"Stål, 1862","MEXICO: Chihuahua, Casas Grandes",30.41000,-107.91000,Ortega León 1997,
Podisus,,congrex,"Stål, 1862","MEXICO: Nuevo Leon, Monterrey",25.67000,-100.31000,Ortega León 1997,
Podisus,,congrex,"Stål, 1862","MEXICO: Nuevo Leon, Tuxtepec",25.58000,-99.75000,Ortega León 1997,
Podisus,,congrex,"Stål, 1862","MEXICO: Nuevo Leon, Monte Alban",25.76000,-100.23000,Ortega León 1997,
Podisus,,congrex,"Stål, 1862","MEXICO: Nuevo Leon, Linares",24.85000,-99.56000,Ortega León 1997,
Podisus,,congrex,"Stål, 1862","MEXICO: Nuevo Leon, San Roberto",24.71000,-100.30000,Ortega León 1997,
Podisus,,congrex,"Stål, 1862",MEXICO: Aguascalientes,21.88000,-102.28000,Ortega León 1997,
Podisus,,congrex,"Stål, 1862","MEXICO: Jalisco, Masamita",20.33000,-103.66000,Ortega León 1997,
Podisus,,congrex,"Stål, 1862","MEXICO: Hidalgo, San Miguel",19.86000,-104.08000,Ortega León 1997,
Podisus,,congrex,"Stål, 1862","MEXICO: Veracruz, San Andres",18.44000,-95.21000,Ortega León 1997,
Podisus,,congrex,"Stål, 1862",MEXICO:  Actopan,20.26000,-98.94000,Ortega León 1997,
Podisus,,congrex,"Stål, 1862","MEXICO: Estado de Mexico, Valle de Bravo",19.19000,-100.13000,Ortega León 1997,
Podisus,,congrex,"Stål, 1862",MEXICO: Mexico,19.42000,-99.12000,Ortega León 1997,
Podisus,,congrex,"Stål, 1862","MEXICO: Oaxaca, Miahuatlan",16.18000,-96.62000,Ortega León 1997,
Podisus,,congrex,"Stål, 1862","MEXICO: Oaxaca, Sierra de Juarez",17.31000,-96.48000,Ortega León 1997,
Podisus,,congrex,"Stål, 1862","MEXICO: Oaxaca, Metates",17.69000,-96.32000,Ortega León 1997,
Podisus,,congrex,"Stål, 1862",COLOMBIA:  Magdalena,10.00000,-74.50000,Phillips 1983,
Podisus,,congrex,"Stål, 1862","COLOMBIA:  Magdalena, Espinal",4.15000,-74.88000,Phillips 1983,
Podisus,,congrex,"Stål, 1862","COSTA RICA: Cartago, Pacayas",9.80000,-84.04000,Phillips 1983,
Podisus,,congrex,"Stål, 1862","COSTA RICA: Puntarenas, San Vito",8.86000,-82.95000,Phillips 1983,
Podisus,,congrex,"Stål, 1862","COSTA RICA: Puntarenas, Monteverde",10.29000,-84.82000,Phillips 1983,
Podisus,,congrex,"Stål, 1862",ECUADOR: Banos,-1.39000,-78.42000,Phillips 1983,
Podisus,,congrex,"Stål, 1862",ECUADOR: Rio Blanco,-2.37000,-78.37000,Phillips 1983,
Podisus,,congrex,"Stål, 1862",GUATEMALA: Guatemala,15.50000,-90.25000,Phillips 1983,
Podisus,,congrex,"Stål, 1862",GUATEMALA: Nebaj,15.56000,-91.17000,Phillips 1983,
Podisus,,congrex,"Stål, 1862",GUATEMALA: Volcan de Atitlan,14.58000,-91.18000,Roell et al 2023,
Podisus,,congrex,"Stål, 1862",HAITI: La Visite,18.31000,-74.11000,Phillips 1983,
Podisus,,congrex,"Stål, 1862","VENEZUELA:  Aragua, Henri Pittier National Park. ",10.38000,-67.61000,UMSP,
Podisus,,cornutus,"Dallas, 1851","BRAZIL: Santa Catarina, Maracajá, Parque Ecológico Maracajá. ",-28.87000,-49.46000,UFRG,
Podisus,,crassimargo,"Stål, 1860","BRAZIL: Santa Catarina, Parque Ecológico de Maracajá",-28.85000,-49.46000,Campos et al 2009,
Podisus,,curvispinus,"Bergroth, 1891","BRAZIL: Santa Catarina, Criciúma, SATC.",-28.70000,-49.40000,UFRG,
Podisus,,distinctus,"Stål, 1860","BRAZIL:Rio de Janeiro:""Tejuca""",-22.93250,-43.24100,Brugnera et al 2020a,
Podisus,,distinctus,"Stål, 1860",BRAZIL:Minas Gerais:Carmos do Rio Claro,-20.97460,-46.11340,Brugnera et al 2020a,
Podisus,,distinctus,"Stål, 1860",BRAZIL:Espírito Santo:Domingos Martins,-20.36330,-40.65860,Brugnera et al 2020a,
Podisus,,distinctus,"Stål, 1860",BRAZIL:Rio de Janeiro:Rio de Janeiro,-22.87510,-43.27750,Brugnera et al 2020a,
Podisus,,distinctus,"Stål, 1860",BRAZIL:Rio de Janeiro:Tejuca [Rio de Janeiro],-22.93250,-43.24100,Brugnera et al 2020a,
Podisus,,distinctus,"Stål, 1860",BRAZIL:São Paulo:Paranapiacaba,-23.78330,-46.31670,Brugnera et al 2020a,
Podisus,,distinctus,"Stål, 1860","BRAZIL:São Paulo:Salesópolis, Est. Biol. Boracéia",-23.63610,-45.94630,Brugnera et al 2020a,
Podisus,,distinctus,"Stål, 1860",BRAZIL:Santa Catarina:Araranguá,-28.93330,-49.48330,Brugnera et al 2020a,
Podisus,,distinctus,"Stål, 1860",BRAZIL:Santa Catarina:Araranguá,-28.93330,-49.48330,Brugnera et al 2020a,
Podisus,,distinctus,"Stål, 1860",BRAZIL:Rio Grande do Sul:Maquiné,-29.67580,-50.20960,Brugnera et al 2020a,
Podisus,,distinctus,"Stål, 1860","BRAZIL:Rio Grande do Sul:Torres, P. E. Itapeva Mata Sul",-29.37730,-49.76030,Brugnera et al 2020a,
Podisus,,falcatus,"Distant, 1889 ",HONDURAN: Olancho,14.91000,-86.38000,Arismendi & Thomas 2003,
Podisus,,falcatus,"Distant, 1889 ",HONDURAN: El Paraíso,14.06000,-85.96000,Arismendi & Thomas 2003,
Podisus,,falcatus,"Distant, 1889 ",GUATEMALA: San Geronimo,15.06000,-90.18000,Roell et al 2023,
Podisus,,fuscescens,"Dallas, 1851",MEXICO,23.55410,-102.62040,Brugnera et al 2020a,
Podisus,,fuscescens,"Dallas, 1851","HONDURAN: El Paraiso:Yuscaran, Rio Aguacote",13.94390,-86.85280,Brugnera et al 2020a,
Podisus,,fuscescens,"Dallas, 1851",PANAMA: Chiriqui :8k N of Cont’l Divide,8.39290,-82.31990,Brugnera et al 2020a,
Podisus,,fuscescens,"Dallas, 1851","COLOMBIA: Putumayo:Santa Rosa, Kofan Indian Village, Rio S. Miguel",0.72940,-76.59140,Brugnera et al 2020a,
Podisus,,fuscescens,"Dallas, 1851","COLOMBIA: Putumayo:Mocoa, Rumiyaco",1.18330,-76.63330,Brugnera et al 2020a,
Podisus,,fuscescens,"Dallas, 1851",COLOMBIA: Cundinamarca:La Veja,4.99780,-74.33980,Brugnera et al 2020a,
Podisus,,fuscescens,"Dallas, 1851","COLOMBIA: Valle del Cauca:Restrepo, Vereda Rio Bravo",3.82200,-76.52240,Brugnera et al 2020a,
Podisus,,fuscescens,"Dallas, 1851","COLOMBIA: Valle del Cauca:Buga, Laguna de Sonso",3.88340,-76.34900,Brugnera et al 2020a,
Podisus,,fuscescens,"Dallas, 1851",COLOMBIA: Caquetá:San José del Fragua,1.33970,-75.98360,Brugnera et al 2020a,
Podisus,,fuscescens,"Dallas, 1851","COLOMBIA: Caldas:Palestina, Vda. Santágueda, Granja Montelindo",5.06070,-74.67000,Brugnera et al 2020a,
Podisus,,fuscescens,"Dallas, 1851","COLOMBIA: Meta:Cumaral, Vda. El Yari",4.26660,-73.48330,Brugnera et al 2020a,
Podisus,,fuscescens,"Dallas, 1851",COLOMBIA: Tolima:Chaparral,3.72750,-75.83610,Brugnera et al 2020a,
Podisus,,fuscescens,"Dallas, 1851",VENEZUELA: Miranda:2km SW Caucagua,10.27600,-66.38940,Brugnera et al 2020a,
Podisus,,fuscescens,"Dallas, 1851",VENEZUELA: Mérida:South of Chiguara,8.47850,-71.53870,Brugnera et al 2020a,
Podisus,,fuscescens,"Dallas, 1851",VENEZUELA: Yaracuy:24 km west Nirgua,10.14210,-68.78430,Brugnera et al 2020a,
Podisus,,fuscescens,"Dallas, 1851","VENEZUELA: Zulia Kasmera:Rio Yasa, Sierra de Perija",9.80270,-72.95250,Brugnera et al 2020a,
Podisus,,fuscescens,"Dallas, 1851",BRAZIL:Pará:Jacareacanga,-6.26670,-57.65000,Brugnera et al 2020a,
Podisus,,fuscescens,"Dallas, 1851","BRAZIL:Pará:Tucuruí, Rio Tocantins",-3.76800,-49.67300,Brugnera et al 2020a,
Podisus,,fuscescens,"Dallas, 1851","BRAZIL:Pará:Serra Norte, Est. do Fofoca",-6.08420,-50.17660,Brugnera et al 2020a,
Podisus,,fuscescens,"Dallas, 1851","BRAZIL:Pará:Serra Norte, Manganês",-6.11290,-50.30870,Brugnera et al 2020a,
Podisus,,fuscescens,"Dallas, 1851",BRAZIL:Mato Grosso:Sinop,-12.51660,-55.61660,Brugnera et al 2020a,
Podisus,,fuscescens,"Dallas, 1851","BRAZIL:Rondônia:62 km SW Ariquemes, Nr. Fzda. Rancho Grande",-10.29760,-62.96970,Brugnera et al 2020a,
Podisus,,fuscescens,"Dallas, 1851","BRAZIL:Rondônia:62 km SW Ariquemes, Nr. Fzda. Rancho Grande",-10.29760,-62.96970,Brugnera et al 2020a,
Podisus,,fuscescens,"Dallas, 1851",BRAZIL:Rondônia:Forte Príncipe da Beira,-12.42420,-64.41320,Brugnera et al 2020a,
Podisus,,fuscescens,"Dallas, 1851","BRAZIL:Goiás:Jataí, Faz. Aceiro",-17.88720,-51.71820,Brugnera et al 2020a,
Podisus,,fuscescens,"Dallas, 1851",BRAZIL:Minas Gerais:Viçosa,-20.75680,-42.87660,Brugnera et al 2020a,
Podisus,,fuscescens,"Dallas, 1851","BRAZIL:Minas Gerais:Campos Altos, Fazenda Heron Reges",-19.88800,-44.79020,Brugnera et al 2020a,
Podisus,,fuscescens,"Dallas, 1851",BRAZIL:Minas Gerais:Cambuquira,-21.85640,-45.28980,Brugnera et al 2020a,
Podisus,,fuscescens,"Dallas, 1851",BRAZIL:Rio de Janeiro:Glória [Rio de Janeiro],-22.92100,-43.18050,Brugnera et al 2020a,
Podisus,,fuscescens,"Dallas, 1851","BRAZIL:Rio de Janeiro:Corcovado, Guanabara [Rio de Janeiro]",-22.95000,-43.21000,Brugnera et al 2020a,
Podisus,,fuscescens,"Dallas, 1851",BRAZIL:Rio de Janeiro:Corcovado,-22.95000,-43.21000,Brugnera et al 2020a,
Podisus,,fuscescens,"Dallas, 1851",BRAZIL:São Paulo:Barueri,-23.51670,-46.88330,Brugnera et al 2020a,
Podisus,,fuscescens,"Dallas, 1851",BRAZIL:São Paulo:Teodoro Sampaio,-22.51670,-52.16670,Brugnera et al 2020a,
Podisus,,fuscescens,"Dallas, 1851",BRAZIL:São Paulo:Campinas,-22.90950,-47.06740,Brugnera et al 2020a,
Podisus,,fuscescens,"Dallas, 1851",BRAZIL:São Paulo:Barueri,-23.51670,-46.88330,Brugnera et al 2020a,
Podisus,,fuscescens,"Dallas, 1851",BRAZIL:São Paulo:Campinas,-22.90950,-47.06740,Brugnera et al 2020a,
Podisus,,fuscescens,"Dallas, 1851",BRAZIL:São Paulo:São José dos Campos,-23.01690,-47.72210,Brugnera et al 2020a,
Podisus,,fuscescens,"Dallas, 1851",BRAZIL:São Paulo:São Paulo,-23.57330,-46.64170,Brugnera et al 2020a,
Podisus,,fuscescens,"Dallas, 1851",BRAZIL:Paraná:Bituruna,-26.16670,-51.56670,Brugnera et al 2020a,
Podisus,,fuscescens,"Dallas, 1851",BRAZIL:Paraná:Londrina,-23.31000,-51.16000,Brugnera et al 2020a,
Podisus,,fuscescens,"Dallas, 1851",BRAZIL:Paraná:Ponta Grossa,-25.09000,-50.16000,Brugnera et al 2020a,
Podisus,,fuscescens,"Dallas, 1851","BRAZIL:Paraná:Pinhão, Rio Bragança",-25.71670,-51.63330,Brugnera et al 2020a,
Podisus,,fuscescens,"Dallas, 1851",BRAZIL:Santa Catarina:Jaguaruna,-28.62000,-49.02450,Brugnera et al 2020a,
Podisus,,fuscescens,"Dallas, 1851","BRAZIL:Santa Catarina:Maracajá, Pq. Ecológico",-28.87490,-49.46290,Brugnera et al 2020a,
Podisus,,fuscescens,"Dallas, 1851","BRAZIL:Santa Catarina:Maracajá, Pq. Ecológico",-28.87490,-49.46290,Brugnera et al 2020a,
Podisus,,fuscescens,"Dallas, 1851",BRAZIL:Santa Catarina:Seara [Nova Teutônia],-27.18330,-52.38330,Brugnera et al 2020a,
Podisus,,fuscescens,"Dallas, 1851",BRAZIL:Santa Catarina:Seara [Nova Teutônia],-27.18330,-52.38330,Brugnera et al 2020a,
Podisus,,fuscescens,"Dallas, 1851",BRAZIL:Santa Catarina:Seara [Nova Teutônia],-27.18330,-52.38330,Brugnera et al 2020a,
Podisus,,fuscescens,"Dallas, 1851",BRAZIL:Santa Catarina:Seara [Nova Teutônia],-27.18330,-52.38330,Brugnera et al 2020a,
Podisus,,fuscescens,"Dallas, 1851",BRAZIL:Santa Catarina:Seara [Nova Teutônia],-27.18330,-52.38330,Brugnera et al 2020a,
Podisus,,fuscescens,"Dallas, 1851",BRAZIL:Rio Grande do Sul:Santa Maria,-29.68330,-53.80000,Brugnera et al 2020a,
Podisus,,fuscescens,"Dallas, 1851",BRAZIL:Rio Grande do Sul:Santa Maria,-29.68330,-53.80000,Brugnera et al 2020a,
Podisus,,fuscescens,"Dallas, 1851",BRAZIL:Rio Grande do Sul:Santa Maria,-29.68330,-53.80000,Brugnera et al 2020a,
Podisus,,fuscescens,"Dallas, 1851",BRAZIL:Rio Grande do Sul:Santa Maria,-29.68330,-53.80000,Brugnera et al 2020a,
Podisus,,fuscescens,"Dallas, 1851",BRAZIL:Rio Grande do Sul:Porto Alegre,-30.03000,-51.21000,Brugnera et al 2020a,
Podisus,,fuscescens,"Dallas, 1851",BRAZIL:Rio Grande do Sul:Porto Alegre,-30.03000,-51.21000,Brugnera et al 2020a,
Podisus,,fuscescens,"Dallas, 1851","BRAZIL:Rio Grande do Sul:Porto Alegre, Campus do Vale—UFRG",-30.07540,-51.12470,Brugnera et al 2020a,
Podisus,,fuscescens,"Dallas, 1851",BRAZIL:Rio Grande do Sul:Porto Alegre,-30.03000,-51.21000,Brugnera et al 2020a,
Podisus,,fuscescens,"Dallas, 1851","BRAZIL:Rio Grande do Sul:Porto Alegre, Campus do Vale—UFRG",-30.07540,-51.12470,Brugnera et al 2020a,
Podisus,,fuscescens,"Dallas, 1851","BRAZIL:Rio Grande do Sul:Porto Alegre, Belém Novo",-30.21120,-51.18210,Brugnera et al 2020a,
Podisus,,fuscescens,"Dallas, 1851",BRAZIL:Rio Grande do Sul:Porto Alegre,-30.03000,-51.21000,Brugnera et al 2020a,
Podisus,,fuscescens,"Dallas, 1851",BRAZIL:Rio Grande do Sul:Chapada,-28.05000,-53.06670,Brugnera et al 2020a,
Podisus,,fuscescens,"Dallas, 1851","BRAZIL:Rio Grande do Sul:Derrubadas, Pq. Flor. Est. Turvo",-27.13930,-53.88250,Brugnera et al 2020a,
Podisus,,fuscescens,"Dallas, 1851",BRAZIL:Rio Grande do Sul:Lajeado,-29.45000,-51.96670,Brugnera et al 2020a,
Podisus,,fuscescens,"Dallas, 1851","BRAZIL:Rio Grande do Sul:Derrubadas, Pq. Flor. Est. Turvo, Trilha Salto Yucumã",-27.14850,-53.88440,Brugnera et al 2020a,
Podisus,,fuscescens,"Dallas, 1851","BRAZIL:Rio Grande do Sul:Derrubadas, Pq. Flor. Est. Turvo, Trilha Salto Yucumã",-27.14850,-53.88440,Brugnera et al 2020a,
Podisus,,fuscescens,"Dallas, 1851",BRAZIL:Rio Grande do Sul:Novo Hamburgo,-29.68330,-51.13330,Brugnera et al 2020a,
Podisus,,fuscescens,"Dallas, 1851",BRAZIL:Rio Grande do Sul:Campo Bom,-29.68330,-51.05000,Brugnera et al 2020a,
Podisus,,fuscescens,"Dallas, 1851","BRAZIL:Rio Grande do Sul:Maquiné, Gruta",-29.67580,-50.20960,Brugnera et al 2020a,
Podisus,,fuscescens,"Dallas, 1851",BRAZIL:Rio Grande do Sul:Ijuí,-28.38330,-53.91670,Brugnera et al 2020a,
Podisus,,fuscescens,"Dallas, 1851",BRAZIL:Rio Grande do Sul:Catuípe,-28.25000,-54.01670,Brugnera et al 2020a,
Podisus,,fuscescens,"Dallas, 1851","BRAZIL:Rio Grande do Sul:Caxias do Sul, Vila Oliva",-29.22400,-50.89010,Brugnera et al 2020a,
Podisus,,fuscescens,"Dallas, 1851",BRAZIL:Rio Grande do Sul:Taquari,-29.80000,-51.85000,Brugnera et al 2020a,
Podisus,,fuscescens,"Dallas, 1851","BRAZIL:Rio Grande do Sul:Rio Grande, Est. Ecol. Taim",-32.53880,-52.53870,Brugnera et al 2020a,
Podisus,,fuscescens,"Dallas, 1851","BRAZIL:Rio Grande do Sul:Triunfo, Parque Copesul, Trilha do Pórtico",-29.87090,-51.38940,Brugnera et al 2020a,
Podisus,,fuscescens,"Dallas, 1851",BRAZIL:Rio Grande do Sul:Tenente Portela,-27.36670,-53.75000,Brugnera et al 2020a,
Podisus,,fuscescens,"Dallas, 1851",BRAZIL:Rio Grande do Sul:São Domingos do Sul,-28.53330,-51.90000,Brugnera et al 2020a,
Podisus,,fuscescens,"Dallas, 1851",ECUADOR:Napo:Puerto Misahuali,-1.03450,-77.66360,Brugnera et al 2020a,
Podisus,,fuscescens,"Dallas, 1851",ECUADOR:Napo:Coca,-0.46160,-76.99310,Brugnera et al 2020a,
Podisus,,fuscescens,"Dallas, 1851","ECUADOR:Pichincha:Tinalandia, 12 km east Sto. Domingo de Los Colorados",-0.25360,-79.03620,Brugnera et al 2020a,
Podisus,,fuscescens,"Dallas, 1851","PERU: Huánuco:Puente Cinchavito, 25 km south Tingo Maria",-9.54000,-75.99570,Brugnera et al 2020a,
Podisus,,fuscescens,"Dallas, 1851","PERU: Huánuco:Tingo Maria, Tingo Maria National Park",-9.37320,-75.99950,Brugnera et al 2020a,
Podisus,,fuscescens,"Dallas, 1851","PERU: Huánuco:Cueva de las Pavas Canyon, 8 km south Tingo Maria",-9.37080,-75.97230,Brugnera et al 2020a,
Podisus,,fuscescens,"Dallas, 1851","PERU: Huánuco:Panguana, Rio Llullapichis, Rio Pachitea",-9.61660,-74.93330,Brugnera et al 2020a,
Podisus,,fuscescens,"Dallas, 1851","PERU: Huánuco:Panguana, Rio Llullapichis, Rio Pachitea",-9.61660,-74.93330,Brugnera et al 2020a,
Podisus,,fuscescens,"Dallas, 1851","PERU: Huánuco:Tingo Maria, Roadside veg. Los Cuervos road, S. W. of town",-9.31690,-76.01170,Brugnera et al 2020a,
Podisus,,fuscescens,"Dallas, 1851",PERU: San Martín:Tarapoto vic. Cordillera Escalera Lodge,-6.46890,-76.35450,Brugnera et al 2020a,
Podisus,,fuscescens,"Dallas, 1851",PERU: San Martín:-,-8.41660,-76.41660,Brugnera et al 2020a,
Podisus,,fuscescens,"Dallas, 1851",BOLIVIA: La Paz:Guanay,-15.48330,-67.88330,Brugnera et al 2020a,
Podisus,,fuscescens,"Dallas, 1851","BOLIVIA: Santa Cruz:Buena Vista, Flora & Fauna Hotel",-17.45860,-63.66910,Brugnera et al 2020a,
Podisus,,fuscescens,"Dallas, 1851","BOLIVIA: Santa Cruz:El Cairo, 5 km west Buena Vista",-17.45930,-63.71490,Brugnera et al 2020a,
Podisus,,fuscescens,"Dallas, 1851","BOLIVIA: Santa Cruz:Buena Vista, Flora & Fauna Hotel",-17.45860,-63.66910,Brugnera et al 2020a,
Podisus,,fuscescens,"Dallas, 1851",BOLIVIA: El Beni:15–20 km east Rurrenabaque,-14.43270,-67.35650,Brugnera et al 2020a,
Podisus,,fuscescens,"Dallas, 1851",BOLIVIA: Cochabamba:Region Chaparé,-16.70130,-65.61300,Brugnera et al 2020a,
Podisus,,fuscescens,"Dallas, 1851",PARAGUAY:  Distrito Capital:Asunción,-25.29390,-57.61110,Brugnera et al 2020a,
Podisus,,fuscescens,"Dallas, 1851",PARAGUAY:  Caazapá:Parque Nac. Caaguazu,-25.45080,-56.05910,Brugnera et al 2020a,
Podisus,,fuscescens,"Dallas, 1851",PARAGUAY:  Paraguarí:Parque Nac. Ybycui,-26.09800,-56.84130,Brugnera et al 2020a,
Podisus,,fuscescens,"Dallas, 1851",PARAGUAY:  Alto Paraná:Reserva Biol. Tati Yupi.,-25.36650,-54.57970,Brugnera et al 2020a,
Podisus,,fuscescens,"Dallas, 1851",PARAGUAY:  Central:Capiatá,-25.35000,-57.41670,Brugnera et al 2020a,
Podisus,,fuscescens,"Dallas, 1851",PARAGUAY:  Caaguazú:Repatriacion,-25.53330,-55.95000,Brugnera et al 2020a,
Podisus,,fuscescens,"Dallas, 1851",PARAGUAY:  Guairá:Paso Yobai,-25.72530,-55.99710,Brugnera et al 2020a,
Podisus,,fuscescens,"Dallas, 1851",ARGENTINA: Corrientes:S. Tomé,-28.54940,-56.04080,Brugnera et al 2020a,
Podisus,,fuscescens,"Dallas, 1851",ARGENTINA: Misiones:Puerto Iguazú,-25.60570,-54.57660,Brugnera et al 2020a,
Podisus,,fuscescens,"Dallas, 1851",ARGENTINA: Misiones:Eldorado,-26.40840,-54.69460,Brugnera et al 2020a,
Podisus,,fuscescens,"Dallas, 1851",ARGENTINA: Misiones:Victoria,-26.33040,-54.62240,Brugnera et al 2020a,
Podisus,,fuscescens,"Dallas, 1851",ARGENTINA: Misiones:Mado Puerto: Magdalena,-26.23120,-54.62760,Brugnera et al 2020a,
Podisus,,graziae,"Brugnera Roell & Lemaître, 2021",BRAZIL: Rio Grande do Sul: São Domingos do Sul: Santa Gema,-28.55880,-50.18330,Roell et al 2021a,
Podisus,,graziae,"Brugnera Roell & Lemaître, 2021",BRAZIL: Paraná: Curitiba,-25.49510,-49.28970,Roell et al 2021a,
Podisus,,graziae,"Brugnera Roell & Lemaître, 2021",BRAZIL: Santa Catarina: Seara (Nova Teutonia),-27.18330,-52.38330,Roell et al 2021a,
Podisus,,graziae,"Brugnera Roell & Lemaître, 2021",BRAZIL: Santa Catarina: São Lourenço,-26.37210,-52.84650,Roell et al 2021a,
Podisus,,graziae,"Brugnera Roell & Lemaître, 2021",BRAZIL: Rio Grande do Sul: São Domingos do Sul: Santa Gema,-28.55880,-50.18330,Roell et al 2021a,
Podisus,,graziae,"Brugnera Roell & Lemaître, 2021",BRAZIL: Rio Grande do Sul: São Domingos do Sul: Santa Gema,-28.55880,-50.18330,Roell et al 2021a,
Podisus,,graziae,"Brugnera Roell & Lemaître, 2021",BRAZIL: Rio Grande do Sul: Maquiné: Fepagro,-29.66160,-50.21310,Roell et al 2021a,
Podisus,,graziae,"Brugnera Roell & Lemaître, 2021",PARAGUAY:  Alto Paraná,-25.36770,-54.95080,Roell et al 2021a,
Podisus,,gundlachii,"Guérin-Méneville, 1857",CUBA,22.00000,-79.50000,Thomas 1992,
Podisus,,insignis,"Distant, 1880",GUATEMALA: San Geronimo,15.06000,-90.18000,Roell et al 2023,
Podisus,,mactans,"Thomas, 1992","ECUADOR: Napo Prov., Sierrazul, 2200m SW of Baeza. ",-0.67000,-77.92000,USNM,
Podisus,,maculiventris,"Say, 1831 ","USA: New Mexico, Bernalillo",35.05000,-106.67000,Bundy 2012,
Podisus,,maculiventris,"Say, 1831  ","USA: New Mexico, Dõna Ana",32.35000,-106.83000,Bundy 2012,
Podisus,,maculiventris,"Say, 1831  ","USA: New Mexico, Otero",32.61000,-105.74000,Bundy 2012,
Podisus,,maculiventris,"Say, 1831  ","USA: New Mexico, Roosevelt",34.02000,-103.48000,Bundy 2012,
Podisus,,maculiventris,"Say, 1831  ","USA: New Mexico, Santa Fe",35.68000,-105.93000,Bundy 2012,
Podisus,,maculiventris,"Say, 1831  ","USA: New Mexico, Taos",36.57000,-105.63000,Bundy 2012,
Podisus,,maculiventris,"Say, 1831  ","USA: New Mexico, Valencia",34.71000,-106.80000,Bundy 2012,
Podisus,,maculiventris,"Say, 1831  ","USA: Minnesota, Big Stone",45.42000,-96.41000,Koch et al 2014,
Podisus,,maculiventris,"Say, 1831  ","USA: Minnesota, Blue Earth",44.03000,-94.06000,Koch et al 2014,
Podisus,,maculiventris,"Say, 1831  ","USA: Minnesota, Brown",44.24000,-94.72000,Koch et al 2014,
Podisus,,maculiventris,"Say, 1831  ","USA: Minnesota, Chicago",44.47000,-93.32000,Koch et al 2014,
Podisus,,maculiventris,"Say, 1831  ","USA: Minnesota, Clay",46.89000,-96.49000,Koch et al 2014,
Podisus,,maculiventris,"Say, 1831  ","USA: Minnesota, Cottonwood",44.00000,-95.18000,Koch et al 2014,
Podisus,,maculiventris,"Say, 1831  ","USA: Minnesota, Dakota",44.67000,-93.06000,Koch et al 2014,
Podisus,,maculiventris,"Say, 1831  ","USA: Minnesota, Douglas",45.93000,-95.45000,Koch et al 2014,
Podisus,,maculiventris,"Say, 1831  ",USA: Minnesota: Fillmore,43.67000,-92.09000,Koch et al 2014,
Podisus,,maculiventris,"Say, 1831  ","USA: Minnesota, Freeborn",43.67000,-93.34000,Koch et al 2014,
Podisus,,maculiventris,"Say, 1831  ","USA: Minnesota, Goodhue",44.40000,-92.72000,Koch et al 2014,
Podisus,,maculiventris,"Say, 1831  ","USA: Minnesota, Hennepin",45.00000,-93.47000,Koch et al 2014,
Podisus,,maculiventris,"Say, 1831  ","USA: Minnesota, Jackson",43.67000,-95.15000,Koch et al 2014,
Podisus,,maculiventris,"Say, 1831  ","USA: Minnesota, Lincoln",44.41000,-96.26000,Koch et al 2014,
Podisus,,maculiventris,"Say, 1831  ","USA: Minnesota, Lyon",44.41000,-95.83000,Koch et al 2014,
Podisus,,maculiventris,"Say, 1831  ","USA: Minnesota, Martin",43.67000,-94.55000,Koch et al 2014,
Podisus,,maculiventris,"Say, 1831  ","USA: Minnesota, McLeod",44.82000,-94.27000,Koch et al 2014,
Podisus,,maculiventris,"Say, 1831  ","USA: Minnesota, Mille Lacs",45.93000,-93.63000,Koch et al 2014,
Podisus,,maculiventris,"Say, 1831  ","USA: Minnesota, Morrison",46.01000,-94.26000,Koch et al 2014,
Podisus,,maculiventris,"Say, 1831  ","USA: Minnesota, Nobles",43.67000,-95.75000,Koch et al 2014,
Podisus,,maculiventris,"Say, 1831  ","USA: Minnesota, Norman",47.32000,-96.45000,Koch et al 2014,
Podisus,,maculiventris,"Say, 1831  ","USA: Minnesota, Olmstead",43.89000,-92.17000,Koch et al 2014,
Podisus,,maculiventris,"Say, 1831  ","USA: Minnesota, Pine",46.12000,-92.74000,Koch et al 2014,
Podisus,,maculiventris,"Say, 1831  ","USA: Minnesota, Pipestone",44.02000,-96.25000,Koch et al 2014,
Podisus,,maculiventris,"Say, 1831  ","USA: Minnesota, Pope",45.58000,-95.44000,Koch et al 2014,
Podisus,,maculiventris,"Say, 1831  ","USA: Minnesota, Ramsey",45.01000,-93.09000,Koch et al 2014,
Podisus,,maculiventris,"Say, 1831  ","USA: Minnesota, Rice",44.35000,-93.29000,Koch et al 2014,
Podisus,,maculiventris,"Say, 1831  ","USA: Minnesota, Rock",43.67000,-96.25000,Koch et al 2014,
Podisus,,maculiventris,"Say, 1831  ","USA: Minnesota, Saint Louis",47.58000,-92.46000,Koch et al 2014,
Podisus,,maculiventris,"Say, 1831  ","USA: Minnesota, Scott",44.64000,-93.53000,Koch et al 2014,
Podisus,,maculiventris,"Say, 1831  ","USA: Minnesota, Sibley",44.57000,-94.23000,Koch et al 2014,
Podisus,,maculiventris,"Say, 1831  ","USA: Minnesota, Steele",44.02000,-93.22000,Koch et al 2014,
Podisus,,maculiventris,"Say, 1831  ","USA: Minnesota, Todd",46.07000,-94.89000,Koch et al 2014,
Podisus,,maculiventris,"Say, 1831  ","USA: Minnesota, Traverse",45.77000,-96.47000,Koch et al 2014,
Podisus,,maculiventris,"Say, 1831  ","USA: Minnesota, Wabasha",44.28000,-92.23000,Koch et al 2014,
Podisus,,maculiventris,"Say, 1831  ","USA: Minnesota, Waseca",44.02000,-93.58000,Koch et al 2014,
Podisus,,maculiventris,"Say, 1831  ","USA: Minnesota, Washington",45.03000,-92.88000,Koch et al 2014,
Podisus,,maculiventris,"Say, 1831  ","USA: Minnesota, Watonwan",43.97000,-94.61000,Koch et al 2014,
Podisus,,maculiventris,"Say, 1831  ","USA: Minnesota, Wright",45.17000,-93.96000,Koch et al 2014,
Podisus,,maculiventris,"Say, 1831  ","USA: Minnesota, Yellow Medicine",44.71000,-95.86000,Koch et al 2014,
Podisus,,maculiventris,"Say, 1831  ","USA: Connecticut, New Haven",41.30000,-72.92000,O'Donnell & Schaefer 2012,
Podisus,,maculiventris,"Say, 1831  ","USA: Connecticut, South Glastonbury",41.66000,-72.59000,O'Donnell & Schaefer 2012,
Podisus,,maculiventris,"Say, 1831  ","USA: Connecticut, Southington",41.59000,-72.87000,O'Donnell & Schaefer 2012,
Podisus,,maculiventris,"Say, 1831  ","USA: Connecticut, Cromwell",41.61301,-72.67651,O'Donnell & Schaefer 2012,
Podisus,,maculiventris,"Say, 1831  ","USA: Connecticut, Windsor",41.85000,-72.64000,O'Donnell & Schaefer 2012,
Podisus,,maculiventris,"Say, 1831  ","USA: Connecticut, Granby",41.95000,-72.78000,O'Donnell & Schaefer 2012,
Podisus,,maculiventris,"Say, 1831  ","USA: Connecticut, Branford",41.27000,-72.81000,O'Donnell & Schaefer 2012,
Podisus,,maculiventris,"Say, 1831  ","USA: Connecticut, Winnipauk",41.14000,-73.42000,O'Donnell & Schaefer 2012,
Podisus,,maculiventris,"Say, 1831  ","USA: Connecticut, Portland",41.57000,-72.64000,O'Donnell & Schaefer 2012,
Podisus,,maculiventris,"Say, 1831  ","USA: Connecticut, Meriden",41.53000,-72.80000,O'Donnell & Schaefer 2012,
Podisus,,maculiventris,"Say, 1831  ","USA: Connecticut, Moosup",41.71000,-71.88000,O'Donnell & Schaefer 2012,
Podisus,,maculiventris,"Say, 1831  ","USA: Connecticut, Pomfret",41.89000,-71.96000,O'Donnell & Schaefer 2012,
Podisus,,maculiventris,"Say, 1831  ","USA: Connecticut, New Cannan",41.96000,-73.33000,O'Donnell & Schaefer 2012,
Podisus,,maculiventris,"Say, 1831  ","USA: Connecticut, Greenwich",41.02000,-73.62000,O'Donnell & Schaefer 2012,
Podisus,,maculiventris,"Say, 1831  ","USA: Connecticut, Durham",41.48000,-72.68000,O'Donnell & Schaefer 2012,
Podisus,,maculiventris,"Say, 1831  ","USA: Connecticut, Madison",41.29430,-72.57510,O'Donnell & Schaefer 2012,
Podisus,,maculiventris,"Say, 1831  ","USA: Connecticut, Waterbury",41.55000,-73.05000,O'Donnell & Schaefer 2012,
Podisus,,maculiventris,"Say, 1831  ","USA: Connecticut, Hamden",41.39000,-72.89000,O'Donnell & Schaefer 2012,
Podisus,,maculiventris,"Say, 1831  ",USA: Connecticut Stafford,41.98000,-72.28000,O'Donnell & Schaefer 2012,
Podisus,,maculiventris,"Say, 1831  ","USA: Connecticut, Hartford",41.76000,-72.68000,O'Donnell & Schaefer 2012,
Podisus,,maculiventris,"Say, 1831  ","USA: Connecticut, Shelton",41.31000,-73.09000,O'Donnell & Schaefer 2012,
Podisus,,maculiventris,"Say, 1831  ","USA: Connecticut, Norfolk",41.99000,-73.20000,O'Donnell & Schaefer 2012,
Podisus,,maculiventris,"Say, 1831  ","USA: Connecticut, North Branford",41.32000,-72.76000,O'Donnell & Schaefer 2012,
Podisus,,maculiventris,"Say, 1831  ","USA: Connecticut, Canton",41.82000,-72.89000,O'Donnell & Schaefer 2012,
Podisus,,maculiventris,"Say, 1831  ","USA: Connecticut, Storrs",41.80000,-72.24000,O'Donnell & Schaefer 2012,
Podisus,,maculiventris,"Say, 1831  ","USA: Connecticut, Mansfield",41.76000,-72.19000,O'Donnell & Schaefer 2012,
Podisus,,maculiventris,"Say, 1831  ","USA: Connecticut, Coventry",41.77000,-72.30000,O'Donnell & Schaefer 2012,
Podisus,,maculiventris,"Say, 1831  ","USA: Connecticut, Litchfield",41.74000,-73.18000,O'Donnell & Schaefer 2012,
Podisus,,maculiventris,"Say, 1831  ","USA: Connecticut, Stafford",41.98000,-72.28000,O'Donnell & Schaefer 2012,
Podisus,,maculiventris,"Say, 1831  ","USA: Connecticut, Gilead",41.67000,-72.40000,O'Donnell & Schaefer 2012,
Podisus,,maculiventris,"Say, 1831  ","USA: Connecticut, Groton",41.35000,-72.07000,O'Donnell & Schaefer 2012,
Podisus,,maculiventris,"Say, 1831  ","USA: Connecticut, West Hartford",41.76000,-72.74000,O'Donnell & Schaefer 2012,
Podisus,,maculiventris,"Say, 1831  ","USA: Connecticut, Stonington",41.33671,-71.90504,O'Donnell & Schaefer 2012,
Podisus,,maculiventris,"Say, 1831  ","USA: Connecticut, Thomaston",41.67000,-73.07000,O'Donnell & Schaefer 2012,
Podisus,,maculiventris,"Say, 1831  ","USA: Connecticut, Wilton",41.19000,-73.43000,O'Donnell & Schaefer 2012,
Podisus,,maculiventris,"Say, 1831  ",USA: Connecticut Winchester,41.90000,-73.13000,O'Donnell & Schaefer 2012,
Podisus,,maculiventris,"Say, 1831  ","MEXICO: Chihuahua, El Jaguey",27.02000,-105.13000,Ortega León 1997,
Podisus,,maculiventris,"Say, 1831  ","MEXICO: Chihuahua, Casas Grandes",30.41000,-107.91000,Ortega León 1997,
Podisus,,maculiventris,"Say, 1831  ","MEXICO: Nuevo Leon, Monterrey",25.67000,-100.31000,Ortega León 1997,
Podisus,,maculiventris,"Say, 1831  ","MEXICO: Nuevo Leon, Cola de Caballo",25.36000,-100.16000,Ortega León 1997,
Podisus,,maculiventris,"Say, 1831  ",MEXICO: Aguascalientes,21.88000,-102.28000,Ortega León 1997,
Podisus,,maculiventris,"Say, 1831  ",DOMINICAN REPUBLIC: Barahona,18.20000,-71.10000,Perez-Gelabert & Thomas 2005,
Podisus,,maculiventris,"Say, 1831  ",DOMINICAN REPUBLIC: Ocoa,18.54000,-70.50000,Perez-Gelabert & Thomas 2005,
Podisus,,maculiventris,"Say, 1831  ","DOMINICAN REPUBLIC: Barahona, Cortico",18.06000,-71.20000,Perez-Gelabert & Thomas 2005,
Podisus,,maculiventris,"Say, 1831  ","DOMINICAN REPUBLIC: Santiago, Mata Grande",19.20000,-70.96000,Perez-Gelabert & Thomas 2005,
Podisus,,maculiventris,"Say, 1831  ","DOMINICAN REPUBLIC: Pedernales, Sierra de Bahoruco",18.04000,-71.74000,Perez-Gelabert & Thomas 2005,
Podisus,,maculiventris,"Say, 1831  ","DOMINICAN REPUBLIC: La Veja, Bermudez",19.22000,-70.52000,Perez-Gelabert & Thomas 2005,
Podisus,,maculiventris,"Say, 1831  ","DOMINICAN REPUBLIC: La Veja, La Cienega de Manabao",19.06000,-70.85000,Perez-Gelabert & Thomas 2005,
Podisus,,maculiventris,"Say, 1831  ","CANADA: British Columbia, Saanich",48.66000,-123.41000,Phillips 1983,
Podisus,,maculiventris,"Say, 1831  ","CANADA: British Columbia, Victoria",48.43000,-123.35000,Phillips 1983,
Podisus,,maculiventris,"Say, 1831  ",CANADA: Manitoba,55.00000,-97.00000,Phillips 1983,
Podisus,,maculiventris,"Say, 1831  ","CANADA: Nova Scotia, Boisdale",46.10000,-60.49000,Phillips 1983,
Podisus,,maculiventris,"Say, 1831  ","CANADA: Nova Scotia, Kentville",45.07000,-64.49000,Phillips 1983,
Podisus,,maculiventris,"Say, 1831  ","CANADA: Nova Scotia, Kings",45.03000,-64.66000,Phillips 1983,
Podisus,,maculiventris,"Say, 1831  ","CANADA: Ontario, Byron",42.95000,-81.33000,Phillips 1983,
Podisus,,maculiventris,"Say, 1831  ","CANADA: Ontario, Guelph",43.54000,-80.25000,Phillips 1983,
Podisus,,maculiventris,"Say, 1831  ","CANADA: Ontario, Rondeau",42.28000,-81.86000,Phillips 1983,
Podisus,,maculiventris,"Say, 1831  ","CANADA: Ontario, Thessolon",46.25000,-83.56000,Phillips 1983,
Podisus,,maculiventris,"Say, 1831  ","CANADA: Ontario, Toronto",43.70000,-79.41000,Phillips 1983,
Podisus,,maculiventris,"Say, 1831  ","CANADA: Quebec, Charlevoix",47.68000,-70.74000,Phillips 1983,
Podisus,,maculiventris,"Say, 1831  ","CANADA: Quebec, Montreal",45.50000,-73.58000,Phillips 1983,
Podisus,,maculiventris,"Say, 1831  ","CANADA: Quebec, Ormstown",45.11000,-73.99000,Phillips 1983,
Podisus,,maculiventris,"Say, 1831  ","USA: Alabama, Baldwin",30.60000,-87.74000,Phillips 1983,
Podisus,,maculiventris,"Say, 1831  ","USA: Alabama, Colbert",34.70000,-87.80000,Phillips 1983,
Podisus,,maculiventris,"Say, 1831  ","USA: Alabama, Lee",32.60000,-85.35000,Phillips 1983,
Podisus,,maculiventris,"Say, 1831  ","USA: Alabama, Mobile",30.67000,-88.06000,Phillips 1983,
Podisus,,maculiventris,"Say, 1831  ","USA: Arizona, Coconino",35.83000,-111.77000,Phillips 1983,
Podisus,,maculiventris,"Say, 1831  ","USA: Arizona, Manzanita",33.40000,-112.13000,Phillips 1983,
Podisus,,maculiventris,"Say, 1831  ","USA: Arizona, Cochise",31.87000,-109.75000,Phillips 1983,
Podisus,,maculiventris,"Say, 1831  ","USA: Arizona, Douglas",31.34000,-109.54000,Phillips 1983,
Podisus,,maculiventris,"Say, 1831  ","USA: Arizona, Sacaton",33.07000,-111.73000,Phillips 1983,
Podisus,,maculiventris,"Say, 1831  ","USA: Arizona, Greenlee",33.21000,-109.24000,Phillips 1983,
Podisus,,maculiventris,"Say, 1831  ","USA: Arizona, Mohave",35.70000,-113.75000,Phillips 1983,
Podisus,,maculiventris,"Say, 1831  ","USA: Arizona, Navajo",35.39000,-110.32000,Phillips 1983,
Podisus,,maculiventris,"Say, 1831  ","USA: Arizona, Pima",32.09000,-111.78000,Phillips 1983,
Podisus,,maculiventris,"Say, 1831  ","USA: Arizona, Santa Cruz",31.52000,-110.84000,Phillips 1983,
Podisus,,maculiventris,"Say, 1831  ","USA: Arizona, Yavapai",34.59000,-112.55000,Phillips 1983,
Podisus,,maculiventris,"Say, 1831  ","USA: Arkansas, Hot Springs",34.31000,-92.94000,Phillips 1983,
Podisus,,maculiventris,"Say, 1831  ","USA: Arkansas, Malvern",34.36000,-92.81000,Phillips 1983,
Podisus,,maculiventris,"Say, 1831  ","USA: Arkansas, Polk",34.48000,-94.22000,Phillips 1983,
Podisus,,maculiventris,"Say, 1831  ","USA: Arkansas, Randolph",36.34000,-91.02000,Phillips 1983,
Podisus,,maculiventris,"Say, 1831  ","USA: California, Alameda",37.65000,-121.91000,Phillips 1983,
Podisus,,maculiventris,"Say, 1831  ","USA: California, Berkeley",37.87000,-122.27000,Phillips 1983,
Podisus,,maculiventris,"Say, 1831  ","USA: California, Niles",37.57000,-121.97000,Phillips 1983,
Podisus,,maculiventris,"Say, 1831  ","USA: California, Eldorado",38.68000,-120.84000,Phillips 1983,
Podisus,,maculiventris,"Say, 1831  ","USA: California, Humboldt",40.70000,-123.91000,Phillips 1983,
Podisus,,maculiventris,"Say, 1831  ","USA: California, Inyo",36.51000,-117.41000,Phillips 1983,
Podisus,,maculiventris,"Say, 1831  ","USA: California, Lassen",40.67000,-120.59000,Phillips 1983,
Podisus,,maculiventris,"Say, 1831  ","USA: California, Los Angeles",34.05000,-118.24000,Phillips 1983,
Podisus,,maculiventris,"Say, 1831  ","USA: California, Plumas",40.00000,-120.83000,Phillips 1983,
Podisus,,maculiventris,"Say, 1831  ","USA: California, San Diego",32.71000,-117.16000,Phillips 1983,
Podisus,,maculiventris,"Say, 1831  ","USA: California, San Francisco",37.77000,-122.41000,Phillips 1983,
Podisus,,maculiventris,"Say, 1831  ","USA: California, San Joaquin",37.93000,-121.27000,Phillips 1983,
Podisus,,maculiventris,"Say, 1831  ","USA: California, Santa Clara",37.35000,-121.95000,Phillips 1983,
Podisus,,maculiventris,"Say, 1831  ","USA: California, Shasta",40.76000,-122.04000,Phillips 1983,
Podisus,,maculiventris,"Say, 1831  ","USA: Colorado, El Paso",38.83000,-104.52000,Phillips 1983,
Podisus,,maculiventris,"Say, 1831  ","USA: Colorado, Larimer",40.66000,-105.46000,Phillips 1983,
Podisus,,maculiventris,"Say, 1831  ","USA: Delaware, Sussex",38.68000,-75.35000,Phillips 1983,
Podisus,,maculiventris,"Say, 1831  ","USA: Columbia, Rock Creek",38.95000,-77.04000,Phillips 1983,
Podisus,,maculiventris,"Say, 1831  ","USA: Florida, Alachua",29.67000,-82.35000,Phillips 1983,
Podisus,,maculiventris,"Say, 1831  ","USA: Florida, Broward",26.01000,-80.14000,Phillips 1983,
Podisus,,maculiventris,"Say, 1831  ","USA: Florida, Dade",25.85000,-80.27000,Phillips 1983,
Podisus,,maculiventris,"Say, 1831  ","USA: Florida, Palm Beach",26.70931,-80.03760,Phillips 1983,
Podisus,,maculiventris,"Say, 1831  ","USA: Florida, Sarasota",27.33000,-82.53000,Phillips 1983,
Podisus,,maculiventris,"Say, 1831  ","USA: Florida, Taylos",30.01000,-83.61000,Phillips 1983,
Podisus,,maculiventris,"Say, 1831  ","USA: Georgia, Bibb",32.80000,-83.69000,Phillips 1983,
Podisus,,maculiventris,"Say, 1831  ","USA: Georgia, Charlton",30.78000,-82.13000,Phillips 1983,
Podisus,,maculiventris,"Say, 1831  ","USA: Georgia, Clarke",33.95000,-83.36000,Phillips 1983,
Podisus,,maculiventris,"Say, 1831  ","USA: Georgia, Dekalb",33.87000,-84.30000,Phillips 1983,
Podisus,,maculiventris,"Say, 1831  ","USA: Georgia, Hall",34.31000,-83.81000,Phillips 1983,
Podisus,,maculiventris,"Say, 1831  ","USA: Georgia, Lumpkin",34.57000,-84.00000,Phillips 1983,
Podisus,,maculiventris,"Say, 1831  ","USA: Georgia, Dallas",33.92000,-84.84000,Phillips 1983,
Podisus,,maculiventris,"Say, 1831  ","USA: Georgia, Rabun",34.88000,-83.40000,Phillips 1983,
Podisus,,maculiventris,"Say, 1831  ","USA: Georgia, Seminole",30.93000,-84.86000,Phillips 1983,
Podisus,,maculiventris,"Say, 1831  ","USA: Georgia, Tift",31.45000,-83.52000,Phillips 1983,
Podisus,,maculiventris,"Say, 1831  ","USA: Idaho, Nez Perce",46.32000,-116.75000,Phillips 1983,
Podisus,,maculiventris,"Say, 1831  ","USA: Illinois, Adams",39.98000,-91.18000,Phillips 1983,
Podisus,,maculiventris,"Say, 1831  ","USA: Illinois, Champaign",40.11000,-88.24000,Phillips 1983,
Podisus,,maculiventris,"Say, 1831  ","USA: Illinois, Coles",39.52000,-88.22000,Phillips 1983,
Podisus,,maculiventris,"Say, 1831  ","USA: Illinois, Cook",41.85000,-87.65000,Phillips 1983,
Podisus,,maculiventris,"Say, 1831  ","USA: Illinois, Edgar",39.67000,-87.74000,Phillips 1983,
Podisus,,maculiventris,"Say, 1831  ","USA: Illinois, Hardin",37.51000,-88.26000,Phillips 1983,
Podisus,,maculiventris,"Say, 1831  ","USA: Illinois, Henderson",40.81000,-90.92000,Phillips 1983,
Podisus,,maculiventris,"Say, 1831  ","USA: Illinois, Iroquois",40.74000,-87.82000,Phillips 1983,
Podisus,,maculiventris,"Say, 1831  ","USA: Illinois, Peoria",40.69000,-89.58000,Phillips 1983,
Podisus,,maculiventris,"Say, 1831  ","USA: Illinois, Union",37.47000,-89.25000,Phillips 1983,
Podisus,,maculiventris,"Say, 1831  ","USA: Illinois, Wabash",38.44000,-87.84000,Phillips 1983,
Podisus,,maculiventris,"Say, 1831  ","USA: Indiana, Benton",40.60000,-87.31000,Phillips 1983,
Podisus,,maculiventris,"Say, 1831  ","USA: Indiana, Clark",38.47000,-85.70000,Phillips 1983,
Podisus,,maculiventris,"Say, 1831  ","USA: Indiana, Jackson",38.90000,-86.03000,Phillips 1983,
Podisus,,maculiventris,"Say, 1831  ","USA: Indiana, Monroe",39.16000,-86.52000,Phillips 1983,
Podisus,,maculiventris,"Say, 1831  ","USA: Indiana, Newton",40.95000,-87.39000,Phillips 1983,
Podisus,,maculiventris,"Say, 1831  ","USA: Indiana, Posey",32.02000,-87.56000,Phillips 1983,
Podisus,,maculiventris,"Say, 1831  ","USA: Indiana, Vigo",39.43000,-87.38000,Phillips 1983,
Podisus,,maculiventris,"Say, 1831  ","USA: Iowa, Audubon",41.68000,-94.90000,Phillips 1983,
Podisus,,maculiventris,"Say, 1831  ","USA: Iowa, Buchanan",42.47000,-91.83000,Phillips 1983,
Podisus,,maculiventris,"Say, 1831  ","USA: Iowa, Clinton",41.84000,-90.18000,Phillips 1983,
Podisus,,maculiventris,"Say, 1831  ","USA: Iowa, Dallas",41.68000,-94.03000,Phillips 1983,
Podisus,,maculiventris,"Say, 1831  ","USA: Iowa, Jackson",42.17000,-90.57000,Phillips 1983,
Podisus,,maculiventris,"Say, 1831  ","USA: Iowa, Lee",40.64000,-91.47000,Phillips 1983,
Podisus,,maculiventris,"Say, 1831  ","USA: Iowa, Linn",42.07000,-91.59000,Phillips 1983,
Podisus,,maculiventris,"Say, 1831  ","USA: Iowa, Page",40.73000,-95.15000,Phillips 1983,
Podisus,,maculiventris,"Say, 1831  ","USA: Iowa, Okland",41.30000,-95.39000,Phillips 1983,
Podisus,,maculiventris,"Say, 1831  ","USA: Iowa, Story",42.03000,-93.46000,Phillips 1983,
Podisus,,maculiventris,"Say, 1831  ","USA: Iowa, Van Buren",40.75000,-91.94000,Phillips 1983,
Podisus,,maculiventris,"Say, 1831  ","USA: Kansas, Allen",37.88000,-95.30000,Phillips 1983,
Podisus,,maculiventris,"Say, 1831  ","USA: Kansas, Clay",39.34000,-97.16000,Phillips 1983,
Podisus,,maculiventris,"Say, 1831  ","USA: Kansas, Douglas",38.88000,-95.29000,Phillips 1983,
Podisus,,maculiventris,"Say, 1831  ","USA: Kansas, Johnson",38.88000,-94.82000,Phillips 1983,
Podisus,,maculiventris,"Say, 1831  ","USA: Kansas, Lyon",38.45000,-96.15000,Phillips 1983,
Podisus,,maculiventris,"Say, 1831  ","USA: Kansas, Miami",38.56000,-94.83000,Phillips 1983,
Podisus,,maculiventris,"Say, 1831  ","USA: Kansas, Pottawatomie",39.37000,-96.34000,Phillips 1983,
Podisus,,maculiventris,"Say, 1831  ","USA: Kansas, Sheridan",39.35000,-100.44000,Phillips 1983,
Podisus,,maculiventris,"Say, 1831  ","USA: Kansas, Thomas",39.35000,-101.05000,Phillips 1983,
Podisus,,maculiventris,"Say, 1831  ","USA: Kentucky, Caldwell",37.14000,-87.86000,Phillips 1983,
Podisus,,maculiventris,"Say, 1831  ","USA: Kentucky, Christian",36.89000,-87.49000,Phillips 1983,
Podisus,,maculiventris,"Say, 1831  ","USA: Kentucky, Fayette",38.04000,-84.45000,Phillips 1983,
Podisus,,maculiventris,"Say, 1831  ","USA: Kentucky, Jackson",37.41000,-84.00000,Phillips 1983,
Podisus,,maculiventris,"Say, 1831  ","USA: Kentucky, Mason",38.59000,-83.82000,Phillips 1983,
Podisus,,maculiventris,"Say, 1831  ","USA: Kentucky, Scott",38.29000,-84.58000,Phillips 1983,
Podisus,,maculiventris,"Say, 1831  ","USA: Kentucky, Newport",39.09000,-84.49000,Phillips 1983,
Podisus,,maculiventris,"Say, 1831  ","USA: Louisiana, Acadia",30.29000,-92.41000,Phillips 1983,
Podisus,,maculiventris,"Say, 1831  ","USA: Louisiana, Caddo",32.58000,-93.88000,Phillips 1983,
Podisus,,maculiventris,"Say, 1831  ","USA: Louisiana, Cameron",29.84000,-93.19000,Phillips 1983,
Podisus,,maculiventris,"Say, 1831  ","USA: Louisiana, De Soto",32.05000,-93.73000,Phillips 1983,
Podisus,,maculiventris,"Say, 1831  ","USA: Louisiana, Franklin",32.13000,-91.67000,Phillips 1983,
Podisus,,maculiventris,"Say, 1831  ","USA: Louisiana, New Orleans",29.95000,-90.07000,Phillips 1983,
Podisus,,maculiventris,"Say, 1831  ","USA: Louisiana, St Landry",30.59000,-92.00000,Phillips 1983,
Podisus,,maculiventris,"Say, 1831  ","USA: Louisiana, West Feliciana",30.87000,-91.42000,Phillips 1983,
Podisus,,maculiventris,"Say, 1831  ","USA: Maine, Penobscot",45.40000,-68.64000,Phillips 1983,
Podisus,,maculiventris,"Say, 1831  ","USA: Maryland, Baltimore",39.29000,-76.61000,Phillips 1983,
Podisus,,maculiventris,"Say, 1831  ","USA: Maryland, Calvert",38.53000,-76.53000,Phillips 1983,
Podisus,,maculiventris,"Say, 1831  ","USA: Maryland, Caroline",38.87000,-75.83000,Phillips 1983,
Podisus,,maculiventris,"Say, 1831  ","USA: Maryland, Montgomery",39.17000,-77.19000,Phillips 1983,
Podisus,,maculiventris,"Say, 1831  ","USA: Maryland, Prince George",38.82000,-76.84000,Phillips 1983,
Podisus,,maculiventris,"Say, 1831  ","USA: Maryland, Washington",39.60000,-77.81000,Phillips 1983,
Podisus,,maculiventris,"Say, 1831  ","USA: Massachusetts, Barnstable",41.70000,-70.29000,Phillips 1983,
Podisus,,maculiventris,"Say, 1831  ","USA: Massachusetts, Berkshire",42.37000,-73.20000,Phillips 1983,
Podisus,,maculiventris,"Say, 1831  ","USA: Massachusetts, Essex",42.63000,-70.86000,Phillips 1983,
Podisus,,maculiventris,"Say, 1831  ","USA: Massachusetts, Hampden",42.13000,-72.63000,Phillips 1983,
Podisus,,maculiventris,"Say, 1831  ","USA: Massachusetts, Norfolk",42.17000,-71.18000,Phillips 1983,
Podisus,,maculiventris,"Say, 1831  ","USA: Massachusetts, Suffolk",42.35000,-71.06000,Phillips 1983,
Podisus,,maculiventris,"Say, 1831  ","USA: Michigan, Allegan",42.51000,-85.91000,Phillips 1983,
Podisus,,maculiventris,"Say, 1831  ","USA: Michigan, Barry",42.59000,-85.30000,Phillips 1983,
Podisus,,maculiventris,"Say, 1831  ","USA: Michigan, Berrien",41.59000,-86.42000,Phillips 1983,
Podisus,,maculiventris,"Say, 1831  ","USA: Michigan, Cheboygan",45.47000,-84.49000,Phillips 1983,
Podisus,,maculiventris,"Say, 1831  ","USA: Michigan, Delta",45.79000,-86.87000,Phillips 1983,
Podisus,,maculiventris,"Say, 1831  ","USA: Michigan, Eaton",42.59000,-84.83000,Phillips 1983,
Podisus,,maculiventris,"Say, 1831  ","USA: Michigan, Hillsdale",41.88000,-84.59000,Phillips 1983,
Podisus,,maculiventris,"Say, 1831  ","USA: Michigan, Huron",43.91000,-82.85000,Phillips 1983,
Podisus,,maculiventris,"Say, 1831  ","USA: Michigan, Ingham",42.59000,-84.37000,Phillips 1983,
Podisus,,maculiventris,"Say, 1831  ","USA: Michigan, Iosco",44.30000,-83.51000,Phillips 1983,
Podisus,,maculiventris,"Say, 1831  ","USA: Michigan, Jackson",42.24000,-84.42000,Phillips 1983,
Podisus,,maculiventris,"Say, 1831  ","USA: Michigan, Kent",43.03000,-85.54000,Phillips 1983,
Podisus,,maculiventris,"Say, 1831  ","USA: Michigan, Monroe",41.92000,-83.49000,Phillips 1983,
Podisus,,maculiventris,"Say, 1831  ","USA: Michigan, Oceana",43.68000,-86.31000,Phillips 1983,
Podisus,,maculiventris,"Say, 1831  ","USA: Michigan, Roscommon",44.33000,-84.61000,Phillips 1983,
Podisus,,maculiventris,"Say, 1831  ","USA: Michigan, Washtenaw",42.25000,-83.83000,Phillips 1983,
Podisus,,maculiventris,"Say, 1831  ","USA: Mississipi, Grenada",33.76000,-89.80000,Phillips 1983,
Podisus,,maculiventris,"Say, 1831  ","USA: Mississipi, Harrison",30.41000,-89.08000,Phillips 1983,
Podisus,,maculiventris,"Say, 1831  ","USA: Mississipi, Jackson",32.29000,-90.18000,Phillips 1983,
Podisus,,maculiventris,"Say, 1831  ","USA: Mississipi, Sharkey",32.87000,-90.81000,Phillips 1983,
Podisus,,maculiventris,"Say, 1831  ","USA: Missouri, Atchison",40.43000,-95.42000,Phillips 1983,
Podisus,,maculiventris,"Say, 1831  ","USA: Missouri, Bollinger",37.32000,-90.02000,Phillips 1983,
Podisus,,maculiventris,"Say, 1831  ","USA: Missouri, Boone",38.99000,-92.30000,Phillips 1983,
Podisus,,maculiventris,"Say, 1831  ","USA: Missouri, Carter",36.94000,-90.96000,Phillips 1983,
Podisus,,maculiventris,"Say, 1831  ","USA: Missouri, Cliton",39.60000,-94.40000,Phillips 1983,
Podisus,,maculiventris,"Say, 1831  ","USA: Missouri, Howard",39.14000,-92.69000,Phillips 1983,
Podisus,,maculiventris,"Say, 1831  ","USA: Missouri, Jasper",37.20000,-94.34000,Phillips 1983,
Podisus,,maculiventris,"Say, 1831  ","USA: Missouri, Morgan",38.42000,-92.88000,Phillips 1983,
Podisus,,maculiventris,"Say, 1831  ","USA: Missouri, Ralls",39.52000,-91.52000,Phillips 1983,
Podisus,,maculiventris,"Say, 1831  ","USA: Missouri, Verbon",37.85000,-94.34000,Phillips 1983,
Podisus,,maculiventris,"Say, 1831  ","USA: Nebraska, Antelope",42.17000,-98.06000,Phillips 1983,
Podisus,,maculiventris,"Say, 1831  ","USA: Nebraska, Blaine",41.91000,-99.97000,Phillips 1983,
Podisus,,maculiventris,"Say, 1831  ","USA: Nebraska, Buffalo",40.85000,-99.07000,Phillips 1983,
Podisus,,maculiventris,"Say, 1831  ","USA: Nebraska, Cass",40.90000,-96.14000,Phillips 1983,
Podisus,,maculiventris,"Say, 1831  ","USA: Nebraska, Dakota",42.39000,-96.56000,Phillips 1983,
Podisus,,maculiventris,"Say, 1831  ","USA: Nebraska, Dixon",42.49000,-96.86000,Phillips 1983,
Podisus,,maculiventris,"Say, 1831  ","USA: Nebraska, Madison",41.91000,-97.60000,Phillips 1983,
Podisus,,maculiventris,"Say, 1831  ","USA: Nebraska, Richardson",40.12000,-95.71000,Phillips 1983,
Podisus,,maculiventris,"Say, 1831  ","USA: Nebraska, Sioux",42.48000,-103.75000,Phillips 1983,
Podisus,,maculiventris,"Say, 1831  ","USA: Nebraska, York",40.87000,-97.59000,Phillips 1983,
Podisus,,maculiventris,"Say, 1831  ","USA: Nevada, Washoe",40.66000,-119.66000,Phillips 1983,
Podisus,,maculiventris,"Say, 1831  ","USA: New Hampshire, Grafton",43.94000,-71.82000,Phillips 1983,
Podisus,,maculiventris,"Say, 1831  ","USA: New Hampshire, Sullivan",43.36000,-72.22000,Phillips 1983,
Podisus,,maculiventris,"Say, 1831  ","USA: New Jersey, Bergen",40.88000,-74.04000,Phillips 1983,
Podisus,,maculiventris,"Say, 1831  ","USA: New Jersey, Essex",40.87000,-74.28000,Phillips 1983,
Podisus,,maculiventris,"Say, 1831  ","USA: New Jersey, Gloucester",39.71000,-75.14000,Phillips 1983,
Podisus,,maculiventris,"Say, 1831  ","USA: New Jersey, Mercer",40.28000,-74.70000,Phillips 1983,
Podisus,,maculiventris,"Say, 1831  ","USA: New Jersey, Middlesex",40.44000,-74.40000,Phillips 1983,
Podisus,,maculiventris,"Say, 1831  ","USA: New Jersey, Morris",40.86000,-74.54000,Phillips 1983,
Podisus,,maculiventris,"Say, 1831  ","USA: New Jersey, Passaic",40.85000,-74.12000,Phillips 1983,
Podisus,,maculiventris,"Say, 1831  ","USA: New Jersey, Somerset",40.49000,-74.48000,Phillips 1983,
Podisus,,maculiventris,"Say, 1831  ","USA: New Jersey, Union",40.69000,-74.26000,Phillips 1983,
Podisus,,maculiventris,"Say, 1831  ","USA: New Mexico, Dona Ana",32.35000,-106.83000,Phillips 1983,
Podisus,,maculiventris,"Say, 1831  ","USA: New Mexico, Hidalgo",31.91000,-108.71000,Phillips 1983,
Podisus,,maculiventris,"Say, 1831  ","USA: New Mexico, San Miguel",35.48000,-104.81000,Phillips 1983,
Podisus,,maculiventris,"Say, 1831  ","USA: New York, Cayuga",43.01000,-76.57000,Phillips 1983,
Podisus,,maculiventris,"Say, 1831  ","USA: New York, Chautauqua",42.30000,-79.40000,Phillips 1983,
Podisus,,maculiventris,"Say, 1831  ","USA: New York, Erie",42.75000,-78.77000,Phillips 1983,
Podisus,,maculiventris,"Say, 1831  ","USA: New York, Essex",44.11000,-73.77000,Phillips 1983,
Podisus,,maculiventris,"Say, 1831  ","USA: New York, Jefferson",43.99000,-76.05000,Phillips 1983,
Podisus,,maculiventris,"Say, 1831  ","USA: New York, Monroe",43.16000,-77.63000,Phillips 1983,
Podisus,,maculiventris,"Say, 1831  ","USA: New York, Niagara",43.17000,-78.69000,Phillips 1983,
Podisus,,maculiventris,"Say, 1831  ","USA: New York, Rockland",41.15000,-74.02000,Phillips 1983,
Podisus,,maculiventris,"Say, 1831  ","USA: New York, St Lawrence",44.50000,-75.11000,Phillips 1983,
Podisus,,maculiventris,"Say, 1831  ","USA: New York, Suffolk",40.81000,-73.06000,Phillips 1983,
Podisus,,maculiventris,"Say, 1831  ","USA: New York, Tompkins",42.45000,-76.47000,Phillips 1983,
Podisus,,maculiventris,"Say, 1831  ","USA: New York, Yates",42.63000,-77.10000,Phillips 1983,
Podisus,,maculiventris,"Say, 1831  ","USA: North Carolina, Bertie",36.06000,-76.96000,Phillips 1983,
Podisus,,maculiventris,"Say, 1831  ","USA: North Carolina, Burke",35.74000,-81.70000,Phillips 1983,
Podisus,,maculiventris,"Say, 1831  ","USA: North Carolina, Duplin",34.93000,-77.93000,Phillips 1983,
Podisus,,maculiventris,"Say, 1831  ","USA: North Carolina, Greenville",34.85000,-82.39000,Phillips 1983,
Podisus,,maculiventris,"Say, 1831  ","USA: North Carolina, Guilford",36.07000,-79.78000,Phillips 1983,
Podisus,,maculiventris,"Say, 1831  ","USA: North Carolina, Macon",35.15000,-83.42000,Phillips 1983,
Podisus,,maculiventris,"Say, 1831  ","USA: North Carolina, Otto",35.06000,-83.38000,Phillips 1983,
Podisus,,maculiventris,"Say, 1831  ","USA: North Carolina, Moore",35.31000,-79.48000,Phillips 1983,
Podisus,,maculiventris,"Say, 1831  ","USA: North Carolina, Scotland",34.84000,-79.48000,Phillips 1983,
Podisus,,maculiventris,"Say, 1831  ","USA: North Carolina, Wake",35.79000,-78.65000,Phillips 1983,
Podisus,,maculiventris,"Say, 1831  ","USA: North Dakota, Grand Forks",47.91000,-97.03000,Phillips 1983,
Podisus,,maculiventris,"Say, 1831  ","USA: Ohio, Ashtabula",41.89000,-80.75000,Phillips 1983,
Podisus,,maculiventris,"Say, 1831  ","USA: Ohio, Athens",39.33000,-82.04000,Phillips 1983,
Podisus,,maculiventris,"Say, 1831  ","USA: Ohio, Butler",39.43000,-84.57000,Phillips 1983,
Podisus,,maculiventris,"Say, 1831  ","USA: Ohio, Darke",40.13000,-84.61000,Phillips 1983,
Podisus,,maculiventris,"Say, 1831  ","USA: Ohio, Fairfield",39.75000,-82.63000,Phillips 1983,
Podisus,,maculiventris,"Say, 1831  ","USA: Ohio, Franklin",39.96000,-83.00000,Phillips 1983,
Podisus,,maculiventris,"Say, 1831  ","USA: Ohio, Fulton",41.60000,-84.13000,Phillips 1983,
Podisus,,maculiventris,"Say, 1831  ","USA: Ohio, Lorain",41.45000,-82.18000,Phillips 1983,
Podisus,,maculiventris,"Say, 1831  ","USA: Ohio, Miami",40.05000,-84.22000,Phillips 1983,
Podisus,,maculiventris,"Say, 1831  ","USA: Ohio, Ottawa",41.49000,-82.94000,Phillips 1983,
Podisus,,maculiventris,"Say, 1831  ","USA: Ohio, Portage",41.16000,-81.19000,Phillips 1983,
Podisus,,maculiventris,"Say, 1831  ","USA: Ohio, Stark",40.81000,-81.36000,Phillips 1983,
Podisus,,maculiventris,"Say, 1831  ","USA: Ohio, Washington",39.45000,-81.49000,Phillips 1983,
Podisus,,maculiventris,"Say, 1831  ","USA: Oklahoma, Carter",34.25000,-97.28000,Phillips 1983,
Podisus,,maculiventris,"Say, 1831  ","USA: Oklahoma, CLEV",35.20000,-97.32000,Phillips 1983,
Podisus,,maculiventris,"Say, 1831  ","USA: Oklahoma, Delaware",36.40000,-94.80000,Phillips 1983,
Podisus,,maculiventris,"Say, 1831  ","USA: Oklahoma, Jackson",34.58000,-99.41000,Phillips 1983,
Podisus,,maculiventris,"Say, 1831  ","USA: Oklahoma, Latimer",34.87000,-95.25000,Phillips 1983,
Podisus,,maculiventris,"Say, 1831  ","USA: Oklahoma, Lincoln",35.70000,-96.88000,Phillips 1983,
Podisus,,maculiventris,"Say, 1831  ","USA: Oklahoma, Logan",35.91000,-97.44000,Phillips 1983,
Podisus,,maculiventris,"Say, 1831  ","USA: Oklahoma, Noble",36.38000,-97.23000,Phillips 1983,
Podisus,,maculiventris,"Say, 1831  ","USA: Oklahoma, Nowata",36.79000,-95.61000,Phillips 1983,
Podisus,,maculiventris,"Say, 1831  ","USA: Oklahoma, Payne",36.07000,-96.97000,Phillips 1983,
Podisus,,maculiventris,"Say, 1831  ","USA: Oklahoma, Pushmataha",34.41000,-95.37000,Phillips 1983,
Podisus,,maculiventris,"Say, 1831  ","USA: Oregon, Benton",44.49000,-123.42000,Phillips 1983,
Podisus,,maculiventris,"Say, 1831  ","USA: Oregon, Coos",43.18000,-124.09000,Phillips 1983,
Podisus,,maculiventris,"Say, 1831  ","USA: Oregon, Curry",42.46000,-124.21000,Phillips 1983,
Podisus,,maculiventris,"Say, 1831  ","USA: Oregon, Deschutes",43.91000,-121.22000,Phillips 1983,
Podisus,,maculiventris,"Say, 1831  ","USA: Oregon, Jackson",42.43000,-122.72000,Phillips 1983,
Podisus,,maculiventris,"Say, 1831  ","USA: Oregon, Marion",44.90000,-122.58000,Phillips 1983,
Podisus,,maculiventris,"Say, 1831  ","USA: Oregon, Portland",45.52000,-122.67000,Phillips 1983,
Podisus,,maculiventris,"Say, 1831  ","USA: Oregon, Tillamook",45.45000,-123.75000,Phillips 1983,
Podisus,,maculiventris,"Say, 1831  ","USA: Oregon, Washington",45.56000,-123.09000,Phillips 1983,
Podisus,,maculiventris,"Say, 1831  ","USA: Pennsylvania, Allegheny",40.46000,-79.98000,Phillips 1983,
Podisus,,maculiventris,"Say, 1831  ","USA: Pennsylvania, Pittsburgh",40.44000,-79.99000,Phillips 1983,
Podisus,,maculiventris,"Say, 1831  ","USA: Pennsylvania, Bedford",40.00000,-78.49000,Phillips 1983,
Podisus,,maculiventris,"Say, 1831  ","USA: Pennsylvania, Bradford",41.78000,-76.51000,Phillips 1983,
Podisus,,maculiventris,"Say, 1831  ","USA: Pennsylvania, Centre",40.91000,-77.81000,Phillips 1983,
Podisus,,maculiventris,"Say, 1831  ","USA: Pennsylvania, Cumberland",40.16000,-77.26000,Phillips 1983,
Podisus,,maculiventris,"Say, 1831  ","USA: Pennsylvania, Dauphin",40.41000,-76.77000,Phillips 1983,
Podisus,,maculiventris,"Say, 1831  ","USA: Pennsylvania, Fayette",39.91000,-76.64000,Phillips 1983,
Podisus,,maculiventris,"Say, 1831  ","USA: Pennsylvania, Mercer",41.30000,-80.25000,Phillips 1983,
Podisus,,maculiventris,"Say, 1831  ","USA: Pennsylvania, Philadelphia",39.95000,-75.16000,Phillips 1983,
Podisus,,maculiventris,"Say, 1831  ","USA: Pennsylvania, Washington",40.71000,-80.24000,Phillips 1983,
Podisus,,maculiventris,"Say, 1831  ","USA: Pennsylvania, Westmoreland",40.31000,-79.46000,Phillips 1983,
Podisus,,maculiventris,"Say, 1831  ","USA: South Carolina, Barnwell",33.26000,-81.43000,Phillips 1983,
Podisus,,maculiventris,"Say, 1831  ","USA: South Carolina, Charleston",32.74000,-79.94000,Phillips 1983,
Podisus,,maculiventris,"Say, 1831  ","USA: South Carolina, Pickens",34.88000,-82.72000,Phillips 1983,
Podisus,,maculiventris,"Say, 1831  ","USA: South Dakota, Bennett",43.19000,-101.66000,Phillips 1983,
Podisus,,maculiventris,"Say, 1831  ","USA: South Dakota, Brookings",44.36000,-96.79000,Phillips 1983,
Podisus,,maculiventris,"Say, 1831  ","USA: Tennessee, Blount",35.68000,-83.92000,Phillips 1983,
Podisus,,maculiventris,"Say, 1831  ","USA: Tennessee, Carter",36.29000,-82.12000,Phillips 1983,
Podisus,,maculiventris,"Say, 1831  ","USA: Tennessee, Henderson",35.65000,-88.37000,Phillips 1983,
Podisus,,maculiventris,"Say, 1831  ","USA: Tennessee, Knox",35.99000,-83.93000,Phillips 1983,
Podisus,,maculiventris,"Say, 1831  ","USA: Tennessee,  Sevier",35.86000,-83.56000,Phillips 1983,
Podisus,,maculiventris,"Say, 1831  ","USA: Texas, Bell",31.03000,-97.47000,Phillips 1983,
Podisus,,maculiventris,"Say, 1831  ","USA: Texas, Brazo",30.65000,-96.34000,Phillips 1983,
Podisus,,maculiventris,"Say, 1831  ","USA: Texas, Erath",32.23000,-98.21000,Phillips 1983,
Podisus,,maculiventris,"Say, 1831  ","USA: Texas, Galveston",29.30000,-94.79000,Phillips 1983,
Podisus,,maculiventris,"Say, 1831  ","USA: Texas, Kaufman",32.59000,-96.28000,Phillips 1983,
Podisus,,maculiventris,"Say, 1831  ","USA: Texas, Lubbock",33.61000,-101.82000,Phillips 1983,
Podisus,,maculiventris,"Say, 1831  ","USA: Texas, McLennan",31.55000,-97.20000,Phillips 1983,
Podisus,,maculiventris,"Say, 1831  ","USA: Texas, Travis",30.33000,-97.78000,Phillips 1983,
Podisus,,maculiventris,"Say, 1831  ","USA: Texas, Uvalde",29.20000,-99.78000,Phillips 1983,
Podisus,,maculiventris,"Say, 1831  ","USA: Texas, Williamson",30.64000,-97.60000,Phillips 1983,
Podisus,,maculiventris,"Say, 1831  ","USA: Utah, Washington",37.28000,-113.50000,Phillips 1983,
Podisus,,maculiventris,"Say, 1831  ","USA: Vermont, Franklin",44.85000,-72.91000,Phillips 1983,
Podisus,,maculiventris,"Say, 1831  ","USA: Vermont, Lamoille",44.60000,-72.64000,Phillips 1983,
Podisus,,maculiventris,"Say, 1831  ","USA: Vermont, Orleans",44.82000,-72.24000,Phillips 1983,
Podisus,,maculiventris,"Say, 1831  ","USA: Virginia, Albemarle",38.02000,-78.55000,Phillips 1983,
Podisus,,maculiventris,"Say, 1831  ","USA: Virginia, Charlotte",37.01000,-78.66000,Phillips 1983,
Podisus,,maculiventris,"Say, 1831  ","USA: Virginia, Giles",37.31000,-80.70000,Phillips 1983,
Podisus,,maculiventris,"Say, 1831  ","USA: Virginia, Grayson",36.65000,-81.22000,Phillips 1983,
Podisus,,maculiventris,"Say, 1831  ","USA: Virginia, Montgomery",37.17000,-80.38000,Phillips 1983,
Podisus,,maculiventris,"Say, 1831  ","USA: Virginia, Rockbridge",37.81000,-79.44000,Phillips 1983,
Podisus,,maculiventris,"Say, 1831  ","USA: Virginia, Shenandoah",38.85000,-78.57000,Phillips 1983,
Podisus,,maculiventris,"Say, 1831  ","USA: Washington, Cowlitz",46.19000,-122.68000,Phillips 1983,
Podisus,,maculiventris,"Say, 1831  ","USA: Washington, Franklin",46.53000,-118.89000,Phillips 1983,
Podisus,,maculiventris,"Say, 1831  ","USA: Washington, Pacific",47.50000,-120.50000,Phillips 1983,
Podisus,,maculiventris,"Say, 1831  ","USA: Washington, Pierce",47.03000,-122.13000,Phillips 1983,
Podisus,,maculiventris,"Say, 1831  ","USA: West Virgnia, Barbour",39.13000,-80.00000,Phillips 1983,
Podisus,,maculiventris,"Say, 1831  ","USA: West Virgnia, Harrison",39.28000,-80.37000,Phillips 1983,
Podisus,,maculiventris,"Say, 1831  ","USA: West Virgnia, Lewis",38.99000,-80.50000,Phillips 1983,
Podisus,,maculiventris,"Say, 1831  ","USA: West Virgnia, Morgan",39.56000,-78.25000,Phillips 1983,
Podisus,,maculiventris,"Say, 1831  ","USA: West Virgnia, Ritchie",39.17000,-81.06000,Phillips 1983,
Podisus,,maculiventris,"Say, 1831  ","USA: Wisconsin, Crawford",43.23000,-90.93000,Phillips 1983,
Podisus,,maculiventris,"Say, 1831  ","USA: Wisconsin, Dane",43.06000,-89.41000,Phillips 1983,
Podisus,,maculiventris,"Say, 1831  ","USA: Wisconsin, Juneau",43.92000,-90.11000,Phillips 1983,
Podisus,,maculiventris,"Say, 1831  ","USA: Wisconsin, Milwaukee",43.03000,-87.90000,Phillips 1983,
Podisus,,maculiventris,"Say, 1831  ","USA: Wisconsin, Racine",42.72000,-87.81000,Phillips 1983,
Podisus,,maculiventris,"Say, 1831  ","USA: Wisconsin, Rush",43.92000,-88.80000,Phillips 1983,
Podisus,,maculiventris,"Say, 1831  ","USA: Wisconsin, Sauk",43.42000,-89.94000,Phillips 1983,
Podisus,,maculiventris,"Say, 1831  ","USA: Wisconsin, Trempealeau",44.30000,-91.35000,Phillips 1983,
Podisus,,maculiventris,"Say, 1831  ","USA: Wisconsin, Waupaca",44.47000,-88.96000,Phillips 1983,
Podisus,,maculiventris,"Say, 1831  ","USA: Wisconsin, Waushara",44.11000,-89.24000,Phillips 1983,
Podisus,,maculiventris,"Say, 1831  ","USA: North Dakota, Billings",47.02000,-103.37000,Rider 2012,
Podisus,,maculiventris,"Say, 1831  ","USA: North Dakota, Cass",46.93000,-97.24000,Rider 2012,
Podisus,,maculiventris,"Say, 1831  ","USA: North Dakota, Grand Forks",47.92000,-97.45000,Rider 2012,
Podisus,,maculiventris,"Say, 1831  ","USA: North Dakota, Ransom",46.45000,-97.65000,Rider 2012,
Podisus,,maculiventris,"Say, 1831  ","USA: North Dakota, Richland",46.26000,-96.94000,Rider 2012,
Podisus,,maculiventris,"Say, 1831  ","USA: North Dakota, Ward",48.22000,-101.54000,Rider 2012,
Podisus,,maculiventris,"Say, 1831  ","USA: Missouri, St Louis",38.62000,-90.19000,Sites et al 2012,
Podisus,,maculiventris,"Say, 1831  ","USA: Washington, Wenatchee",47.42000,-120.31000,Zack 2012,
Podisus,,maculiventris,"Say, 1831  ","USA: Washington, Puyallup",47.18000,-122.29000,Zack 2012,
Podisus,,maculiventris,"Say, 1831  ","USA: Washington, Pullman",46.73000,-117.17000,Zack 2012,
Podisus,,maculiventris,"Say, 1831  ",USA: Minnesota,46.25000,-94.25000,Pezzini et al 2018,
Podisus,,maculiventris,"Say, 1831  ","USA: Georgia, Tift County, UGA Ponder Farm, near Tifton. ",31.50000,-83.72000,FSCA,
Podisus,,maculiventris,"Say, 1831  ","USA: Minnesota, Pipestone County, near Holland. Soybean Row foot.",44.13000,-96.30000,UMSP,
Podisus,,maculiventris,"Say, 1831  ","USA: Minnesota, Jackson County, Jackson. Soybean Row foot.",43.61000,-94.89000,UMSP,
Podisus,,maculiventris,"Say, 1831  ","USA: Minnesota, Cook County, Caribou Creek",47.70000,-90.69000,UMSP,
Podisus,,maculiventris,"Say, 1831  ","USA: Minnesota, Rice County, Faribault. ",44.29000,-93.26000,UMSP,
Podisus,,maculiventris,"Say, 1831  ","USA: Minnesota, Steele County, Medford.",44.17000,-93.24000,UMSP,
Podisus,,maculiventris,"Say, 1831  ","USA: Kansas, Allen County, Iola.",37.92000,-95.39000,UMSP,
Podisus,,maculiventris,"Say, 1831  ","USA: Wisconsin, Milwaukee County",43.03000,-87.90000,MCPM,
Podisus,,maculiventris,"Say, 1831  ","USA: Wisconsin, Milwaukee County.",43.03000,-87.90000,MCPM,
Podisus,,maculiventris,"Say, 1831  ","USA: Wisconsin, Milwaukee County.",43.03000,-87.90000,MCPM,
Podisus,,maculiventris,"Say, 1831  ","USA: Wisconsin, Milwaukee County. ",43.03000,-87.90000,MCPM,
Podisus,,maculiventris,"Say, 1831  ","USA: Illinois, Lake County, beach. ",42.36000,-87.84000,MCPM,
Podisus,,maculiventris,"Say, 1831  ","USA: Wisconsin, Milwaukee County, West Alli, Johnson's Woods",43.02000,-87.99000,MCPM,
Podisus,,maculiventris,"Say, 1831  ","USA: Nebraska, Saline County, Crete.",40.62000,-96.96000,MCPM,
Podisus,,maculiventris,"Say, 1831  ","USA: Illinois, Lake County, beach.",42.36000,-87.84000,MCPM,
Podisus,,maculiventris,"Say, 1831  ","USA: Illinois, Lake County, beach. ",42.36000,-87.84000,MCPM,
Podisus,,maculiventris,"Say, 1831  ","USA: Nebraska, Saline County, Crete",40.62000,-96.96000,MCPM,
Podisus,,maculiventris,"Say, 1831  ","USA: Wisconsin, Milwaukee County. Before",43.03000,-87.90000,MCPM,
Podisus,,maculiventris,"Say, 1831  ","USA: Nebraska, Saline County, Crete.",40.62000,-96.96000,MCPM,
Podisus,,maculiventris,"Say, 1831  ","USA: Wisconsin, Milwaukee County. Before",43.03000,-87.90000,MCPM,
Podisus,,maculiventris,"Say, 1831  ","USA: Illinois, Lake County, beach.",42.36000,-87.84000,MCPM,
Podisus,,maculiventris,"Say, 1831  ","USA: Illinois, Lake County, beach. ",42.36000,-87.84000,MCPM,
Podisus,,maculiventris,"Say, 1831  ","USA: Illinois, Lake County, beach. ",42.36000,-87.84000,MCPM,
Podisus,,maculiventris,"Say, 1831  ","USA: Wisconsin, Milwaukee County.",43.03000,-87.90000,MCPM,
Podisus,,maculiventris,"Say, 1831  ","USA: Wisconsin, Winnebago County, Oshkosh, on celery",44.02000,-88.54000,MCPM,
Podisus,,maculiventris,"Say, 1831  ","USA: Wisconsin, Winnebago County, Oshkosh, on solidago",44.02000,-88.54000,MCPM,
Podisus,,maculiventris,"Say, 1831  ","USA: Wisconsin, Winnebago County, Oshkosh, on solidago",44.02000,-88.54000,MCPM,
Podisus,,maculiventris,"Say, 1831  ","CUBA: Santiago de Cuba prov., Daiquiri.",19.93000,-75.64000,NMPC,
Podisus,,mexicanus,"Distant, 1880",MEXICO: Oaxaca,17.06000,-96.72000,Ortega León 1997,
Podisus,,mexicanus,"Distant, 1880","MEXICO: Nuevo Leon, Linares",24.85000,-99.56000,Ortega León 1997,
Podisus,,mexicanus,"Distant, 1880","MEXICO: Veracruz, Catemarco",19.33000,-96.66000,Ortega León 1997,
Podisus,,mexicanus,"Distant, 1880","MEXICO: Veracruz, Naolinco de Victoria",19.65000,-96.87000,Ortega León 1997,
Podisus,,mexicanus,"Distant, 1880","MEXICO: Veracruz, Fortin de las Flores",18.90000,-97.00000,Ortega León 1997,
Podisus,,mexicanus,"Distant, 1880","MEXICO: Morelos, Tetela del Volcan",18.87000,-98.71000,Ortega León 1997,
Podisus,,mexicanus,"Distant, 1880","MEXICO: Tlaxcala, Amasac de Guerreto",19.36000,-98.18000,Ortega León 1997,
Podisus,,mexicanus,"Distant, 1880","MEXICO: Chiapas, Escuintla",15.33000,-92.63000,Ortega León 1997,
Podisus,,mucronatus,"Uhler, 1897","DOMINICAN REPUBLIC: Montecristi, Playa Buen Hombre",19.85000,-71.37000,Perez-Gelabert & Thomas 2005,
Podisus,,mucronatus,"Uhler, 1897","DOMINICAN REPUBLIC: Azua, Biyeya",18.46000,-70.74000,Perez-Gelabert & Thomas 2005,
Podisus,,mucronatus,"Uhler, 1897","DOMINICAN REPUBLIC: Pedernales, Cabo Rojo",17.90000,-71.63000,Perez-Gelabert & Thomas 2005,
Podisus,,mucronatus,"Uhler, 1897",CUBA: Baragua,21.68000,-78.62000,Phillips 1983,
Podisus,,mucronatus,"Uhler, 1897",CUBA: Santiago de las Vegas,22.96000,-82.38000,Phillips 1983,
Podisus,,mucronatus,"Uhler, 1897","CUBA: Trinidad, Las Vehas",21.80000,-79.98000,Phillips 1983,
Podisus,,mucronatus,"Uhler, 1897","USA: Florida, Alachua",29.67000,-82.35000,Phillips 1983,
Podisus,,mucronatus,"Uhler, 1897","USA: Florida, Brevard",28.26000,-80.72000,Phillips 1983,
Podisus,,mucronatus,"Uhler, 1897","USA: Florida, Hallendale",25.98000,-80.14000,Phillips 1983,
Podisus,,mucronatus,"Uhler, 1897","USA: Florida, Charlotte",36.89000,-81.95000,Phillips 1983,
Podisus,,mucronatus,"Uhler, 1897","USA: Florida, Collier",26.09000,-81.38000,Phillips 1983,
Podisus,,mucronatus,"Uhler, 1897","USA: Florida, Dade",25.85000,-80.27000,Phillips 1983,
Podisus,,mucronatus,"Uhler, 1897","USA: Florida, Hendry",26.55000,-81.16000,Phillips 1983,
Podisus,,mucronatus,"Uhler, 1897","USA: Florida, Highlands",27.34000,-81.34000,Phillips 1983,
Podisus,,mucronatus,"Uhler, 1897","USA: Florida, Indian River",27.69000,-80.57000,Phillips 1983,
Podisus,,mucronatus,"Uhler, 1897","USA: Florida, Lee",26.62000,-81.84000,Phillips 1983,
Podisus,,mucronatus,"Uhler, 1897","USA: Florida, Manatee",27.47000,-82.35000,Phillips 1983,
Podisus,,mucronatus,"Uhler, 1897","USA: Florida, Monroe",25.55000,-80.91000,Phillips 1983,
Podisus,,mucronatus,"Uhler, 1897","USA: Florida, Okeechobee",27.38000,-80.88000,Phillips 1983,
Podisus,,mucronatus,"Uhler, 1897","USA: Florida, Orange",28.51000,-81.32000,Phillips 1983,
Podisus,,mucronatus,"Uhler, 1897","USA: Florida, Osceola",28.06000,-81.14000,Phillips 1983,
Podisus,,mucronatus,"Uhler, 1897","USA: Florida, Palm Beach",26.70761,-80.03816,Phillips 1983,
Podisus,,mucronatus,"Uhler, 1897","USA: Florida, Pahokee",26.82000,-80.66000,Phillips 1983,
Podisus,,mucronatus,"Uhler, 1897","USA: Florida, Pinellas",27.90000,-82.73000,Phillips 1983,
Podisus,,mucronatus,"Uhler, 1897","USA: Florida, Polk",27.94000,-81.69000,Phillips 1983,
Podisus,,mucronatus,"Uhler, 1897","USA: Florida, Seminole",28.71000,-81.23000,Phillips 1983,
Podisus,,mucronatus,"Uhler, 1897","USA: Florida, Volusia",29.06000,-81.14000,Phillips 1983,
Podisus,,mucronatus,"Uhler, 1897","USA: Florida, Cape Sable",25.27000,-81.12000,Phillips 1983,
Podisus,,mucronatus,"Uhler, 1897","USA: Florida, Princeton",25.53000,-80.40000,Phillips 1983,
Podisus,,mucronatus,"Uhler, 1897","USA: Florida, Palm Beach County, Boca Raton Field.",26.37000,-80.09000,UMSP,
Podisus,,mucronatus,"Uhler, 1897","CUBA: Santiago de Cuba prov., Daiquiri.",19.93000,-75.64000,NMPC,
Podisus,,mucronatus,"Uhler, 1897","CUBA: Santiago de Cuba prov., Daiquiri",19.93000,-75.64000,NMPC,
Podisus,,neglectus,"Westwood, 1837","USA: Michigan, Houghton",46.99000,-88.65000,Swanson 2012,
Podisus,,neglectus,"Westwood, 1837","USA: Michigan, Ottawa",43.00000,-86.17000,Swanson 2012,
Podisus,,nigrispinus,"Dallas, 1851",ARGENTINA:  Buenos Aires,-34.61000,-58.37000,Dellape et al 2003,
Podisus,,nigrispinus,"Dallas, 1851","ARGENTINA:  Buenos Aires, La Plata",-34.92000,-57.95000,Dellape et al 2003,
Podisus,,nigrispinus,"Dallas, 1851","ARGENTINA:  Buenos Aires, Veronica",-35.38000,-57.33000,Dellape et al 2003,
Podisus,,nigrispinus,"Dallas, 1851","ARGENTINA:  Corrientes, Apóstoles",-27.91000,-55.75000,Dellape et al 2003,
Podisus,,nigrispinus,"Dallas, 1851","ARGENTINA:  Corrientes, Bella Vista",-28.50000,-58.83000,Dellape et al 2003,
Podisus,,nigrispinus,"Dallas, 1851","ARGENTINA:  Corrientes, Limpio",-27.85000,-58.38000,Dellape et al 2003,
Podisus,,nigrispinus,"Dallas, 1851","ARGENTINA:  Corrientes, Goya",-29.13000,-59.26000,Dellape et al 2003,
Podisus,,nigrispinus,"Dallas, 1851","ARGENTINA:  Corrientes, San Roque",-28.66000,-58.75000,Dellape et al 2003,
Podisus,,nigrispinus,"Dallas, 1851","ARGENTINA:  Chaco, Vilelas",-27.51000,-58.93000,Dellape et al 2003,
Podisus,,nigrispinus,"Dallas, 1851","ARGENTINA:  Jujuy, Torre",-23.11000,-66.08000,Dellape et al 2003,
Podisus,,nigrispinus,"Dallas, 1851","ARGENTINA:  Mendoza, Lujan de Cuyo",-33.00000,-69.33000,Dellape et al 2003,
Podisus,,nigrispinus,"Dallas, 1851","ARGENTINA:  Misiones, El Dorado",-26.40000,-54.58000,Dellape et al 2003,
Podisus,,nigrispinus,"Dallas, 1851","ARGENTINA:  Misiones, Iguazú",-25.59000,-54.57000,Dellape et al 2003,
Podisus,,nigrispinus,"Dallas, 1851","ARGENTINA:  Salta, Rosario de la Frontera",-25.91000,-64.83000,Dellape et al 2003,
Podisus,,nigrispinus,"Dallas, 1851","ARGENTINA:  Salta, San Lorenzo",-24.73000,-65.48000,Dellape et al 2003,
Podisus,,nigrispinus,"Dallas, 1851","ARGENTINA:  Santiago del Estero, Fernandez",-27.92000,-63.89000,Dellape et al 2003,
Podisus,,nigrispinus,"Dallas, 1851",ARGENTINA:  Tucuman,-26.82000,-65.22000,Dellape et al 2003,
Podisus,,nigrispinus,"Dallas, 1851","BOLIVIA:  La Paz, Caranavi",-15.83000,-67.56000,Dellape et al 2003,
Podisus,,nigrispinus,"Dallas, 1851","BOLIVIA:  La Paz, Coripata",-16.30000,-67.60000,Dellape et al 2003,
Podisus,,nigrispinus,"Dallas, 1851",BRAZIL: Mato Grosso,-13.00000,-56.00000,Dellape et al 2003,
Podisus,,nigrispinus,"Dallas, 1851","PARAGUAY:  Central, Villa Elisa",-25.36000,-57.59000,Dellape et al 2003,
Podisus,,nigrispinus,"Dallas, 1851",URUGUAY: Banda Oriental,-33.00000,-56.00000,Dellape et al 2003,
Podisus,,nigrispinus,"Dallas, 1851","URUGUAY: Montevideo, Colon",-34.80000,-56.23000,Dellape et al 2003,
Podisus,,nigrispinus,"Dallas, 1851",FRENCH GUIANA: Kourou,5.16000,-52.64000,Lupoli 2019,
Podisus,,nigrispinus,"Dallas, 1851",FRENCH GUIANA: Mana,5.48000,-53.55000,Lupoli 2019,
Podisus,,nigrispinus,"Dallas, 1851","ARGENTINA:  Misiones, Iguazú National Park",-25.70000,-54.24000,Melo et al 2017,
Podisus,,nigrispinus,"Dallas, 1851","BRAZIL: Rio Grande do Sul, Derrubadas",-27.25000,-53.88000,Barão et al 2013,
Podisus,,nigrispinus,"Dallas, 1851","VENEZUELA:  Zulia, Kasmera",9.94000,-72.75000,Barão et al 2013,
Podisus,,nigrispinus,"Dallas, 1851","BRAZIL: Rio Grande do Sul, Maquiné",-29.54000,-50.25000,Matesco et al 2014,
Podisus,,nigrispinus,"Dallas, 1851","BRAZIL: Santa Catarina, Balneário Morro dos Conventos",-28.68000,-49.38000,Campos et al 2009,
Podisus,,nigrispinus,"Dallas, 1851","BRAZIL: Santa Catarina, Parque Ecológico de Maracajá",-28.85000,-49.46000,Campos et al 2009,
Podisus,,nigrispinus,"Dallas, 1851","BRAZIL: Parana, Londrina",-23.31000,-51.16000,Grande & Rando 2018,
Podisus,,nigrispinus,"Dallas, 1851","BRAZIL: Rio Grande do Sul, São Sepé",-30.15000,-53.60000,Magistralli et al 2014,
Podisus,,nigrispinus,"Dallas, 1851","BRAZIL: Piauí, Teresina",-5.08000,-42.80000,Sousa et al 2016,
Podisus,,nigrispinus,"Dallas, 1851","BRAZIL: Minas Gerais, Caoté",-19.87000,-43.65000,Zanuncio et al 2009,
Podisus,,nigrispinus,"Dallas, 1851","BRAZIL: Paraná, Ponta Grossa.",-25.09000,-50.16000,INHS,
Podisus,,nigrispinus,"Dallas, 1851","BRAZIL: Paraná, Ponta Grossa. ",-25.09000,-50.16000,INHS,
Podisus,,nigrispinus,"Dallas, 1851","BRAZIL: Paraná, Ponta Grossa. ",-25.09000,-50.16000,INHS,
Podisus,,nigriventris,"Distant, 1880",HONDURAN: Olancho,14.91000,-86.38000,Arismendi & Thomas 2003,
Podisus,,nigriventris,"Distant, 1880","MEXICO: Veracruz, Orizaba",18.85000,-97.09000,Ortega León 1997,
Podisus,,nigriventris,"Distant, 1880","MEXICO: Veracruz, Naolinco de Victoria",19.65000,-96.87000,Ortega León 1997,
Podisus,,nigriventris,"Distant, 1880",MEXICO: Fortin de Las Flores,18.90000,-97.00000,Ortega León 1997,
Podisus,,nigriventris,"Distant, 1880","MEXICO: Chiapas, Escuintla",15.33000,-92.63000,Ortega León 1997,
Podisus,,nigriventris,"Distant, 1880","MEXICO: Morelos, Tetela del Volcan",18.87000,-98.71000,Ortega León 1997,
Podisus,,nigriventris,"Distant, 1880","MEXICO: Tlaxcala, Amasac de Guerrero",19.36000,-98.18000,Ortega León 1997,
Podisus,,nigriventris,"Distant, 1880",MEXICO: Nuevo Leon,24.85000,-99.56000,Ortega León 1997,
Podisus,,nigriventris,"Distant, 1880","COSTA RICA: Puntarenas, Zona Protectora Las Tablas, Río Cotón, Sitio Cotón. Alt: 1460m.1989-IV-15. Holzenthal and Blahnik.",8.94000,-82.78000,UMSP,
Podisus,,nigriventris,"Distant, 1880",GUATEMALA: Sán Geronimo,15.06515,-90.18997,Roell et al 2023,
Podisus,,pallipes,"Dallas, 1851","VENEZUELA:  Aragua, Maracay, 413 CENIAP.",10.27000,-67.60000,UMSP,
Podisus,,placidus,"Uhler, 1870","USA: New Mexico, Dõna Ana",32.35000,-106.83000,Bundy 2012,
Podisus,,placidus,"Uhler, 1870","USA: New Mexico, Roosevelt",34.02000,-103.48000,Bundy 2012,
Podisus,,placidus,"Uhler, 1870","USA: Minnesota, Anoka",45.27000,-93.24000,Koch et al 2014,
Podisus,,placidus,"Uhler, 1870","USA: Minnesota, Carlton",46.59000,-92.67000,Koch et al 2014,
Podisus,,placidus,"Uhler, 1870","USA: Minnesota, Cass",46.94000,-94.32000,Koch et al 2014,
Podisus,,placidus,"Uhler, 1870","USA: Minnesota, Clearwater",47.57000,-95.37000,Koch et al 2014,
Podisus,,placidus,"Uhler, 1870","USA: Minnesota, Crown Wing",46.48000,-94.07000,Koch et al 2014,
Podisus,,placidus,"Uhler, 1870","USA: Minnesota, Hennepin",45.00000,-93.47000,Koch et al 2014,
Podisus,,placidus,"Uhler, 1870","USA: Minnesota, Houston",43.67000,-91.49000,Koch et al 2014,
Podisus,,placidus,"Uhler, 1870","USA: Minnesota, Isanti",45.56000,-93.29000,Koch et al 2014,
Podisus,,placidus,"Uhler, 1870","USA: Minnesota, Kittson",48.77000,-96.78000,Koch et al 2014,
Podisus,,placidus,"Uhler, 1870","USA: Minnesota, Lyon",44.41000,-95.83000,Koch et al 2014,
Podisus,,placidus,"Uhler, 1870","USA: Minnesota, Mille Lacs",45.93000,-93.63000,Koch et al 2014,
Podisus,,placidus,"Uhler, 1870","USA: Minnesota, Olmstead",43.89000,-92.17000,Koch et al 2014,
Podisus,,placidus,"Uhler, 1870","USA: Minnesota, Pine",46.12000,-92.74000,Koch et al 2014,
Podisus,,placidus,"Uhler, 1870","USA: Minnesota, Ramsey",45.01000,-93.09000,Koch et al 2014,
Podisus,,placidus,"Uhler, 1870","USA: Minnesota, Roseau",48.77000,-95.81000,Koch et al 2014,
Podisus,,placidus,"Uhler, 1870","USA: Minnesota, Saint Louis",47.58000,-92.46000,Koch et al 2014,
Podisus,,placidus,"Uhler, 1870","USA: Minnesota, DARC",46.76000,-95.92000,Koch et al 2014,
Podisus,,placidus,"Uhler, 1870","USA: Minnesota, Washington",45.03000,-92.88000,Koch et al 2014,
Podisus,,placidus,"Uhler, 1870","USA: Connecticut, Stonington",41.33671,-71.90504,O'Donnell & Schaefer 2012,
Podisus,,placidus,"Uhler, 1870","USA: Connecticut, Brookfield",41.48000,-73.40000,O'Donnell & Schaefer 2012,
Podisus,,placidus,"Uhler, 1870","USA: Connecticut, New Haven",41.30000,-72.92000,O'Donnell & Schaefer 2012,
Podisus,,placidus,"Uhler, 1870","USA: Connecticut, Litchfield",41.74000,-73.18000,O'Donnell & Schaefer 2012,
Podisus,,placidus,"Uhler, 1870","USA: Connecticut, Wallingford",41.45000,-72.82000,O'Donnell & Schaefer 2012,
Podisus,,placidus,"Uhler, 1870","USA: Connecticut, Woodburry",41.54000,-73.20000,O'Donnell & Schaefer 2012,
Podisus,,placidus,"Uhler, 1870","USA: Connecticut, Portland",41.57000,-72.64000,O'Donnell & Schaefer 2012,
Podisus,,placidus,"Uhler, 1870","USA: Connecticut, North Stonington",41.44000,-71.88000,O'Donnell & Schaefer 2012,
Podisus,,placidus,"Uhler, 1870","USA: Connecticut, Killingly",41.83000,-71.86000,O'Donnell & Schaefer 2012,
Podisus,,placidus,"Uhler, 1870","USA: Connecticut, Rainbow",41.91000,-72.69000,O'Donnell & Schaefer 2012,
Podisus,,placidus,"Uhler, 1870","USA: Connecticut, Lyme",41.31000,-72.32000,O'Donnell & Schaefer 2012,
Podisus,,placidus,"Uhler, 1870","USA: Connecticut, Ansonia",41.34000,-73.07000,O'Donnell & Schaefer 2012,
Podisus,,placidus,"Uhler, 1870","USA: Connecticut, Cornwall",41.84000,-73.32000,O'Donnell & Schaefer 2012,
Podisus,,placidus,"Uhler, 1870","USA: Connecticut, Middlebury",41.52000,-73.12000,O'Donnell & Schaefer 2012,
Podisus,,placidus,"Uhler, 1870",USA: Connecticut Southington,41.59000,-72.87000,O'Donnell & Schaefer 2012,
Podisus,,placidus,"Uhler, 1870","USA: Connecticut, Milford",41.22000,-73.05000,O'Donnell & Schaefer 2012,
Podisus,,placidus,"Uhler, 1870","USA: Connecticut, Stafford",41.98000,-72.28000,O'Donnell & Schaefer 2012,
Podisus,,placidus,"Uhler, 1870","USA: Connecticut, Hamden",41.39000,-72.89000,O'Donnell & Schaefer 2012,
Podisus,,placidus,"Uhler, 1870","USA: Connecticut, Tolland",41.85000,-72.33000,O'Donnell & Schaefer 2012,
Podisus,,placidus,"Uhler, 1870","USA: Connecticut, Watterburry",41.55000,-73.05000,O'Donnell & Schaefer 2012,
Podisus,,placidus,"Uhler, 1870","USA: Connecticut, South Meriden",41.51000,-72.83000,O'Donnell & Schaefer 2012,
Podisus,,placidus,"Uhler, 1870","USA: Connecticut, Oxford",41.43000,-73.11000,O'Donnell & Schaefer 2012,
Podisus,,placidus,"Uhler, 1870","USA: Connecticut, Guilford",41.28000,-72.68000,O'Donnell & Schaefer 2012,
Podisus,,placidus,"Uhler, 1870","USA: Connecticut, Fairfield",41.05000,-73.53000,O'Donnell & Schaefer 2012,
Podisus,,placidus,"Uhler, 1870","USA: Connecticut, Pachaug",41.58000,-71.94000,O'Donnell & Schaefer 2012,
Podisus,,placidus,"Uhler, 1870","USA: Connecticut, Salisbury",41.98000,-73.42000,O'Donnell & Schaefer 2012,
Podisus,,placidus,"Uhler, 1870","USA: Connecticut, Storrs",41.80000,-72.24000,O'Donnell & Schaefer 2012,
Podisus,,placidus,"Uhler, 1870","USA: Connecticut, Mansfield",41.76000,-72.19000,O'Donnell & Schaefer 2012,
Podisus,,placidus,"Uhler, 1870","USA: Connecticut, Norwich",41.52000,-72.07000,O'Donnell & Schaefer 2012,
Podisus,,placidus,"Uhler, 1870","USA: Connecticut, Meriden",41.53000,-72.80000,O'Donnell & Schaefer 2012,
Podisus,,placidus,"Uhler, 1870","USA: Connecticut, Bethany",41.42000,-72.99000,O'Donnell & Schaefer 2012,
Podisus,,placidus,"Uhler, 1870","USA: Connecticut, New Canaan",41.14000,-73.49000,O'Donnell & Schaefer 2012,
Podisus,,placidus,"Uhler, 1870","USA: Connecticut, Lakeville",41.96000,-73.44000,O'Donnell & Schaefer 2012,
Podisus,,placidus,"Uhler, 1870","CANADA: British Columbia, Agassiz",49.23000,-121.76000,Phillips 1983,
Podisus,,placidus,"Uhler, 1870","CANADA: British Columbia, Goldstream",48.46000,-123.55000,Phillips 1983,
Podisus,,placidus,"Uhler, 1870","CANADA: British Columbia, Robson",49.33000,-117.69000,Phillips 1983,
Podisus,,placidus,"Uhler, 1870","CANADA: British Columbia, Saanich Dist",48.66000,-123.41000,Phillips 1983,
Podisus,,placidus,"Uhler, 1870","CANADA: Manitoba, Aweme",49.70000,-99.60000,Phillips 1983,
Podisus,,placidus,"Uhler, 1870","CANADA: Manitoba, Hartney",49.48000,-100.52000,Phillips 1983,
Podisus,,placidus,"Uhler, 1870","CANADA: Ontario, Ottawa",45.41000,-75.69000,Phillips 1983,
Podisus,,placidus,"Uhler, 1870","CANADA: Ontario, Toronto",43.70000,-79.41000,Phillips 1983,
Podisus,,placidus,"Uhler, 1870","CANADA: Quebec, Montreal",45.50000,-73.58000,Phillips 1983,
Podisus,,placidus,"Uhler, 1870","CANADA: Quebec, Ormstown",45.11000,-73.99000,Phillips 1983,
Podisus,,placidus,"Uhler, 1870","USA: Arkansas, Crawford",35.58000,-94.24000,Phillips 1983,
Podisus,,placidus,"Uhler, 1870","USA: Colorado, Boulder",40.01000,-105.27000,Phillips 1983,
Podisus,,placidus,"Uhler, 1870","USA: Colorado, Denver",39.76000,-104.87000,Phillips 1983,
Podisus,,placidus,"Uhler, 1870","USA: Colorado, El Paso",38.83000,-104.52000,Phillips 1983,
Podisus,,placidus,"Uhler, 1870","USA: Colorado, Jefferson",39.58000,-105.25000,Phillips 1983,
Podisus,,placidus,"Uhler, 1870","USA: Colorado, Larimer",40.66000,-105.46000,Phillips 1983,
Podisus,,placidus,"Uhler, 1870","USA: Colorado, Morgan",40.26000,-103.80000,Phillips 1983,
Podisus,,placidus,"Uhler, 1870","USA: Idaho, Jefferson",43.82000,-112.31000,Phillips 1983,
Podisus,,placidus,"Uhler, 1870","USA: Idaho, Madison",43.78000,-111.65000,Phillips 1983,
Podisus,,placidus,"Uhler, 1870","USA: Illinois, Champaign",40.11000,-88.24000,Phillips 1983,
Podisus,,placidus,"Uhler, 1870","USA: Illinois, Jersey",39.08000,-90.35000,Phillips 1983,
Podisus,,placidus,"Uhler, 1870","USA: Illinois, Henderson",40.81000,-90.92000,Phillips 1983,
Podisus,,placidus,"Uhler, 1870","USA: Illinois, Johnson",37.45000,-88.88000,Phillips 1983,
Podisus,,placidus,"Uhler, 1870","USA: Illinois, Mason",40.23000,-89.91000,Phillips 1983,
Podisus,,placidus,"Uhler, 1870",USA: Indiana,40.00000,-86.25000,Phillips 1983,
Podisus,,placidus,"Uhler, 1870","USA: Iowa, Boone",42.05000,-93.88000,Phillips 1983,
Podisus,,placidus,"Uhler, 1870","USA: Iowa, Cass",41.33000,-94.92000,Phillips 1983,
Podisus,,placidus,"Uhler, 1870","USA: Iowa, Linn",42.07000,-91.59000,Phillips 1983,
Podisus,,placidus,"Uhler, 1870","USA: Iowa, Tama",42.07000,-92.53000,Phillips 1983,
Podisus,,placidus,"Uhler, 1870","USA: Iowa, Van Buren",40.75000,-91.94000,Phillips 1983,
Podisus,,placidus,"Uhler, 1870","USA: Iowa, Washington",41.33000,-91.71000,Phillips 1983,
Podisus,,placidus,"Uhler, 1870","USA: Iowa, Woodbury",42.38000,-96.04000,Phillips 1983,
Podisus,,placidus,"Uhler, 1870","USA: Kansas, Leavenworth",39.19000,-95.03000,Phillips 1983,
Podisus,,placidus,"Uhler, 1870","USA: Louisiana, Winn Parish",31.94000,-92.63000,Phillips 1983,
Podisus,,placidus,"Uhler, 1870","USA: Maine, Cumberland",43.80000,-70.33000,Phillips 1983,
Podisus,,placidus,"Uhler, 1870","USA: Maine, Piscataquis",45.83000,-69.28000,Phillips 1983,
Podisus,,placidus,"Uhler, 1870","USA: Massachusetts, Barnstable",41.70000,-70.29000,Phillips 1983,
Podisus,,placidus,"Uhler, 1870","USA: Massachusetts, Berkshire",42.37000,-73.20000,Phillips 1983,
Podisus,,placidus,"Uhler, 1870","USA: Massachusetts, Bristol",41.75000,-71.08000,Phillips 1983,
Podisus,,placidus,"Uhler, 1870","USA: Massachusetts, Essex",42.63000,-70.86000,Phillips 1983,
Podisus,,placidus,"Uhler, 1870","USA: Massachusetts, Middlesex",42.48000,-71.39000,Phillips 1983,
Podisus,,placidus,"Uhler, 1870","USA: Massachusetts, Norfolk",42.11000,-71.32000,Phillips 1983,
Podisus,,placidus,"Uhler, 1870","USA: Massachusetts, Suffolk",42.35000,-71.06000,Phillips 1983,
Podisus,,placidus,"Uhler, 1870","USA: Massachusetts, Worcester",42.26000,-71.80000,Phillips 1983,
Podisus,,placidus,"Uhler, 1870","USA: Michigan, Alcona",44.71000,-83.34000,Phillips 1983,
Podisus,,placidus,"Uhler, 1870","USA: Michigan, Allegan",42.51000,-85.91000,Phillips 1983,
Podisus,,placidus,"Uhler, 1870","USA: Michigan, Charlevoix",45.26000,-85.24000,Phillips 1983,
Podisus,,placidus,"Uhler, 1870","USA: Michigan, Clare",43.98000,-84.84000,Phillips 1983,
Podisus,,placidus,"Uhler, 1870","USA: Michigan, Clinton",42.94000,-84.60000,Phillips 1983,
Podisus,,placidus,"Uhler, 1870","USA: Michigan, Crawford",44.68000,-84.61000,Phillips 1983,
Podisus,,placidus,"Uhler, 1870","USA: Michigan, Grad Traverse",42.84000,-85.53000,Phillips 1983,
Podisus,,placidus,"Uhler, 1870","USA: Michigan, Gratiot",43.29000,-84.60000,Phillips 1983,
Podisus,,placidus,"Uhler, 1870","USA: Michigan, Huron",43.91000,-82.85000,Phillips 1983,
Podisus,,placidus,"Uhler, 1870","USA: Michigan, Ingham",42.59000,-84.37000,Phillips 1983,
Podisus,,placidus,"Uhler, 1870","USA: Michigan, Kalamazoo",42.24000,-85.53000,Phillips 1983,
Podisus,,placidus,"Uhler, 1870","USA: Michigan, Kalkaska",44.68000,-85.09000,Phillips 1983,
Podisus,,placidus,"Uhler, 1870","USA: Michigan, Livinngston",42.60000,-83.91000,Phillips 1983,
Podisus,,placidus,"Uhler, 1870","USA: Michigan, Manistee",44.23000,-86.28000,Phillips 1983,
Podisus,,placidus,"Uhler, 1870","USA: Michigan, Midland",43.61000,-84.24000,Phillips 1983,
Podisus,,placidus,"Uhler, 1870","USA: Michigan, Montcalm",43.31000,-85.15000,Phillips 1983,
Podisus,,placidus,"Uhler, 1870","USA: Michigan, Newaygo",43.55000,-85.80000,Phillips 1983,
Podisus,,placidus,"Uhler, 1870","USA: Michigan, Okland",42.63000,-83.29000,Phillips 1983,
Podisus,,placidus,"Uhler, 1870","USA: Michigan, Oscoda",44.68000,-84.12000,Phillips 1983,
Podisus,,placidus,"Uhler, 1870","USA: Michigan, Otsego",45.02000,-84.59000,Phillips 1983,
Podisus,,placidus,"Uhler, 1870","USA: Michigan, Roscommon",44.33000,-84.61000,Phillips 1983,
Podisus,,placidus,"Uhler, 1870","USA: Michigan, Van Buren",42.28000,-86.30000,Phillips 1983,
Podisus,,placidus,"Uhler, 1870","USA: Michigan, Wayne",42.32000,-83.17000,Phillips 1983,
Podisus,,placidus,"Uhler, 1870","USA: Michigan, Wexford",44.33000,-85.57000,Phillips 1983,
Podisus,,placidus,"Uhler, 1870","USA: Missouri, Boone",38.99000,-92.30000,Phillips 1983,
Podisus,,placidus,"Uhler, 1870","USA: Missouri, Iron",37.50000,-90.69000,Phillips 1983,
Podisus,,placidus,"Uhler, 1870","USA: Missouri, Newton",36.90000,-94.33000,Phillips 1983,
Podisus,,placidus,"Uhler, 1870","USA: Missouri, Phelps",37.87000,-91.79000,Phillips 1983,
Podisus,,placidus,"Uhler, 1870","USA: Missouri, St Louis",38.62000,-90.19000,Phillips 1983,
Podisus,,placidus,"Uhler, 1870","USA: Montana, Flathead",48.29000,-114.04000,Phillips 1983,
Podisus,,placidus,"Uhler, 1870","USA: Montana, Gallatin",45.54000,-111.17000,Phillips 1983,
Podisus,,placidus,"Uhler, 1870","USA: Montana, Ravalli",46.08000,-114.12000,Phillips 1983,
Podisus,,placidus,"Uhler, 1870","USA: Montana, Teton",47.83000,-112.24000,Phillips 1983,
Podisus,,placidus,"Uhler, 1870","USA: Nebraska, Cass",40.90000,-96.14000,Phillips 1983,
Podisus,,placidus,"Uhler, 1870","USA: Nebraska, Dakota",42.39000,-96.56000,Phillips 1983,
Podisus,,placidus,"Uhler, 1870","USA: Nebraska, Sioux",42.48000,-103.75000,Phillips 1983,
Podisus,,placidus,"Uhler, 1870","USA: New Hampshire, Belknap",43.51000,-71.42000,Phillips 1983,
Podisus,,placidus,"Uhler, 1870","USA: New Hampshire, Cheshire",42.91000,-72.25000,Phillips 1983,
Podisus,,placidus,"Uhler, 1870","USA: New Hampshire, Strafford",43.29000,-71.02000,Phillips 1983,
Podisus,,placidus,"Uhler, 1870","USA: New Jersey, Bergen",40.88000,-74.04000,Phillips 1983,
Podisus,,placidus,"Uhler, 1870","USA: New Jersey, Monmouth",40.19000,-74.12000,Phillips 1983,
Podisus,,placidus,"Uhler, 1870","USA: New Jersey, Ocean",39.86000,-74.25000,Phillips 1983,
Podisus,,placidus,"Uhler, 1870","USA: New Jersey, Passaic",41.03000,-74.30000,Phillips 1983,
Podisus,,placidus,"Uhler, 1870","USA: New Jersey, Somerset",40.49000,-74.48000,Phillips 1983,
Podisus,,placidus,"Uhler, 1870","USA: New Jersey, Sussex",41.13000,-74.69000,Phillips 1983,
Podisus,,placidus,"Uhler, 1870","USA: New York, Allegany",42.25000,-78.02000,Phillips 1983,
Podisus,,placidus,"Uhler, 1870","USA: New York, Chemung",42.14000,-76.76000,Phillips 1983,
Podisus,,placidus,"Uhler, 1870","USA: New York, Delaware",42.19000,-74.96000,Phillips 1983,
Podisus,,placidus,"Uhler, 1870","USA: New York, Essex",44.11000,-73.77000,Phillips 1983,
Podisus,,placidus,"Uhler, 1870","USA: New York, Greene",42.27000,-74.12000,Phillips 1983,
Podisus,,placidus,"Uhler, 1870","USA: New York, Kings",40.65000,-73.94000,Phillips 1983,
Podisus,,placidus,"Uhler, 1870","USA: New York, Monroe",43.16000,-77.63000,Phillips 1983,
Podisus,,placidus,"Uhler, 1870","USA: New York, Pine Island",41.29000,-74.45000,Phillips 1983,
Podisus,,placidus,"Uhler, 1870","USA: New York, Tompkins",42.45000,-76.47000,Phillips 1983,
Podisus,,placidus,"Uhler, 1870","USA: New York, Ulster",41.88000,-74.25000,Phillips 1983,
Podisus,,placidus,"Uhler, 1870","USA: New York, Wyoming",42.70000,-78.22000,Phillips 1983,
Podisus,,placidus,"Uhler, 1870","USA: North Dakota, Billings",47.02000,-103.37000,Phillips 1983,
Podisus,,placidus,"Uhler, 1870","USA: North Dakota, Cass",46.93000,-97.24000,Phillips 1983,
Podisus,,placidus,"Uhler, 1870","USA: North Dakota, Valley",46.94000,-103.84000,Phillips 1983,
Podisus,,placidus,"Uhler, 1870","USA: Ohio, Athens",39.33000,-82.04000,Phillips 1983,
Podisus,,placidus,"Uhler, 1870","USA: Ohio, Delaware",40.29000,-83.06000,Phillips 1983,
Podisus,,placidus,"Uhler, 1870","USA: Ohio, Portage",41.16000,-81.19000,Phillips 1983,
Podisus,,placidus,"Uhler, 1870","USA: Oklahoma, Payne",36.07000,-96.97000,Phillips 1983,
Podisus,,placidus,"Uhler, 1870","USA: Oregon, Linn",44.48000,-122.53000,Phillips 1983,
Podisus,,placidus,"Uhler, 1870","USA: Oregon, Wasco",45.16000,-121.16000,Phillips 1983,
Podisus,,placidus,"Uhler, 1870","USA: Pennsylvania, Allegheny",40.46000,-79.98000,Phillips 1983,
Podisus,,placidus,"Uhler, 1870","USA: Pennsylvania, Cambria",40.91000,-77.81000,Phillips 1983,
Podisus,,placidus,"Uhler, 1870","USA: Pennsylvania, Centre",40.19000,-77.81000,Phillips 1983,
Podisus,,placidus,"Uhler, 1870","USA: Pennsylvania, Franklin",39.92000,-77.72000,Phillips 1983,
Podisus,,placidus,"Uhler, 1870","USA: Pennsylvania, Monroe",41.05000,-75.33000,Phillips 1983,
Podisus,,placidus,"Uhler, 1870","USA: Pennsylvania, Warren",41.81000,-79.27000,Phillips 1983,
Podisus,,placidus,"Uhler, 1870","USA: South Dakota, Butte",44.90000,-103.50000,Phillips 1983,
Podisus,,placidus,"Uhler, 1870","USA: South Dakota, Lawrence",44.35000,-103.79000,Phillips 1983,
Podisus,,placidus,"Uhler, 1870","USA: South Dakota, Roberts",45.62000,-96.94000,Phillips 1983,
Podisus,,placidus,"Uhler, 1870","USA: Utah, Cache",41.72000,-111.74000,Phillips 1983,
Podisus,,placidus,"Uhler, 1870","USA: Utah, Logan",41.73000,-111.83000,Phillips 1983,
Podisus,,placidus,"Uhler, 1870","USA: Utah, Davis",40.99000,-112.11000,Phillips 1983,
Podisus,,placidus,"Uhler, 1870","USA: Utah, Salt Lake",40.76000,-111.89000,Phillips 1983,
Podisus,,placidus,"Uhler, 1870","USA: Utah, Weber",41.26000,-111.91000,Phillips 1983,
Podisus,,placidus,"Uhler, 1870","USA: Vermont, Franklin",44.85000,-72.91000,Phillips 1983,
Podisus,,placidus,"Uhler, 1870","USA: Washington, King",47.49000,-121.83000,Phillips 1983,
Podisus,,placidus,"Uhler, 1870","USA: Washington, Mason",47.35000,-123.18000,Phillips 1983,
Podisus,,placidus,"Uhler, 1870","USA: Washington, Stevens",48.39000,-117.85000,Phillips 1983,
Podisus,,placidus,"Uhler, 1870","USA: Washington, Yakima",46.60000,-120.50000,Phillips 1983,
Podisus,,placidus,"Uhler, 1870","USA: Wisconsin, Bayfield",46.63000,-91.18000,Phillips 1983,
Podisus,,placidus,"Uhler, 1870","USA: Wisconsin, Burnett",45.86000,-92.36000,Phillips 1983,
Podisus,,placidus,"Uhler, 1870","USA: Wisconsin, Columbia",43.46000,-89.33000,Phillips 1983,
Podisus,,placidus,"Uhler, 1870","USA: Wisconsin, Dane",43.06000,-89.41000,Phillips 1983,
Podisus,,placidus,"Uhler, 1870","USA: Wisconsin, Douglas",46.46000,-91.89000,Phillips 1983,
Podisus,,placidus,"Uhler, 1870","USA: Wisconsin, Dunn",44.94000,-91.89000,Phillips 1983,
Podisus,,placidus,"Uhler, 1870","USA: Wisconsin, Green Lake",43.81000,-89.00000,Phillips 1983,
Podisus,,placidus,"Uhler, 1870","USA: Wisconsin, Juneau",43.92000,-90.11000,Phillips 1983,
Podisus,,placidus,"Uhler, 1870","USA: Wisconsin, La Crosse",43.90000,-91.11000,Phillips 1983,
Podisus,,placidus,"Uhler, 1870","USA: Wisconsin, Oconto",44.99000,-88.22000,Phillips 1983,
Podisus,,placidus,"Uhler, 1870","USA: Wisconsin, Pierce",44.71000,-92.42000,Phillips 1983,
Podisus,,placidus,"Uhler, 1870","USA: Wisconsin, Portage",44.47000,-89.50000,Phillips 1983,
Podisus,,placidus,"Uhler, 1870","USA: Wisconsin, Sauk",43.42000,-89.94000,Phillips 1983,
Podisus,,placidus,"Uhler, 1870","USA: Wisconsin, Vilas",46.05000,-89.51000,Phillips 1983,
Podisus,,placidus,"Uhler, 1870","USA: Wisconsin, Waukesha",43.01000,-88.23000,Phillips 1983,
Podisus,,placidus,"Uhler, 1870","USA: Wyoming, Platte",42.13000,-104.96000,Phillips 1983,
Podisus,,placidus,"Uhler, 1870","USA: North Dakota, Billings",47.02000,-103.37000,Rider 2012,
Podisus,,placidus,"Uhler, 1870","USA: North Dakota, Cass",46.93000,-97.24000,Rider 2012,
Podisus,,placidus,"Uhler, 1870","USA: North Dakota, Golden Vally",46.94000,-103.84000,Rider 2012,
Podisus,,placidus,"Uhler, 1870","USA: North Dakota, Richland",46.26000,-96.94000,Rider 2012,
Podisus,,placidus,"Uhler, 1870","USA: Missouri, Ozark",36.64000,-92.44000,Sites et al 2012,
Podisus,,placidus,"Uhler, 1870","USA: Washington, Tucannon",46.48000,-117.96000,Zack 2012,
Podisus,,placidus,"Uhler, 1870","USA: Minnesota, Itasca State Park.",47.23000,-95.18000,UMSP,
Podisus,,placidus,"Uhler, 1870","USA: Minnesota, Olmsted County, Rochester. ",44.01000,-92.48000,UMSP,
Podisus,,rostralis,"Stål, 1860","FRENCH GUYANA: Maripasoula, Mont Itoupe",3.06000,-53.08000,Lupoli 2019,
Podisus,,rostralis,"Stål, 1860","FRENCH GUYANA: Saul, Belvedere",3.72000,-53.40000,Lupoli 2019,
Podisus,,rostralis,"Stål, 1860",BOLIVIA: La Paz,-16.50000,-68.15000,SDEI,
Podisus,,sagitta,"Fabricius, 1794",HONDURAN: Atlántida,15.73000,-86.51000,Arismendi & Thomas 2003,
Podisus,,sagitta,"Fabricius, 1794",HONDURAN: Comayagua,14.46000,-87.65000,Arismendi & Thomas 2003,
Podisus,,sagitta,"Fabricius, 1794",HONDURAN: El Paraiso,14.06000,-85.96000,Arismendi & Thomas 2003,
Podisus,,sagitta,"Fabricius, 1794",HONDURAN: Yoro,15.31000,-87.70000,Arismendi & Thomas 2003,
Podisus,,sagitta,"Fabricius, 1794",COLOMBIA,4.00000,-73.25000,Castro-Huertas et al 2015,
Podisus,,sagitta,"Fabricius, 1794","MEXICO: Guerrero, Venta de Zopilote",17.76000,-99.53000,Ortega León 1997,
Podisus,,sagitta,"Fabricius, 1794","MEXICO: Veracruz, Atoyac",18.93000,-96.80000,Ortega León 1997,
Podisus,,sagitta,"Fabricius, 1794","MEXICO: Veracryz, Orizaba",18.85000,-97.09000,Ortega León 1997,
Podisus,,sagitta,"Fabricius, 1794","MEXICO: Tabasco, Teapa",17.60000,-92.95000,Ortega León 1997,
Podisus,,sagitta,"Fabricius, 1794","MEXICO: Sinaloa, Mazatlan",23.23000,-106.40000,Ortega León 1997,
Podisus,,sagitta,"Fabricius, 1794","MEXICO: Nuevo Leon, Matehuala",23.65000,-100.64000,Ortega León 1997,
Podisus,,sagitta,"Fabricius, 1794","MEXICO: Nuevo Leon, Aramberri",24.22000,-99.82000,Ortega León 1997,
Podisus,,sagitta,"Fabricius, 1794","MEXICO: Nayarit, Guajimi",21.83000,-104.83000,Ortega León 1997,
Podisus,,sagitta,"Fabricius, 1794",MEXICO: San Luis Potosi,22.14000,-100.97000,Ortega León 1997,
Podisus,,sagitta,"Fabricius, 1794",MEXICO: Jalisco,20.33000,-103.66000,Ortega León 1997,
Podisus,,sagitta,"Fabricius, 1794","MEXICO: Michoacan, Tinganbato",19.16000,-101.83000,Ortega León 1997,
Podisus,,sagitta,"Fabricius, 1794",MEXICO: Queretaro,20.58000,-100.38000,Ortega León 1997,
Podisus,,sagitta,"Fabricius, 1794","MEXICO: Puebla, Atlixco",18.90000,-98.43000,Ortega León 1997,
Podisus,,sagitta,"Fabricius, 1794","DOMINICAN REPUBLIC: Santo Domingo, Boca Chica",18.45000,-69.60000,Perez-Gelabert & Thomas 2005,
Podisus,,sagitta,"Fabricius, 1794",DOMINICAN REPUBLIC: Barahona,18.20000,-71.10000,Perez-Gelabert & Thomas 2005,
Podisus,,sagitta,"Fabricius, 1794","DOMINICAN REPUBLIC: El Seibo, Miches",18.98000,-69.04000,Perez-Gelabert & Thomas 2005,
Podisus,,sagitta,"Fabricius, 1794",DOMINICAN REPUBLIC: San Cristobal,18.41000,-70.10000,Perez-Gelabert & Thomas 2005,
Podisus,,sagitta,"Fabricius, 1794","DOMINICAN REPUBLIC: Ocoa, Rancho Arriba",18.71000,-70.44000,Perez-Gelabert & Thomas 2005,
Podisus,,sagitta,"Fabricius, 1794","DOMINICAN REPUBLIC: Pedernales, Parque Nacional",18.03000,-71.74000,Perez-Gelabert & Thomas 2005,
Podisus,,sagitta,"Fabricius, 1794","DOMINICAN REPUBLIC: Espaillat, Nagua",19.58000,-70.41000,Perez-Gelabert & Thomas 2005,
Podisus,,sagitta,"Fabricius, 1794","DOMINICAN REPUBLIC: Elias Piña, Banica",19.05000,-71.64000,Perez-Gelabert & Thomas 2005,
Podisus,,sagitta,"Fabricius, 1794",DOMINICAN REPUBLIC: La Altagracia,18.58000,-68.63000,Perez-Gelabert & Thomas 2005,
Podisus,,sagitta,"Fabricius, 1794","DOMINICAN REPUBLIC: Barahona, Larimar",18.20000,-71.14000,Perez-Gelabert & Thomas 2005,
Podisus,,sagitta,"Fabricius, 1794",DOMINICAN REPUBLIC: Presa Rio Blanco,19.68000,-70.77000,Perez-Gelabert & Thomas 2005,
Podisus,,sagitta,"Fabricius, 1794","DOMINICAN REPUBLIC: Bani, Galeon",18.31000,-70.41000,Perez-Gelabert & Thomas 2005,
Podisus,,sagitta,"Fabricius, 1794",DOMINICAN REPUBLIC: Independencia,18.40000,-71.63000,Perez-Gelabert & Thomas 2005,
Podisus,,sagitta,"Fabricius, 1794","COSTA RICA: Cartago, Pacayas",9.80000,-84.04000,Phillips 1983,
Podisus,,sagitta,"Fabricius, 1794","COSTA RICA: Guanacaste, Comelco",10.50000,-85.25000,Phillips 1983,
Podisus,,sagitta,"Fabricius, 1794",COSTA RICA: San Jose,9.93000,-84.08000,Phillips 1983,
Podisus,,sagitta,"Fabricius, 1794",CUBA: Havana,23.13000,-82.38000,Phillips 1983,
Podisus,,sagitta,"Fabricius, 1794",CUBA: Soledad,20.15000,-75.97000,Phillips 1983,
Podisus,,sagitta,"Fabricius, 1794",DOMINICAN REPUBLIC: Long Ditton,15.30000,-61.36000,Phillips 1983,
Podisus,,sagitta,"Fabricius, 1794",DOMINICAN REPUBLIC: Sanchez,19.16000,-69.64000,Phillips 1983,
Podisus,,sagitta,"Fabricius, 1794","GUATEMALA: Peten, Poptun",16.35000,-89.58000,Phillips 1983,
Podisus,,sagitta,"Fabricius, 1794","GUATEMALA: Sacatepequez, Amatitlan",14.64000,-90.51000,Phillips 1983,
Podisus,,sagitta,"Fabricius, 1794","GUATEMALA: Sacatepequez, Antigua",14.54000,-90.72000,Phillips 1983,
Podisus,,sagitta,"Fabricius, 1794","GUATEMALA: Sacatepequez, Capetillo",14.49000,-90.81000,Phillips 1983,
Podisus,,sagitta,"Fabricius, 1794","GUATEMALA: Sacatepequez, Reunion",14.43000,-90.82000,Phillips 1983,
Podisus,,sagitta,"Fabricius, 1794","GUATEMALA: Suchitepequez, Variedades",14.41000,-91.26000,Phillips 1983,
Podisus,,sagitta,"Fabricius, 1794","GUATEMALA: Zacapa, Finca Barcona",15.15000,-89.20000,Phillips 1983,
Podisus,,sagitta,"Fabricius, 1794",HAITI: Port Au Prince,18.54000,-72.33000,Phillips 1983,
Podisus,,sagitta,"Fabricius, 1794",JAMAICA: Hallshire Hills,17.89000,-76.94000,Phillips 1983,
Podisus,,sagitta,"Fabricius, 1794",JAMAICA: Hardwar,18.08000,-76.72000,Phillips 1983,
Podisus,,sagitta,"Fabricius, 1794",JAMAICA: Palm Beach,18.46584,-77.31641,Phillips 1983,
Podisus,,sagitta,"Fabricius, 1794",JAMAICA: Montego Bay,18.47000,-77.91000,Phillips 1983,
Podisus,,sagitta,"Fabricius, 1794","NICARAGUA: Leon, Hacienda Casa Blanca",12.43000,-86.87000,Phillips 1983,
Podisus,,sagitta,"Fabricius, 1794",PUERTO RICO: Adjuntas,18.16000,-66.72000,Phillips 1983,
Podisus,,sagitta,"Fabricius, 1794",PUERTO RICO: Fortuna,18.30000,-65.64000,Phillips 1983,
Podisus,,sagitta,"Fabricius, 1794",PUERTO RICO: Jayuya,18.16000,-66.57000,Phillips 1983,
Podisus,,sagitta,"Fabricius, 1794",PUERTO RICO: Loquillo Natl Forest,18.37000,-65.71000,Phillips 1983,
Podisus,,sagitta,"Fabricius, 1794",PUERTO RICO: Mayaguez,18.20000,-67.13000,Phillips 1983,
Podisus,,sagitta,"Fabricius, 1794",PUERTO RICO: San German,18.11000,-67.03000,Phillips 1983,
Podisus,,sagitta,"Fabricius, 1794","USA: Florida, Broward",26.01000,-80.14000,Phillips 1983,
Podisus,,sagitta,"Fabricius, 1794","USA: Florida, Dade",25.85000,-80.27000,Phillips 1983,
Podisus,,sagitta,"Fabricius, 1794","USA: Florida, Palm Beach",26.70931,-80.03760,Phillips 1983,
Podisus,,sagitta,"Fabricius, 1794","MEXICO: Veracruz, Los Tuxtlas",18.47000,-95.00000,Brailovsky and Mayorga 1994,
Podisus,,sagitta,"Fabricius, 1794","USA: Florida, Dade County, Homestead, University of Florida",25.50000,-80.49000,FSCA,
Podisus,,sagitta,"Fabricius, 1794","HONDURAS: Francisco Morazán Dept., Cedros. ",14.59000,-87.11000,UMSP,
Podisus,,sculptus,"Distant, 1889","FRENCH GUIANA: Maripasoula, Mitaraka",3.64000,-54.03000,Lupoli 2019,
Podisus,,sculptus,"Distant, 1889",PANAMA: Bugaba,8.54529,-82.68467,Roell et al 2023,
Podisus,,semialbus,"Walker, 1868","BRAZIL: Rio de Janeiro, Constancia",-22.41570,-42.97330,Roell et al 2023,Probably in the region of Teresopolis
Podisus,,serieventris,"Uhler, 1871 ","USA: New Mexico, Dõna Ana",32.35000,-106.83000,Bundy 2012,
Podisus,,serieventris,"Uhler, 1871 ","USA: New Mexico, Lincoln",33.74000,-105.45000,Bundy 2012,
Podisus,,serieventris,"Uhler, 1871 ","USA: New Mexico, Otero",32.61000,-105.74000,Bundy 2012,
Podisus,,serieventris,"Uhler, 1871 ","USA: New Mexico, Santa Fe",35.68000,-105.93000,Bundy 2012,
Podisus,,serieventris,"Uhler, 1871 ","USA: Minnesota, Crow Wing",46.48000,-94.07000,Koch et al 2014,
Podisus,,serieventris,"Uhler, 1871 ","USA: Minnesota, Goodhue",44.40000,-92.72000,Koch et al 2014,
Podisus,,serieventris,"Uhler, 1871 ","USA: Minnesota, Itasca",47.50000,-93.63000,Koch et al 2014,
Podisus,,serieventris,"Uhler, 1871 ","USA: Minnesota, Lake",47.52000,-91.40000,Koch et al 2014,
Podisus,,serieventris,"Uhler, 1871 ","USA: Minnesota, Olmstead",43.89000,-92.17000,Koch et al 2014,
Podisus,,serieventris,"Uhler, 1871 ","USA: Minnesota, Saint Louis",47.58000,-92.46000,Koch et al 2014,
Podisus,,serieventris,"Uhler, 1871 ","USA: Connecticut, Branford",41.27000,-72.81000,O'Donnell & Schaefer 2012,
Podisus,,serieventris,"Uhler, 1871 ","USA: Connecticut, Woodstock",41.94000,-71.97000,O'Donnell & Schaefer 2012,
Podisus,,serieventris,"Uhler, 1871 ","USA: Connecticut, North Branford",41.32000,-72.76000,O'Donnell & Schaefer 2012,
Podisus,,serieventris,"Uhler, 1871 ","USA: Connecticut, Killingly",41.83000,-71.86000,O'Donnell & Schaefer 2012,
Podisus,,serieventris,"Uhler, 1871 ","USA: Connecticut, Middlebury",41.52000,-73.12000,O'Donnell & Schaefer 2012,
Podisus,,serieventris,"Uhler, 1871 ","USA: Connecticut, Orange",41.27000,-73.02000,O'Donnell & Schaefer 2012,
Podisus,,serieventris,"Uhler, 1871 ","CANADA: British Columbia, Forbidden Plateuau",49.68000,-125.31000,Phillips 1983,
Podisus,,serieventris,"Uhler, 1871 ",CANADA: Golden Ears,49.36000,-122.50000,Phillips 1983,
Podisus,,serieventris,"Uhler, 1871 ","CANADA: British Columbia, Seymour",49.39000,-122.91000,Phillips 1983,
Podisus,,serieventris,"Uhler, 1871 ","CANADA: British Columbia, Langley",49.10000,-122.65000,Phillips 1983,
Podisus,,serieventris,"Uhler, 1871 ","CANADA: British Columbia, Mt Todd",48.61000,-123.93000,Phillips 1983,
Podisus,,serieventris,"Uhler, 1871 ","CANADA: British Columbia, Pemberton",50.31000,-122.80000,Phillips 1983,
Podisus,,serieventris,"Uhler, 1871 ","CANADA: British Columbia, Vancouver",49.24000,-123.11000,Phillips 1983,
Podisus,,serieventris,"Uhler, 1871 ","CANADA: British Columbia, Vernon",50.26000,-119.27000,Phillips 1983,
Podisus,,serieventris,"Uhler, 1871 ","CANADA: British Columbia, Victoria",48.43000,-123.35000,Phillips 1983,
Podisus,,serieventris,"Uhler, 1871 ","CANADA: Nova Scotia, Baddeck",46.10718,-60.76055,Phillips 1983,
Podisus,,serieventris,"Uhler, 1871 ","CANADA: Nova Scotia, Cape Breton",46.03000,-60.80000,Phillips 1983,
Podisus,,serieventris,"Uhler, 1871 ","CANADA: Nova Scotia, Grand River",45.65000,-60.66000,Phillips 1983,
Podisus,,serieventris,"Uhler, 1871 ","CANADA: Ontario, Brule Lake",45.58000,-77.75000,Phillips 1983,
Podisus,,serieventris,"Uhler, 1871 ","CANADA: Ontario, Foots",45.13000,-79.74000,Phillips 1983,
Podisus,,serieventris,"Uhler, 1871 ","CANADA: Ontario, Kenora",54.00000,-87.99000,Phillips 1983,
Podisus,,serieventris,"Uhler, 1871 ","CANADA: Quebec, Cascapedia",48.27000,-65.94000,Phillips 1983,
Podisus,,serieventris,"Uhler, 1871 ","CANADA: Quebec, Montreal",45.50000,-73.58000,Phillips 1983,
Podisus,,serieventris,"Uhler, 1871 ","CANADA: Quebec, Outremont",45.51000,-73.61000,Phillips 1983,
Podisus,,serieventris,"Uhler, 1871 ","CANADA: Quebec, Beaverfoot",54.66000,-111.87000,Phillips 1983,
Podisus,,serieventris,"Uhler, 1871 ","USA: Arizona, Cochise",31.87000,-109.75000,Phillips 1983,
Podisus,,serieventris,"Uhler, 1871 ","USA: Arizona, Graham",32.93000,-109.88000,Phillips 1983,
Podisus,,serieventris,"Uhler, 1871 ","USA: Arizona, Pima",32.09000,-111.78000,Phillips 1983,
Podisus,,serieventris,"Uhler, 1871 ","USA: California, Eldorado",38.68000,-120.84000,Phillips 1983,
Podisus,,serieventris,"Uhler, 1871 ","USA: California, Modoc",41.58000,-120.72000,Phillips 1983,
Podisus,,serieventris,"Uhler, 1871 ","USA: California, Plumas",40.00000,-120.83000,Phillips 1983,
Podisus,,serieventris,"Uhler, 1871 ","USA: Colorado, El Paso",38.83000,-104.52000,Phillips 1983,
Podisus,,serieventris,"Uhler, 1871 ","USA: Colorado, Ouray",38.15000,-107.76000,Phillips 1983,
Podisus,,serieventris,"Uhler, 1871 ","USA: Colorado, Teller",38.88000,-105.16000,Phillips 1983,
Podisus,,serieventris,"Uhler, 1871 ",USA: Columbia,34.00000,-81.03000,Phillips 1983,
Podisus,,serieventris,"Uhler, 1871 ","USA: Georgia, Clarke",33.95000,-83.36000,Phillips 1983,
Podisus,,serieventris,"Uhler, 1871 ","USA: Idaho, Boundary",48.76000,-116.46000,Phillips 1983,
Podisus,,serieventris,"Uhler, 1871 ","USA: Idaho, Lewis",46.23000,-116.42000,Phillips 1983,
Podisus,,serieventris,"Uhler, 1871 ","USA: Illinois, McHenry",42.32000,-88.45000,Phillips 1983,
Podisus,,serieventris,"Uhler, 1871 ","USA: Indiana, Crawford",38.29000,-86.45000,Phillips 1983,
Podisus,,serieventris,"Uhler, 1871 ","USA: Indiana, Fulton",41.04000,-86.26000,Phillips 1983,
Podisus,,serieventris,"Uhler, 1871 ","USA: Kentucky, Christian",36.89000,-87.49000,Phillips 1983,
Podisus,,serieventris,"Uhler, 1871 ","USA: Louisiana, Winn Parish",31.94000,-91.63000,Phillips 1983,
Podisus,,serieventris,"Uhler, 1871 ","USA: Maine, Cumberland",43.80000,-70.33000,Phillips 1983,
Podisus,,serieventris,"Uhler, 1871 ","USA: Maine, Lincoln",43.99000,-69.52000,Phillips 1983,
Podisus,,serieventris,"Uhler, 1871 ","USA: Maine, Orono",44.88000,-68.67000,Phillips 1983,
Podisus,,serieventris,"Uhler, 1871 ","USA: Maine, Piscataquis",45.83000,-69.28000,Phillips 1983,
Podisus,,serieventris,"Uhler, 1871 ","USA: Maryland, Prince Georgia",38.82000,-76.84000,Phillips 1983,
Podisus,,serieventris,"Uhler, 1871 ","USA: Michigan, Alcona",44.71000,-83.34000,Phillips 1983,
Podisus,,serieventris,"Uhler, 1871 ","USA: Michigan, Charlevoix",45.26000,-85.24000,Phillips 1983,
Podisus,,serieventris,"Uhler, 1871 ","USA: Michigan, Cheboygan",45.47000,-84.49000,Phillips 1983,
Podisus,,serieventris,"Uhler, 1871 ","USA: Michigan, Chippewa",46.23000,-84.52000,Phillips 1983,
Podisus,,serieventris,"Uhler, 1871 ","USA: Michigan, Whitefish",46.59000,-85.11000,Phillips 1983,
Podisus,,serieventris,"Uhler, 1871 ","USA: Michigan, Crawford",44.68000,-84.61000,Phillips 1983,
Podisus,,serieventris,"Uhler, 1871 ","USA: Michigan, Emmet",45.58000,-84.98000,Phillips 1983,
Podisus,,serieventris,"Uhler, 1871 ","USA: Michigan, Houghton",46.99000,-88.65000,Phillips 1983,
Podisus,,serieventris,"Uhler, 1871 ","USA: Michigan, Iosco",44.30000,-83.51000,Phillips 1983,
Podisus,,serieventris,"Uhler, 1871 ","USA: Michigan, Keweenaw",47.28000,-88.21000,Phillips 1983,
Podisus,,serieventris,"Uhler, 1871 ","USA: Michigan, Marquette",46.66000,-87.57000,Phillips 1983,
Podisus,,serieventris,"Uhler, 1871 ","USA: Michigan, Oakland",42.63000,-83.29000,Phillips 1983,
Podisus,,serieventris,"Uhler, 1871 ","USA: Michigan, Oceana",43.68000,-86.31000,Phillips 1983,
Podisus,,serieventris,"Uhler, 1871 ","USA: Michigan, Washtenaw",42.25000,-83.83000,Phillips 1983,
Podisus,,serieventris,"Uhler, 1871 ","USA: Minnesota, Cook",47.81000,-90.54000,Phillips 1983,
Podisus,,serieventris,"Uhler, 1871 ","USA: Minnesota, Crow Wing",46.48000,-94.07000,Phillips 1983,
Podisus,,serieventris,"Uhler, 1871 ","USA: Missouri, Boone",38.99000,-92.30000,Phillips 1983,
Podisus,,serieventris,"Uhler, 1871 ","USA: Missouri, Callaway",38.83000,-91.92000,Phillips 1983,
Podisus,,serieventris,"Uhler, 1871 ","USA: Missouri, St Louis",38.62000,-90.19000,Phillips 1983,
Podisus,,serieventris,"Uhler, 1871 ","USA: Montana, Fergus",47.26000,-109.22000,Phillips 1983,
Podisus,,serieventris,"Uhler, 1871 ","USA: Montana, Gallatin",45.54000,-111.17000,Phillips 1983,
Podisus,,serieventris,"Uhler, 1871 ","USA: Montana, Jefferson",46.14000,-112.09000,Phillips 1983,
Podisus,,serieventris,"Uhler, 1871 ","USA: Montana, Sanders",47.67000,-115.13000,Phillips 1983,
Podisus,,serieventris,"Uhler, 1871 ","USA: New Hampshire, Coss",44.68000,-71.30000,Phillips 1983,
Podisus,,serieventris,"Uhler, 1871 ","USA: New Hampshire, Grafton",43.94000,-71.82000,Phillips 1983,
Podisus,,serieventris,"Uhler, 1871 ","USA: New Hampshire, Sullivan",43.36000,-72.22000,Phillips 1983,
Podisus,,serieventris,"Uhler, 1871 ","USA: New Mexico, Catron",33.91000,-108.40000,Phillips 1983,
Podisus,,serieventris,"Uhler, 1871 ","USA: New Mexico, Santa Fe",35.68000,-105.93000,Phillips 1983,
Podisus,,serieventris,"Uhler, 1871 ","USA: New York, Clinton",44.74000,-73.67000,Phillips 1983,
Podisus,,serieventris,"Uhler, 1871 ","USA: New York, Cortland",42.59000,-76.07000,Phillips 1983,
Podisus,,serieventris,"Uhler, 1871 ","USA: New York, Erie",42.75000,-78.77000,Phillips 1983,
Podisus,,serieventris,"Uhler, 1871 ","USA: New York, Essex",44.11000,-73.77000,Phillips 1983,
Podisus,,serieventris,"Uhler, 1871 ","USA: New York, Franklin",44.59000,-74.30000,Phillips 1983,
Podisus,,serieventris,"Uhler, 1871 ","USA: New York, Greene",42.27000,-74.12000,Phillips 1983,
Podisus,,serieventris,"Uhler, 1871 ","USA: New York, Livinston",42.72000,-77.75000,Phillips 1983,
Podisus,,serieventris,"Uhler, 1871 ","USA: New York, Schuyler",42.39000,-76.87000,Phillips 1983,
Podisus,,serieventris,"Uhler, 1871 ","USA: New York, Suffolk",40.81000,-73.06000,Phillips 1983,
Podisus,,serieventris,"Uhler, 1871 ","USA: New York, Tompkins",42.45000,-76.47000,Phillips 1983,
Podisus,,serieventris,"Uhler, 1871 ","USA: North Dakota, Cass",46.93000,-97.24000,Phillips 1983,
Podisus,,serieventris,"Uhler, 1871 ","USA: Ohio, Greene",39.69000,-83.88000,Phillips 1983,
Podisus,,serieventris,"Uhler, 1871 ","USA: Ohio, Hocking",39.49000,-82.47000,Phillips 1983,
Podisus,,serieventris,"Uhler, 1871 ","USA: Oregon, Benton",44.49000,-123.42000,Phillips 1983,
Podisus,,serieventris,"Uhler, 1871 ","USA: Oregon, Douglas",43.28000,-123.17000,Phillips 1983,
Podisus,,serieventris,"Uhler, 1871 ","USA: Oregon, Jackson",42.43000,-122.72000,Phillips 1983,
Podisus,,serieventris,"Uhler, 1871 ","USA: Oregon, Lane",43.94000,-122.87000,Phillips 1983,
Podisus,,serieventris,"Uhler, 1871 ","USA: Pennsylvania, Bedford",40.00000,-78.49000,Phillips 1983,
Podisus,,serieventris,"Uhler, 1871 ","USA: Pennsylvania, Centre",40.91000,-77.81000,Phillips 1983,
Podisus,,serieventris,"Uhler, 1871 ","USA: Pennsylvania, Erie",42.12000,-80.08000,Phillips 1983,
Podisus,,serieventris,"Uhler, 1871 ","USA: Utah, Kane",37.28000,-111.88000,Phillips 1983,
Podisus,,serieventris,"Uhler, 1871 ",USA: Utah,39.25000,-111.75000,Phillips 1983,
Podisus,,serieventris,"Uhler, 1871 ","USA: Vermont, Lamoille",44.60000,-72.64000,Phillips 1983,
Podisus,,serieventris,"Uhler, 1871 ","USA: Vermont, Orleans",44.82000,-72.24000,Phillips 1983,
Podisus,,serieventris,"Uhler, 1871 ",USA: Virgnia,38.50000,-80.50000,Phillips 1983,
Podisus,,serieventris,"Uhler, 1871 ","USA: Washington, Asotin",46.19000,-117.20000,Phillips 1983,
Podisus,,serieventris,"Uhler, 1871 ","USA: Washington, Whatcom",48.82000,-121.87000,Phillips 1983,
Podisus,,serieventris,"Uhler, 1871 ","USA: Wisconsin, Dodge",43.41000,-88.70000,Phillips 1983,
Podisus,,serieventris,"Uhler, 1871 ","USA: Wisconsin, Polk",45.46000,-92.44000,Phillips 1983,
Podisus,,serieventris,"Uhler, 1871 ","USA: Wyoming, Albany",41.65000,-105.72000,Phillips 1983,
Podisus,,serieventris,"Uhler, 1871 ","USA: Missouri, Ozark",36.64000,-94.22000,Sites et al 2012,
Podisus,,serieventris,"Uhler, 1871 ","USA: Missouri, Glaciated Plains",36.72000,-91.85000,Sites et al 2012,
Podisus,,serieventris,"Uhler, 1871 ","USA: Washington, Fields Springs",33.81000,-84.63000,Zack 2012,
Podisus,,serieventris,"Uhler, 1871 ","USA: Washington, Deer Lake",47.57000,-121.40000,Zack 2012,
Podisus,,serieventris,"Uhler, 1871 ","USA: Washington, Pullman",46.73000,-117.17000,Zack 2012,
Podisus,,serieventris,"Uhler, 1871 ",USA: Minnesota,46.25000,-94.25000,Pezzini et al 2018,
Podisus,,serieventris,"Uhler, 1871 ","USA: Virginia, Highland County, Back Creek, site off Route 600, 4km south of jctUS250.",38.42000,-79.67000,VMNH,
Podisus,,serieventris,"Uhler, 1871 ","USA: Virginia, Highland County. Locust Spring. 3900 (Alt?)",38.54000,-79.61000,VMNH,
Podisus,,serieventris,"Uhler, 1871 ","USA: Virginia, Dickenson County, Breaks Interstate Park. ",37.28000,-82.29000,VMNH,
Podisus,,serieventris,"Uhler, 1871 ","USA: Virginia, Dickenson County, Breaks Interstate Park.",37.28000,-82.29000,VMNH,
Podisus,,serieventris,"Uhler, 1871 ","USA: Minnesota, Lake County, 32km North of Two Harbors. ",47.24000,-91.67000,UMSP,
Podisus,,serieventris,"Uhler, 1871 ","USA: Minnesota, Itasca State Park.",47.23000,-95.18000,UMSP,
Podisus,,serieventris,"Uhler, 1871 ","USA: Minnesota, Saint Louis County.",46.85000,-92.36000,UMSP,
Podisus,,sordidus,"Stål, 1859",ECUADOR: Galapagos,-0.67015,-90.87341,Thomas 1922,
Podisus,,subferrugineus,"Barber & Bruner, 1932",CUBA,22.00000,-79.50000,Thomas 1922,
Podisus,,subferrugineus,"Barber & Bruner, 1932",JAMAICA,18.16667,-77.25000,Thomas 1922,
Podisus,,subferrugineus,"Barber & Bruner, 1932","DOMINICAN REPUBLIC: La Vega, Tablones-La Ciénaga",19.04543,-70.91113,Santos & Bastardo 2012,
Podisus,,subferrugineus,"Barber & Bruner, 1932","DOMINICAN REPUBLIC: La Vega, Manabao-La Ciénaga",19.07061,-70.79096,Santos & Bastardo 2012,
Podisus,,thomasi,"Lemaître, Roell & Brugnera, 2021",VENEZUELA:  Merida las cruces (Arma pallipes),9.18700,-69.88650,Roell et al 2021a,
Podisus,,thomasi,"Lemaître, Roell & Brugnera, 2021",PANAMA: Veraguas: Cerro Tute: 4Km W Santa Fé,8.53310,-81.09980,Roell et al 2021a,
Podisus,,thomasi,"Lemaître, Roell & Brugnera, 2021",VENEZUELA:  Lara: Humocaro Bajo,9.67130,-69.97330,Roell et al 2021a,
Podisus,,thomasi,"Lemaître, Roell & Brugnera, 2021",VENEZUELA:  Carabobo: Barbula,10.29120,-69.01940,Roell et al 2021a,
Podisus,,thomasi,"Lemaître, Roell & Brugnera, 2021",VENEZUELA:  Aragua: Guamitas,10.33670,-67.65330,Roell et al 2021a,
Podisus,,thomasi,"Lemaître, Roell & Brugnera, 2021",VENEZUELA:  Aragua: Rancho Grande (Henri Pittier Natl Park),10.38170,-67.61850,Roell et al 2021a,
Podisus,,thomasi,"Lemaître, Roell & Brugnera, 2021",VENEZUELA:  Aragua: El Limón,10.28110,-67.62570,Roell et al 2021a,
Podisus,,thomasi,"Lemaître, Roell & Brugnera, 2021",COLOMBIA:  Boyacá: Santa Maria: sector La Almenara,4.85640,-73.25740,Roell et al 2021a,
Podisus,,thomasi,"Lemaître, Roell & Brugnera, 2021",COLOMBIA:  Cundinamarca: Quipile: Vereda Arabia: Finca el Paraiso no 12,4.74000,-74.56000,Roell et al 2021a,
Podisus,,thomasi,"Lemaître, Roell & Brugnera, 2021",COLOMBIA:  Tolima: Roncesvalles: Vereda El Diamante,4.00990,-75.60480,Roell et al 2021a,
Podisus,,thomasi,"Lemaître, Roell & Brugnera, 2021",ECUADOR: Imbabura: Paramba,0.80310,-78.31440,Roell et al 2021a,
Podisus,,thomasi,"Lemaître, Roell & Brugnera, 2021",ECUADOR: Pichincha: Maquipucuna Biol. Reserve,0.12390,-78.62880,Roell et al 2021a,
Podisus,,tinctus,"Dallas, 1851",COLOMBIA: Bogota,4.60971,-74.08175,Roell et al 2023,
Podisus,,trucidatus,"Thomas, 1992 ",HONDURAN: Parque Nacional de La Tigra,14.21000,-87.05000,Arismendi & Thomas 2003,
Podisus,,ventralis,"Dallas, 1851",VENEZUELA,6.51730,-66.59900,Roell et al 2021a,
Podisus,,ventralis,"Dallas, 1851",VENEZUELA,6.51730,-66.59900,Roell et al 2021a,
Podisus,,ventralis,"Dallas, 1851",ECUADOR: Balzapamba (Podisus neniator) ,-1.76200,-79.17790,Roell et al 2021a,
Podisus,,ventralis,"Dallas, 1851",COLOMBIA:  Cundinamarca: Reserva Chicaque Refugio,4.61480,-74.31120,Roell et al 2021a,
Podisus,,ventralis,"Dallas, 1851",COLOMBIA:  Choachi: La Victoria,4.51660,-73.91660,Roell et al 2021a,
Podisus,,ventralis,"Dallas, 1851",COLOMBIA:  Boyacá: Buenavista: Patiño: Las Lomas,5.05000,-73.40000,Roell et al 2021a,
Podisus,,ventralis,"Dallas, 1851",COLOMBIA:  Risaralda: La Suiza,4.73090,-75.58990,Roell et al 2021a,
Ponapea,,arachnoides,"Ruckes, 1963",MICRONESIA: Caroline Islands,7.33917,151.58998,Ruckes 1963,
Pseudanasida,,fallax,"Schouteden, 1907","INDIA: Tamil Nadu, Tiruchirapalli",10.81000,78.69000,Salini 2015,
Pseudanasida,,ikrami,"Ahmad & kamaluddin, 1983",PAKISTAN,30.00000,70.00000,Thomas 1994,
Rhacognathus,,americanus,"Stål, 1870","USA: Minnesota, Otter Tail",46.40000,-95.70000,Koch et al 2014,
Rhacognathus,,americanus,"Stål, 1870","USA: Michigan, Berrien",41.91000,-86.42000,Swanson 2012,
Rhacognathus,,americanus,"Stål, 1870","USA: Michigan, Clare",43.98000,-84.84000,Swanson 2012,
Rhacognathus,,americanus,"Stål, 1870","USA: Michigan, Livingston",42.60000,-83.91000,Swanson 2012,
Rhacognathus,,americanus,"Stål, 1870","USA: Michigan, Midland",43.64000,-84.38000,Swanson 2012,
Rhacognathus,,callosus,"Horváth, 1903",MONGOLIA,46.00000,105.00000,Thomas 1994,
Rhacognathus,,corniger,"Hsiao & Cheng, 1977",NORTH KOREA: Kaesong,37.97000,126.55000,Jung et al 2015,
Rhacognathus,,punctatus,"Linnaeus, 1758","RUSSIA: Saint Petersburg, Vyborgskiy Rayon",60.05000,30.36000,Gapon & Konstantinov 2006,
Rhacognathus,,punctatus,"Linnaeus, 1758","RUSSIA: Leningradskaya, Serëzhino",59.42000,28.32000,Gapon & Konstantinov 2006,
Rhacognathus,,punctatus,"Linnaeus, 1758","RUSSIA: Irkutsk, Tayshet",55.93000,98.00000,Gapon & Konstantinov 2006,
Rhacognathus,,punctatus,"Linnaeus, 1758",TURKEY: Kars,40.59000,43.08000,Kerzhner 2005,
Rhacognathus,,punctatus,"Linnaeus, 1758",TURKEY: Edirne,41.67000,26.55000,Lodos & Onder 1983,
Rhacognathus,,punctatus,"Linnaeus, 1758","SPAIN: Cantabria, Barquera",43.37000,-4.38000,Tanco 2018,
Rhacognathus,,punctatus,"Linnaeus, 1758","SPAIN: Castilla y Leon, Burgos",42.33000,-3.70000,Tanco 2018,
Rhacognathus,,punctatus,"Linnaeus, 1758","SPAIN: Castilla y Leon, Zamora",41.75000,-6.00000,Tanco 2018,
Rhacognathus,,punctatus,"Linnaeus, 1758",SPAIN: Salamanca,40.96000,-5.66000,Tanco 2018,
Rhacognathus,,punctatus,"Linnaeus, 1758",SPAIN: Cataluna,41.82000,1.86000,Tanco 2018,
Rhacognathus,,punctatus,"Linnaeus, 1758","SPAIN: Galicia, La Coruna",43.37000,-8.39000,Tanco 2018,
Rhacognathus,,punctatus,"Linnaeus, 1758",SPAIN: Lugo,43.00000,-7.50000,Tanco 2018,
Rhacognathus,,punctatus,"Linnaeus, 1758",SPAIN: Pontevedra,42.43000,-8.64000,Tanco 2018,
Rhacognathus,,punctatus,"Linnaeus, 1758",CHINA: Hebei,39.00000,115.66000,Rider & Zhang 2002,
Rhacognathus,,punctatus,"Linnaeus, 1758",CHINA: Nei Mongool,43.50000,114.75000,Rider & Zhang 2002,
Rhacognathus,,punctatus,"Linnaeus, 1758","ZMUC: Zealand, Tisvilde 11/5-13/5.13 Coll Oiuf Jacobsen",56.05000,12.09000,ZMUC,
Rhacognathus,,punctatus,"Linnaeus, 1758","ZMUC: Zealand, Tisvilde 11/5-13/5.13 Coll Oiuf Jacobsen.",56.05000,12.09000,ZMUC,
Rhacognathus,,punctatus,"Linnaeus, 1758",SLOVAKIA: Trenčín.,48.88000,18.03000,MZSP,
Rhacognathus,,punctatus,"Linnaeus, 1758",SLOVAKIA: Trenčín.,48.88000,18.03000,MZSP,
Rhacognathus,,punctatus,"Linnaeus, 1758","GERMANY: Bergener Moor, Luckau District (Kreis Luckau)",51.76300,13.74290,DARC,
Rhacognathus,,punctatus,"Linnaeus, 1758","GERMANY: Saxônia, Hermannsdorf, Krs. Annaberg, NSG. ",50.58000,12.92000,EMG,
Rhacognathus,,punctatus,"Linnaeus, 1758","GERMANY: Saxônia, Chemnitz, W. Heinitz",50.82000,12.92000,EMG,
Rhacognathus,,punctatus,"Linnaeus, 1758",BELGIUM: Calmpthout,51.38440,4.47550,MNHN,
Rhacognathus,,punctatus,"Linnaeus, 1758",FRANCE: Lille,50.63297,3.05858,MNHN,
Rhacognathus,,punctatus,"Linnaeus, 1758","GERMANY: Renânia-Palatinado, Kirn",49.78000,7.45000,ZFMK,
Spockia,,tagala,"Roca-Cusachs & Jung, 2019","PHILIPPINES: Mindanao Island, Compostela Valley, New Albay",7.34,126.11,Roca-Cusachs et al 2019,
Spockia,,tagala,"Roca-Cusachs & Jung, 2019","PHILIPPINES: Mindanao, Lanao del Sur, Wao",7.65,124.70,Roca-Cusachs et al 2019,
Stilbotes,,goulae,goulae Roca-Cusachs & Jung 2018,"PHILIPPINES, Mindanao Island, Lanao del Sur province, Wao",7.65,124.70,Roca-Cusachs et al 2018,
Stilbotes,,semperi,"Stål, 1871","PHILLIPINES: coll. Noualhier 1898, Manille",14.59460,121.13700,MNHN,
Stilbotes,,semperi,"Stål, 1871","PHILIPPINES: Eastern Luzon Island, Aurora province, Dingalan, Sierra Madre forest",15.49,121.45,Roca-Cusachs et al 2018,
Stilbotes,,semperi,"Stål, 1871","PHILIPPINES: Eastern Luzon Island, Quirino, Madela, Disimongal",16.22,121.82,Roca-Cusachs et al 2018,
Stilbotes,,semperi,"Stål, 1871","PHILIPPINES: Mindanao Island, Lanao del Sur province, Wao",7.65,124.70,Roca-Cusachs et al 2018,
Stiretrus,,anchorago,"Fabricius, 1775",HONDURAN: Atlantida,15.73000,-86.51000,Arismendi & Thomas 2003,
Stiretrus,,anchorago,"Fabricius, 1775","USA: New Mexico, Dõna Ana",32.35000,-106.83000,Bundy 2012,
Stiretrus,,anchorago,"Fabricius, 1775","COLOMBIA:  Chocó, Tilupo",7.89000,-77.12000,Castro-Huertas et al 2015,
Stiretrus,,anchorago,"Fabricius, 1775","USA: Minnesota, Anoka",45.27000,-93.24000,Koch et al 2014,
Stiretrus,,anchorago,"Fabricius, 1775","USA: Minnesota, Houston",43.67000,-91.49000,Koch et al 2014,
Stiretrus,,anchorago,"Fabricius, 1775","USA: Minnesota, Le Sueur",44.37000,-93.73000,Koch et al 2014,
Stiretrus,,anchorago,"Fabricius, 1775","USA: Minnesota, Nicollet",44.34000,-94.24000,Koch et al 2014,
Stiretrus,,anchorago,"Fabricius, 1775","USA: Minnesota, Olmstead",43.89000,-92.17000,Koch et al 2014,
Stiretrus,,anchorago,"Fabricius, 1775","USA: Minnesota, Pine",46.12000,-92.74000,Koch et al 2014,
Stiretrus,,anchorago,"Fabricius, 1775","USA: Minnetosa, Ramsey",45.01000,-93.09000,Koch et al 2014,
Stiretrus,,anchorago,"Fabricius, 1775","USA: Minnesota, Washington",45.03000,-92.88000,Koch et al 2014,
Stiretrus,,anchorago,"Fabricius, 1775","USA: Connecticut, Lyme",41.31000,-72.32000,O'Donnell & Schaefer 2012,
Stiretrus,,anchorago,"Fabricius, 1775","USA: Connecticut, Shelton",41.31000,-73.09000,O'Donnell & Schaefer 2012,
Stiretrus,,anchorago,"Fabricius, 1775","USA: Connecticut, Marlborough",41.63000,-72.45000,O'Donnell & Schaefer 2012,
Stiretrus,,anchorago,"Fabricius, 1775","USA: Connecticut, South Meriden",41.51000,-72.83000,O'Donnell & Schaefer 2012,
Stiretrus,,anchorago,"Fabricius, 1775","USA: Connecticut, Westbrook",41.29760,-72.46450,O'Donnell & Schaefer 2012,
Stiretrus,,anchorago,"Fabricius, 1775","USA: Connecticut, Storrs",41.80000,-72.24000,O'Donnell & Schaefer 2012,
Stiretrus,,anchorago,"Fabricius, 1775","USA: Connecticut, Mansfield",41.76000,-72.19000,O'Donnell & Schaefer 2012,
Stiretrus,,anchorago,"Fabricius, 1775","USA: Connecticut, Coventry",41.77000,-72.30000,O'Donnell & Schaefer 2012,
Stiretrus,,anchorago,"Fabricius, 1775","USA: Connecticut, Windsor",41.85000,-72.64000,O'Donnell & Schaefer 2012,
Stiretrus,,anchorago,"Fabricius, 1775","USA: Connecticut, Stonington",41.33671,-71.90504,O'Donnell & Schaefer 2012,
Stiretrus,,anchorago,"Fabricius, 1775","USA: Connecticut, Chaplin",41.79000,-72.12000,O'Donnell & Schaefer 2012,
Stiretrus,,anchorago,"Fabricius, 1775","USA:Connecticut, Killingworth",41.35000,-72.56000,O'Donnell & Schaefer 2012,
Stiretrus,,anchorago,"Fabricius, 1775","USA: Connecticut, New Haven",41.30000,-72.92000,O'Donnell & Schaefer 2012,
Stiretrus,,anchorago,"Fabricius, 1775","USA: Connecticut, Guilford",41.28000,-72.68000,O'Donnell & Schaefer 2012,
Stiretrus,,anchorago,"Fabricius, 1775","USA: Connecticut, Newtown",41.41000,-73.30000,O'Donnell & Schaefer 2012,
Stiretrus,,anchorago,"Fabricius, 1775","USA: Connecticut, Fairfield",41.05000,-73.53000,O'Donnell & Schaefer 2012,
Stiretrus,,anchorago,"Fabricius, 1775","USA: Connecticut, Trumbull",41.24000,-73.20000,O'Donnell & Schaefer 2012,
Stiretrus,,anchorago,"Fabricius, 1775","USA: Connecticut,  Salisbury",41.98000,-73.42000,O'Donnell & Schaefer 2012,
Stiretrus,,anchorago,"Fabricius, 1775","MEXICO: Nayarit, Tepic",21.50000,-104.89000,Ortega León 1997,
Stiretrus,,anchorago,"Fabricius, 1775","MEXICO: Guerrero, Acapulco",16.83000,99.86000,Ortega León 1997,
Stiretrus,,anchorago,"Fabricius, 1775","MEXICO: Tabasco, Teapa",17.60000,-92.95000,Ortega León 1997,
Stiretrus,,anchorago,"Fabricius, 1775","MEXICO: Yucatan, Temax",21.16000,-88.90000,Ortega León 1997,
Stiretrus,,anchorago,"Fabricius, 1775","MEXICO: Veracruz, Atoyac",18.93000,-96.80000,Ortega León 1997,
Stiretrus,,anchorago,"Fabricius, 1775","MEXICO: Veracruz, Orizaba",18.85000,-97.09000,Ortega León 1997,
Stiretrus,,anchorago,"Fabricius, 1775","MEXICO: Sinaloa, Concordia",23.36000,-106.00000,Ortega León 1997,
Stiretrus,,anchorago,"Fabricius, 1775",MEXICO: Las Chirimollas,26.47000,-108.04000,Ortega León 1997,
Stiretrus,,anchorago,"Fabricius, 1775","MEXICO: Sinaloa, Culiacan",24.79000,-107.38000,Ortega León 1997,
Stiretrus,,anchorago,"Fabricius, 1775","MEXICO: Sinaloa, Taxte Viejo",25.00000,-107.50000,Ortega León 1997,
Stiretrus,,anchorago,"Fabricius, 1775","MEXICO: Sinaloa, Mazatlan",23.23000,-106.40000,Ortega León 1997,
Stiretrus,,anchorago,"Fabricius, 1775","MEXICO: Nuevo Leon, Linares",24.85000,-99.56000,Ortega León 1997,
Stiretrus,,anchorago,"Fabricius, 1775","MEXICO: Nuevo Leon, Rayones",25.09000,-100.21000,Ortega León 1997,
Stiretrus,,anchorago,"Fabricius, 1775","MEXICO: Nuevo Leon, Chipinque",25.96000,-100.36000,Ortega León 1997,
Stiretrus,,anchorago,"Fabricius, 1775","MEXICO: Nuevo Leon, Monterrey",25.67000,-100.31000,Ortega León 1997,
Stiretrus,,anchorago,"Fabricius, 1775",MEXICO: Tamaulipas,24.00000,-98.75000,Ortega León 1997,
Stiretrus,,anchorago,"Fabricius, 1775",MEXICO: Zacatecas,22.76000,-102.58000,Ortega León 1997,
Stiretrus,,anchorago,"Fabricius, 1775",MEXICO: San Luis Potosi,22.14000,-100.97000,Ortega León 1997,
Stiretrus,,anchorago,"Fabricius, 1775","MEXICO: Jalisco, Plan de Carranza",20.33000,-103.66000,Ortega León 1997,
Stiretrus,,anchorago,"Fabricius, 1775","MEXICO: Jalisco, Guadalajara",20.66000,-103.39000,Ortega León 1997,
Stiretrus,,anchorago,"Fabricius, 1775","MEXICO: Jalisco, Chamela",19.52000,-105.07000,Ortega León 1997,
Stiretrus,,anchorago,"Fabricius, 1775",MEXICO: Colima,19.24000,-103.72000,Ortega León 1997,
Stiretrus,,anchorago,"Fabricius, 1775",MEXICO: Michoacan,19.16000,-101.83000,Ortega León 1997,
Stiretrus,,anchorago,"Fabricius, 1775",MEXICO: Catemaco,18.42000,-95.11000,Ortega León 1997,
Stiretrus,,anchorago,"Fabricius, 1775","MEXICO: Veracruz, San Andres",18.44000,-95.21000,Ortega León 1997,
Stiretrus,,anchorago,"Fabricius, 1775",MEXICO: Tolome,19.26000,-96.39000,Ortega León 1997,
Stiretrus,,anchorago,"Fabricius, 1775","MEXICO: Estado de Mexico, Malinalco",18.89000,-99.48000,Ortega León 1997,
Stiretrus,,anchorago,"Fabricius, 1775","MEXICO: Guerrero, Vicente Guerrero",23.73000,-103.98000,Ortega León 1997,
Stiretrus,,anchorago,"Fabricius, 1775","MEXICO: Guerrero, Iguala de la Independencia",18.34000,-99.54000,Ortega León 1997,
Stiretrus,,anchorago,"Fabricius, 1775","MEXICO: Morelos, Amatlan",18.97000,-99.03000,Ortega León 1997,
Stiretrus,,anchorago,"Fabricius, 1775","MEXICO: Morelos, Cuernavaca",18.92000,-99.23000,Ortega León 1997,
Stiretrus,,anchorago,"Fabricius, 1775","MEXICO: Morelos, Yautepec de Zaragoza",18.88000,-99.06000,Ortega León 1997,
Stiretrus,,anchorago,"Fabricius, 1775","MEXICO: Puebla, Izucar de Matamoros",18.60000,-98.46000,Ortega León 1997,
Stiretrus,,anchorago,"Fabricius, 1775","MEXICO: Puebla, Atlixco",18.90000,-98.43000,Ortega León 1997,
Stiretrus,,anchorago,"Fabricius, 1775","MEXICO: Oaxaca, El Charquito",15.80000,-96.89000,Ortega León 1997,
Stiretrus,,anchorago,"Fabricius, 1775","MEXICO: Oaxaca, San Gabriel",16.06000,-97.07000,Ortega León 1997,
Stiretrus,,anchorago,"Fabricius, 1775","MEXICO: Oaxaca, Camaron",16.27000,-98.24000,Ortega León 1997,
Stiretrus,,anchorago,"Fabricius, 1775","MEXICO: Oaxaca, Pinotepa",16.34000,-98.05000,Ortega León 1997,
Stiretrus,,anchorago,"Fabricius, 1775","MEXICO: Oaxaca, Valle Nacional",17.79000,-96.32000,Ortega León 1997,
Stiretrus,,anchorago,"Fabricius, 1775","MEXICO: Chiapas, Tuxtla",16.75000,-93.11000,Ortega León 1997,
Stiretrus,,anchorago,"Fabricius, 1775","MEXICO: Chiapas, Ocosingo",16.87000,-91.80000,Ortega León 1997,
Stiretrus,,anchorago,"Fabricius, 1775","MEXICO: Chiapas, Las Casas",16.73000,-92.64000,Ortega León 1997,
Stiretrus,,anchorago,"Fabricius, 1775","MEXICO: Chiapas, Cinco Cerros",16.48000,-94.01000,Ortega León 1997,
Stiretrus,,anchorago,"Fabricius, 1775","MEXICO: Chiapas, Villa Flores",16.23000,-93.27000,Ortega León 1997,
Stiretrus,,anchorago,"Fabricius, 1775","MEXICO: Chiapas, Bonampak",16.70000,-91.06000,Ortega León 1997,
Stiretrus,,anchorago,"Fabricius, 1775","MEXICO: Chiapas, Sepultura",16.30000,-93.72000,Ortega León 1997,
Stiretrus,,anchorago,"Fabricius, 1775","MEXICO: Tabasco, Chontalpa",17.66000,-93.48000,Ortega León 1997,
Stiretrus,,anchorago,"Fabricius, 1775",MEXICO: Tepic,21.50000,-104.89000,Roell et al 2023,
Stiretrus,,anchorago,"Fabricius, 1775","USA: Missouri, City of Louis",38.62000,-90.19000,Sites et al 2012,
Stiretrus,,anchorago,"Fabricius, 1775","USA: Missouri, Ozark",36.64000,-92.44000,Sites et al 2012,
Stiretrus,,anchorago,"Fabricius, 1775","USA: Missouri, Glaciated Plains",36.72000,-91.85000,Sites et al 2012,
Stiretrus,,anchorago,"Fabricius, 1775","USA: Michigan, Arenac",44.04000,-83.74000,Swanson 2012,
Stiretrus,,anchorago,"Fabricius, 1775","USA: Michigan, Barry",42.59000,-85.30000,Swanson 2012,
Stiretrus,,anchorago,"Fabricius, 1775","USA: Michigan, Berrien",41.91000,-86.42000,Swanson 2012,
Stiretrus,,anchorago,"Fabricius, 1775","USA: Michigan, Cheboygan",45.47000,-84.49000,Swanson 2012,
Stiretrus,,anchorago,"Fabricius, 1775","USA: Michigan, Clare",43.98000,-84.84000,Swanson 2012,
Stiretrus,,anchorago,"Fabricius, 1775","USA: Michigan, Clinton",42.94000,-84.60000,Swanson 2012,
Stiretrus,,anchorago,"Fabricius, 1775","USA: Michigan, Delta",45.79000,-86.87000,Swanson 2012,
Stiretrus,,anchorago,"Fabricius, 1775","USA: Michigan, Dickinson",46.00000,-87.87000,Swanson 2012,
Stiretrus,,anchorago,"Fabricius, 1775","USA: Michigan, Gladwin",43.99000,-84.38000,Swanson 2012,
Stiretrus,,anchorago,"Fabricius, 1775","USA: Michigan, Grand Traverse",44.71000,-85.55000,Swanson 2012,
Stiretrus,,anchorago,"Fabricius, 1775","USA: Michigan, Gratiot",43.29000,-84.60000,Swanson 2012,
Stiretrus,,anchorago,"Fabricius, 1775","USA: Michigan, Huron",43.91000,-82.85000,Swanson 2012,
Stiretrus,,anchorago,"Fabricius, 1775","USA: Michigan, Ingham",42.59000,-84.37000,Swanson 2012,
Stiretrus,,anchorago,"Fabricius, 1775","USA: Michigan, Iosco",44.30000,-83.51000,Swanson 2012,
Stiretrus,,anchorago,"Fabricius, 1775","USA: Michigan, Isabella",43.64000,-84.84000,Swanson 2012,
Stiretrus,,anchorago,"Fabricius, 1775","USA: Michigan, Jackson",42.24000,-84.42000,Swanson 2012,
Stiretrus,,anchorago,"Fabricius, 1775","USA: Michigan, Kalkaska",44.68000,-85.09000,Swanson 2012,
Stiretrus,,anchorago,"Fabricius, 1775","USA: Michigan, Kent",43.03000,-85.54000,Swanson 2012,
Stiretrus,,anchorago,"Fabricius, 1775","USA: Michigan, Menominee",45.52000,-87.50000,Swanson 2012,
Stiretrus,,anchorago,"Fabricius, 1775","USA: Michigan, Midland",43.61000,-84.24000,Swanson 2012,
Stiretrus,,anchorago,"Fabricius, 1775","USA: Michigan, Missaukee",44.33000,-85.09000,Swanson 2012,
Stiretrus,,anchorago,"Fabricius, 1775","USA: Michigan, Montcalm",43.31000,-85.15000,Swanson 2012,
Stiretrus,,anchorago,"Fabricius, 1775","USA: Michigan, Montmorency",45.02000,-84.12000,Swanson 2012,
Stiretrus,,anchorago,"Fabricius, 1775","USA: Michigan, Newaygo",43.55000,-85.80000,Swanson 2012,
Stiretrus,,anchorago,"Fabricius, 1775","USA: Michigan, Ogemaw",44.33000,-84.12000,Swanson 2012,
Stiretrus,,anchorago,"Fabricius, 1775","USA: Michigan, Oscoda",44.68000,-84.12000,Swanson 2012,
Stiretrus,,anchorago,"Fabricius, 1775","USA: Michigan, Otsego",45.02000,-84.59000,Swanson 2012,
Stiretrus,,anchorago,"Fabricius, 1775","USA: Michigan, Roscommon",44.33000,-84.61000,Swanson 2012,
Stiretrus,,anchorago,"Fabricius, 1775","USA: Michigan, Tuscola",43.49000,-83.43000,Swanson 2012,
Stiretrus,,anchorago,"Fabricius, 1775","USA: Michigan, Wexford",44.33000,-85.57000,Swanson 2012,
Stiretrus,,anchorago,"Fabricius, 1775","MEXICO: Veracruz, Los Tuxtlas",18.47000,-95.00000,Brailovsky and Mayorga 1994,
Stiretrus,,anchorago,"Fabricius, 1775","USA: Connecticut, Windham",41.69000,-72.15000,Phillips 1983,
Stiretrus,,anchorago,"Fabricius, 1775",USA: Columbia,38.95000,-92.33000,Phillips 1983,
Stiretrus,,anchorago,"Fabricius, 1775","USA: Florida, Tayalor",30.01000,-83.61000,Phillips 1983,
Stiretrus,,anchorago,"Fabricius, 1775","USA: Georgia, Clarke",33.95000,-83.36000,Phillips 1983,
Stiretrus,,anchorago,"Fabricius, 1775","USA: Indiana, Lake",41.47000,-87.37000,Phillips 1983,
Stiretrus,,anchorago,"Fabricius, 1775","USA: Massachusetts, Barnstable",41.70000,-70.29000,Phillips 1983,
Stiretrus,,anchorago,"Fabricius, 1775","USA: Massachusetts, Hampshire",42.34000,-72.66000,Phillips 1983,
Stiretrus,,anchorago,"Fabricius, 1775","USA: New Jersey, Middlesex",40.57000,-74.49000,Phillips 1983,
Stiretrus,,anchorago,"Fabricius, 1775","USA: New Jersey, Ocean",39.95000,-74.19000,Phillips 1983,
Stiretrus,,anchorago,"Fabricius, 1775","USA: New York, Queens",40.68000,-73.83000,Phillips 1983,
Stiretrus,,anchorago,"Fabricius, 1775","USA: New York, Suffolk",40.81000,-73.06000,Phillips 1983,
Stiretrus,,anchorago,"Fabricius, 1775",USA: North Carolina,34.00000,-81.03000,Phillips 1983,
Stiretrus,,anchorago,"Fabricius, 1775","USA: South Carolina, Georgetown",33.37000,-79.29000,Phillips 1983,
Stiretrus,,anchorago,"Fabricius, 1775","USA: Virgnia, King & Queen",37.73150,-76.89680,Phillips 1983,
Stiretrus,,anchorago,"Fabricius, 1775","USA: Illinois, Peoria County, Peoria",40.69000,-89.58000,INHS,
Stiretrus,,anchorago,"Fabricius, 1775","USA: Illinois, Peoria County, Peoria.",40.69000,-89.58000,INHS,
Stiretrus,,anchorago,"Fabricius, 1775","USA: Illinois, Peoria County, Peoria",40.69000,-89.58000,INHS,
Stiretrus,,anchorago,"Fabricius, 1775","USA: Illinois, Pottstown.",40.71000,-89.66000,INHS,
Stiretrus,,anchorago,"Fabricius, 1775","USA: Illinois, Peoria County, Peoria",40.69000,-89.58000,INHS,
Stiretrus,,anchorago,"Fabricius, 1775","USA: Virginia, Henry County.",36.67000,-79.90000,VMNH,
Stiretrus,,anchorago,"Fabricius, 1775","USA: Virginia, Suffolk County, Great Dismal Swamp National Wildlife Refuge. ",36.61000,-76.56000,VMNH,
Stiretrus,,anchorago,"Fabricius, 1775","USA: Virginia, Floyd County, 2km West of Willis. ",36.85000,-80.50000,VMNH,
Stiretrus,,anchorago,"Fabricius, 1775","USA: Virginia, Isle of Wight County. ",36.90000,-76.70000,VMNH,
Stiretrus,,anchorago,"Fabricius, 1775","USA: Virginia, Henry County, near Martinsville, Dupont property. ",36.67000,-79.91000,VMNH,
Stiretrus,,anchorago,"Fabricius, 1775","USA: Virginia, Montgomery County, 8.5m NE Blacksburg, Caldwell Fields Campground.",37.33000,-80.32000,VMNH,
Stiretrus,,anchorago,"Fabricius, 1775","USA: Virginia, Dickenson County, Breaks Interstate Park. ",37.28000,-82.29000,VMNH,
Stiretrus,,anchorago,"Fabricius, 1775","USA: Virginia, Hanover County. Gmi W. Asnlaml. ",37.77000,-77.51000,VMNH,
Stiretrus,,anchorago,"Fabricius, 1775","USA: Virginia, Hanover County, 3 Mi; 5. Ashland. ",37.33000,-77.51000,VMNH,
Stiretrus,,anchorago,"Fabricius, 1775","USA: Virginia, Albemarle County, Charlottesville. ",38.02000,-78.47000,VMNH,
Stiretrus,,anchorago,"Fabricius, 1775","USA: Virginia, Richmond, University of Richmond. ",37.57000,-77.53000,VMNH,
Stiretrus,,anchorago,"Fabricius, 1775","USA: Virginia, Holland.",36.68000,-76.78000,VMNH,
Stiretrus,,anchorago,"Fabricius, 1775","USA: Virginia, Hanover County, 3 Mi; 5. Ashland",37.33000,-77.51000,VMNH,
Stiretrus,,anchorago,"Fabricius, 1775","USA: Virginia, Montgomery County, Route 621, 10 Km NE of US 460.",37.31000,-80.37000,VMNH,
Stiretrus,,anchorago,"Fabricius, 1775","USA: Virginia, Floyd County, Camp Branch Wetlands Natural Area Preserve, 2km West of Willis",36.87000,-80.52000,VMNH,
Stiretrus,,anchorago,"Fabricius, 1775","USA: New York, Tompkins County, Ithaca, Six Mile Creek. ",42.44000,-76.50000,UMSP,
Stiretrus,,anchorago,"Fabricius, 1775","USA: Wisconsin, Waukesha County, McClintok Springs, 5km North of Eagle on 67. ",42.91000,-88.47000,MCPM,
Stiretrus,,anchorago,"Fabricius, 1775","USA: Louisiana, East Baton Rouge Parish",30.56000,-91.09000,FSCA,
Stiretrus,,anchorago,"Fabricius, 1775","USA: Louisiana, East Baton Rouge Parish",30.56000,-91.09000,FSCA,
Stiretrus,,anchorago,"Fabricius, 1775","USA: Louisiana, East Baton Rouge Parish",30.56000,-91.09000,FSCA,
Stiretrus,,anchorago,"Fabricius, 1775","USA: Louisiana, East Baton Rouge Parish",30.56000,-91.09000,FSCA,
Stiretrus,,anchorago,"Fabricius, 1775",MEXICO: Mazatlán Sin.,23.24000,-106.40000,EMG,
Stiretrus,,anchorago,"Fabricius, 1775","USA: Minnesota, St. Peter",44.32000,-93.95000,UMSP,
Stiretrus,,anchorago,"Fabricius, 1775","USA: Minnesota, Pine County, mouth Snake River. ",45.82000,-92.77000,UMSP,
Stiretrus,,bifrenatus,"Breddin, 1906",ECUADOR,-1.37131,-79.08346,SDEI,
Stiretrus,,bifrenatus,"Breddin, 1906",PERU: Pachitea,-9.95262,-75.81390,HNHM,
Stiretrus,,cinctellus,"Germar, 1839","COLOMBIA: Chocó, Sautatá",7.83000,-77.13000,Castro-Huertas et al 2015,
Stiretrus,,cinctellus,"Germar, 1839","BRAZIL: Goiás, Campinorte",-14.04000,-48.97000,Dellape et al 2003,
Stiretrus,,cinctellus,"Germar, 1839","ECUADOR: Napo, Res. Ethnica Waorani, 1km South of Onkone Gare Camp. ",-0.65000,-76.44000,USNM,
Stiretrus,,cinctellus,"Germar, 1839","BRAZIL: Rosario Oeste, Dirings",-14.82610,-56.42270,MZSP,
Stiretrus,,decastigmus,"Herrich-Schäfer, 1838","ARGENTINA:  Buenos Aires, Bella Vista",-34.56000,-58.68000,Dellape et al 2003,
Stiretrus,,decastigmus,"Herrich-Schäfer, 1838","ARGENTINA:  Buenos Aires, Belgrano",-34.56000,-58.45000,Dellape et al 2003,
Stiretrus,,decastigmus,"Herrich-Schäfer, 1838","ARGENTINA:  Buenos Aires, Jose Paz",-34.51000,-58.76000,Dellape et al 2003,
Stiretrus,,decastigmus,"Herrich-Schäfer, 1838","ARGENTINA:  Buenos Aires, La Plata",-34.92000,-57.95000,Dellape et al 2003,
Stiretrus,,decastigmus,"Herrich-Schäfer, 1838","ARGENTINA:  Buenos Aires, Martinez",-34.49000,-58.51000,Dellape et al 2003,
Stiretrus,,decastigmus,"Herrich-Schäfer, 1838","ARGENTINA:  Buenos Aires, Monte Grande",-34.81000,-58.46000,Dellape et al 2003,
Stiretrus,,decastigmus,"Herrich-Schäfer, 1838","ARGENTINA:  Buenos Aires, Palermo",-34.57000,-58.42000,Dellape et al 2003,
Stiretrus,,decastigmus,"Herrich-Schäfer, 1838","ARGENTINA:  Buenos Aires, San Pedro",-34.54000,-58.71000,Dellape et al 2003,
Stiretrus,,decastigmus,"Herrich-Schäfer, 1838","ARGENTINA:  Buenos Aires, Varadero",-34.10000,-58.63000,Dellape et al 2003,
Stiretrus,,decastigmus,"Herrich-Schäfer, 1838","ARGENTINA:  Buenos Aires, Vicente Lopez",-34.52000,-58.47000,Dellape et al 2003,
Stiretrus,,decastigmus,"Herrich-Schäfer, 1838","ARGENTINA:  Buenos Aires, Villa Saenz Peña",-34.55000,-58.50000,Dellape et al 2003,
Stiretrus,,decastigmus,"Herrich-Schäfer, 1838","ARGENTINA:  Buenos Aires, Zelaya",-34.37000,-58.87000,Dellape et al 2003,
Stiretrus,,decastigmus,"Herrich-Schäfer, 1838",ARGENTINA:  Catamarca,-27.00000,-67.00000,Dellape et al 2003,
Stiretrus,,decastigmus,"Herrich-Schäfer, 1838",ARGENTINA:  Chaco,-26.33000,-60.50000,Dellape et al 2003,
Stiretrus,,decastigmus,"Herrich-Schäfer, 1838","ARGENTINA:  Cordoba, Cabana",-31.20000,-64.35000,Dellape et al 2003,
Stiretrus,,decastigmus,"Herrich-Schäfer, 1838","ARGENTINA:  Cordoba, El Sauce",-31.09000,-64.31000,Dellape et al 2003,
Stiretrus,,decastigmus,"Herrich-Schäfer, 1838","ARGENTINA:  Cordoba, San Javier",-32.21000,-65.04000,Dellape et al 2003,
Stiretrus,,decastigmus,"Herrich-Schäfer, 1838","ARGENTINA:  Cordoba, Villa Nueva",-32.43000,-63.24000,Dellape et al 2003,
Stiretrus,,decastigmus,"Herrich-Schäfer, 1838","ARGENTINA:  Entre Ríos, Paranacito",-33.71000,-58.65000,Dellape et al 2003,
Stiretrus,,decastigmus,"Herrich-Schäfer, 1838",ARGENTINA:  Garcia Island,-34.18000,-58.25000,Dellape et al 2003,
Stiretrus,,decastigmus,"Herrich-Schäfer, 1838","ARGENTINA:  Misiones, San Ignacio",-27.25000,-55.33000,Dellape et al 2003,
Stiretrus,,decastigmus,"Herrich-Schäfer, 1838","ARGENTINA:  Salta, Quijano",-24.90000,-65.63000,Dellape et al 2003,
Stiretrus,,decastigmus,"Herrich-Schäfer, 1838","ARGENTINA:  Salta, Las Cañas",-23.04000,-64.92000,Dellape et al 2003,
Stiretrus,,decastigmus,"Herrich-Schäfer, 1838","ARGENTINA:  Salta, Higuera",-22.73000,-65.11000,Dellape et al 2003,
Stiretrus,,decastigmus,"Herrich-Schäfer, 1838","ARGENTINA:  Santa Fe, Coronda",-31.97000,-60.91000,Dellape et al 2003,
Stiretrus,,decastigmus,"Herrich-Schäfer, 1838","ARGENTINA:  Santa Fe, Rosario",-32.94000,-60.63000,Dellape et al 2003,
Stiretrus,,decastigmus,"Herrich-Schäfer, 1838","ARGENTINA:  Santiago del Estero, Beltran",-27.89000,-64.04000,Dellape et al 2003,
Stiretrus,,decastigmus,"Herrich-Schäfer, 1838","ARGENTINA:  Tucuman, Burruyacu",-26.50000,-64.91000,Dellape et al 2003,
Stiretrus,,decastigmus,"Herrich-Schäfer, 1838","BRAZIL: Rio Grande do Sul, Porto Alegre",-30.03000,-51.21000,Dellape et al 2003,
Stiretrus,,decastigmus,"Herrich-Schäfer, 1838",PARAGUAY,-23.33000,-58.00000,Dellape et al 2003,
Stiretrus,,decastigmus,"Herrich-Schäfer, 1838",URUGUAY: Banda Oriental,-33.00000,-56.00000,Dellape et al 2003,
Stiretrus,,decastigmus,"Herrich-Schäfer, 1838",URUGUAY: Montevideo,-34.90000,-56.18000,Dellape et al 2003,
Stiretrus,,decastigmus,"Herrich-Schäfer, 1838","BRAZIL: Rio Grande do Sul, Pelotas.",-31.76000,-52.33000,UFRG,
Stiretrus,,decastigmus,"Herrich-Schäfer, 1838","BRAZIL: Rio Grande do Sul, Porto Alegre. ",-30.03000,-51.21000,UFRG,
Stiretrus,,decastigmus,"Herrich-Schäfer, 1838","BRAZIL: Rio Grande do Sul, Capão do Leão. ",-31.75000,-52.48000,UFRG,
Stiretrus,,decastigmus,"Herrich-Schäfer, 1838","BRAZIL: Santa Catarina, Lages",-27.81000,-50.32000,UFRG,
Stiretrus,,decastigmus,"Herrich-Schäfer, 1838",BRAZIL: Santa Maria - RS,-29.68000,-53.81000,UFRG,
Stiretrus,,decastigmus,"Herrich-Schäfer, 1838","BRAZIL: São Paulo, Bocaina. ",-22.14000,-48.52000,UFRG,
Stiretrus,,decastigmus,"Herrich-Schäfer, 1838",BRAZIL: Minas Gerais.,-18.57790,-45.45140,INPA,
Stiretrus,,decastigmus,"Herrich-Schäfer, 1838","BRAZIL: Rio Grande do Sul, São Francisco de Paula, Pro-Mata.",-29.46000,-50.55000,MZSP,
Stiretrus,,decastigmus,"Herrich-Schäfer, 1838","BRAZIL: Rio Grande do Sul, São Francisco de Paula, Pro-Mata.",-29.46000,-50.55000,MZSP,
Stiretrus,,decastigmus,"Herrich-Schäfer, 1838","BRAZIL: Rio Grande do Sul, Pelotas. ",-31.76000,-52.33000,DZUP,
Stiretrus,,decastigmus,"Herrich-Schäfer, 1838","BRAZIL: Paraná, Ponta Grossa. ",-25.09000,-50.16000,DZUP,
Stiretrus,,decastigmus,"Herrich-Schäfer, 1838","BRAZIL: Paraná, Curitiba, Rio Barigui. ",-25.58000,-49.34000,DZUP,
Stiretrus,,decastigmus,"Herrich-Schäfer, 1838","BRAZIL: Rio Grande do Sul, Ponta Grossa. ",-25.09000,-50.16000,DZUP,
Stiretrus,,decastigmus,"Herrich-Schäfer, 1838","BRAZIL: Paraná, Tibagi, Alto do Amparo.",-24.74000,-50.53000,DZUP,
Stiretrus,,decastigmus,"Herrich-Schäfer, 1838","ARGENTINA:  Salta, ",-24.72000,-65.35000,EMG,
Stiretrus,,decastigmus,"Herrich-Schäfer, 1838","BRAZIL: Santa Catarina, Lages. ",-27.81000,-50.32000,UFRG,
Stiretrus,,decastigmus,"Herrich-Schäfer, 1838","BRAZIL: Santa Catarina, Lages. ",-27.81000,-50.32000,UFRG,
Stiretrus,,decastigmus,"Herrich-Schäfer, 1838",PARAGUAY,-23.33000,-58.00000,EMG,
Stiretrus,,decemguttatus,"Lepeletier & Serville, 1828","ARGENTINA:  Buenos Aires, Punta Lara",-34.83000,-57.97000,Dellape et al 2003,
Stiretrus,,decemguttatus,"Lepeletier & Serville, 1828",ARGENTINA:  Chaco,-26.33000,-60.50000,Dellape et al 2003,
Stiretrus,,decemguttatus,"Lepeletier & Serville, 1828","ARGENTINA:  Cordoba, Calamuchita",-32.25000,-64.58000,Dellape et al 2003,
Stiretrus,,decemguttatus,"Lepeletier & Serville, 1828","ARGENTINA:  Cordoba, La Falda",-31.08000,-64.48000,Dellape et al 2003,
Stiretrus,,decemguttatus,"Lepeletier & Serville, 1828","ARGENTINA:  Cordoba, Tanti",-31.35000,-64.59000,Dellape et al 2003,
Stiretrus,,decemguttatus,"Lepeletier & Serville, 1828","ARGENTINA:  Cordoba, La Paz San Javier",-32.21000,-65.04000,Dellape et al 2003,
Stiretrus,,decemguttatus,"Lepeletier & Serville, 1828","ARGENTINA:  Cordoba, Mina Clavero",-31.72000,-65.00000,Dellape et al 2003,
Stiretrus,,decemguttatus,"Lepeletier & Serville, 1828","ARGENTINA:  Cordoba, Villa Dolores",-31.94000,-65.14000,Dellape et al 2003,
Stiretrus,,decemguttatus,"Lepeletier & Serville, 1828","ARGENTINA:  Corrientes, San Tome",-28.13000,-58.76000,Dellape et al 2003,
Stiretrus,,decemguttatus,"Lepeletier & Serville, 1828",ARGENTINA:  Entre Ríos,-32.00000,-59.00000,Dellape et al 2003,
Stiretrus,,decemguttatus,"Lepeletier & Serville, 1828","ARGENTINA:  Formosa, Clorinda",-25.28000,-57.71000,Dellape et al 2003,
Stiretrus,,decemguttatus,"Lepeletier & Serville, 1828",ARGENTINA:  La Rioja,-29.58000,-67.00000,Dellape et al 2003,
Stiretrus,,decemguttatus,"Lepeletier & Serville, 1828","ARGENTINA:  Misiones, Santa Maria",-27.93000,-55.40000,Dellape et al 2003,
Stiretrus,,decemguttatus,"Lepeletier & Serville, 1828","ARGENTINA:  Misiones, 2 de Mayo",-27.02000,-54.68000,Dellape et al 2003,
Stiretrus,,decemguttatus,"Lepeletier & Serville, 1828","ARGENTINA:  Misiones, Pindapoy",-27.47000,-55.80000,Dellape et al 2003,
Stiretrus,,decemguttatus,"Lepeletier & Serville, 1828","ARGENTINA:  Misiones, San Ignacio",-27.25000,-55.33000,Dellape et al 2003,
Stiretrus,,decemguttatus,"Lepeletier & Serville, 1828","ARGENTINA:  Salta, Oran",-23.13000,-64.32000,Dellape et al 2003,
Stiretrus,,decemguttatus,"Lepeletier & Serville, 1828","ARGENTINA:  Santa Fe, Rosario",-32.94000,-60.63000,Dellape et al 2003,
Stiretrus,,decemguttatus,"Lepeletier & Serville, 1828","ARGENTINA:  Santiago del Estero, Río Salado",-31.68000,-60.74000,Dellape et al 2003,
Stiretrus,,decemguttatus,"Lepeletier & Serville, 1828",ARGENTINA:  Tucuman,-26.82000,-65.22000,Dellape et al 2003,
Stiretrus,,decemguttatus,"Lepeletier & Serville, 1828",BRAZIL: Mato Grosso,-13.00000,-56.00000,Dellape et al 2003,
Stiretrus,,decemguttatus,"Lepeletier & Serville, 1828",BRAZIL: Rio de Janeiro,-22.09000,-43.18000,Dellape et al 2003,
Stiretrus,,decemguttatus,"Lepeletier & Serville, 1828",BRAZIL: São Paulo,-23.54000,-46.63000,Dellape et al 2003,
Stiretrus,,decemguttatus,"Lepeletier & Serville, 1828","PARAGUAY:  San Pedro, San Pedro del Paraná",-26.73000,-56.00000,Dellape et al 2003,
Stiretrus,,decemguttatus,"Lepeletier & Serville, 1828",FRENCH GUIANA: Kourou,5.16000,-52.64000,Lupoli 2019,
Stiretrus,,decemguttatus,"Lepeletier & Serville, 1828",FRENCH GUIANA: Macouria,5.00469,-52.49272,Lupoli 2019,
Stiretrus,,decemguttatus,"Lepeletier & Serville, 1828",FRENCH GUIANA: Montsinéry-Tonnegrande,4.90000,-52.50000,Lupoli 2019,
Stiretrus,,decemguttatus,"Lepeletier & Serville, 1828","VENEZUELA:  Aragua, Henri Pittier National Park. 1100m. 1953-VIII-09. ",10.38000,-67.61000,UFRG,
Stiretrus,,decemguttatus,"Lepeletier & Serville, 1828","BRAZIL: Amazonas, Manaus, INPA.",-3.09000,-59.98000,UFRG,
Stiretrus,,decemguttatus,"Lepeletier & Serville, 1828","BRAZIL: São Paulo, Campinas.",-22.91000,-47.01000,UFRG,
Stiretrus,,decemguttatus,"Lepeletier & Serville, 1828","BRAZIL: Rio Grande do Sul, Parque Estadual do Turvo. ",-27.23000,-53.85000,UFRG,
Stiretrus,,decemguttatus,"Lepeletier & Serville, 1828",BRAZIL: S. Órgãos Petrópolis ,-22.50000,-43.10000,MNRJ,
Stiretrus,,decemguttatus,"Lepeletier & Serville, 1828","BRAZIL: Rio de Janeiro, Itatiaia. ",-22.49000,-44.56000,MNRJ,
Stiretrus,,decemguttatus,"Lepeletier & Serville, 1828","BRAZIL: Rio de Janeiro, Itatiaia. ",-22.49000,-44.56000,MNRJ,
Stiretrus,,decemguttatus,"Lepeletier & Serville, 1828","BRAZIL: Paraná, Arapongas.",-23.41000,-51.42000,MNRJ,
Stiretrus,,decemguttatus,"Lepeletier & Serville, 1828","BRAZIL: Rio de Janeiro, Rio de Janeiro, Jacarepaguá. ",-22.96000,-43.39000,MNRJ,
Stiretrus,,decemguttatus,"Lepeletier & Serville, 1828","BRAZIL: Paraná, Arapongas.",-23.41000,-51.42000,MNRJ,
Stiretrus,,decemguttatus,"Lepeletier & Serville, 1828","BRAZIL: Minas Gerais, Viçosa. ",-20.75000,-42.87000,MNRJ,
Stiretrus,,decemguttatus,"Lepeletier & Serville, 1828","BRAZIL: Minas Gerais, Belo Horizonte. ",-19.91000,-43.93000,BHMH,
Stiretrus,,decemguttatus,"Lepeletier & Serville, 1828","BRAZIL: Minas Gerais, Belo Horizonte. ",-19.91000,-43.93000,BHMH,
Stiretrus,,decemguttatus,"Lepeletier & Serville, 1828","BRAZIL: Santa Catarina, Nova Teutônia. 300-500m.",-27.18000,-52.39000,NMPC,
Stiretrus,,decemguttatus,"Lepeletier & Serville, 1828","BRAZIL: Distrito Federal, Brasília.",-15.80000,-47.85000,NMPC,
Stiretrus,,decemguttatus,"Lepeletier & Serville, 1828","BRAZIL: Distrito Federal, Brasília.",-15.80000,-47.85000,NMPC,
Stiretrus,,decemguttatus,"Lepeletier & Serville, 1828","BRAZIL: Distrito Federal, Brasília.",-15.80000,-47.85000,NMPC,
Stiretrus,,decemguttatus,"Lepeletier & Serville, 1828","BRAZIL: Rio de Janeiro, Nova Friburgo, Mury. ",-22.33000,-42.48000,INPA,
Stiretrus,,decemguttatus,"Lepeletier & Serville, 1828","ARGENTINA:  Salta Prov., Aguas Blancas.",-22.73000,-64.35000,INPA,
Stiretrus,,decemguttatus,"Lepeletier & Serville, 1828","BRAZIL: Rio Grande do Sul, São Francisco de Paula, Pró-Mata.",-29.46000,-50.55000,UFRG,
Stiretrus,,decemguttatus,"Lepeletier & Serville, 1828","BRAZIL: Santa Catarina, Orleans",-28.35000,-49.28000,UFRG,
Stiretrus,,decemguttatus,"Lepeletier & Serville, 1828","BRAZIL: Espírito Santo, Santa Teresa. ",-19.93000,-40.59000,DZUP,
Stiretrus,,decemguttatus,"Lepeletier & Serville, 1828","BRAZIL: Paraná, Jussara, Estrada Horto Florestal. 340m.",-23.62000,-52.47000,DZUP,
Stiretrus,,decemguttatus,"Lepeletier & Serville, 1828","BRAZIL: Espírito Santo, Santa Teresa.",-19.93000,-40.59000,DZUP,
Stiretrus,,decemguttatus,"Lepeletier & Serville, 1828","BRAZIL: Paraná, Ponta Grossa. ",-25.09000,-50.16000,DZUP,
Stiretrus,,decemguttatus,"Lepeletier & Serville, 1828","BRAZIL: Paraná, Ponta Grossa, Olarias. ",-25.11000,-50.14000,DZUP,
Stiretrus,,decemguttatus,"Lepeletier & Serville, 1828","BRAZIL: Espírito Santo, São Mateus.",-18.72000,-39.85000,DZUP,
Stiretrus,,decemguttatus,"Lepeletier & Serville, 1828","PARAGUAY:  Departamento de Itapuá, Vega",-27.21000,-55.71000,EMG,
Stiretrus,,decemguttatus,"Lepeletier & Serville, 1828","PARAGUAY:  Departamento de Itapuá, Vega",-27.21000,-55.71000,EMG,
Stiretrus,,decemguttatus,"Lepeletier & Serville, 1828","PARAGUAY:  Departamento de Itapuá, Vega",-27.21000,-55.71000,EMG,
Stiretrus,,decemguttatus,"Lepeletier & Serville, 1828","PARAGUAY:  Departamento de Itapuá, Vega",-27.21000,-55.71000,EMG,
Stiretrus,,decemguttatus,"Lepeletier & Serville, 1828","PARAGUAY:  Departamento de Itapuá, Vega",-27.21000,-55.71000,EMG,
Stiretrus,,decemguttatus,"Lepeletier & Serville, 1828","PARAGUAY:  Departamento de Itapuá, Vega",-27.21000,-55.71000,EMG,
Stiretrus,,decemguttatus,"Lepeletier & Serville, 1828","BRAZIL: Paraná, Curitiba, Bracatinga.",-25.32000,-49.27000,UFRG,
Stiretrus,,decemguttatus,"Lepeletier & Serville, 1828","BRAZIL: Maranhão, São Luis. ",-2.53000,-44.28000,UFRG,
Stiretrus,,decemguttatus,"Lepeletier & Serville, 1828","BRAZIL: São Paulo, Campinas, Fazenda Rio das Pedras",-22.82000,-47.08000,UFRG,
Stiretrus,,decemguttatus,"Lepeletier & Serville, 1828","BRAZIL: Santa Catarina, Lages",-27.81000,-50.32000,UFRG,
Stiretrus,,decemguttatus,"Lepeletier & Serville, 1828","BRAZIL: Rio Grande do Sul, Parque Estadual Do Turvo. ",-27.23000,-53.85000,UFRG,
Stiretrus,,decemguttatus,"Lepeletier & Serville, 1828","BRAZIL: Pará, Belém, Icoaraci, Km 12 E.F. Bragança Ramal.",-1.32000,-48.45000,UFRG,
Stiretrus,,decemguttatus,"Lepeletier & Serville, 1828",BRAZIL: Belém Mocambo ,-1.46750,-48.47800,UFRG,
Stiretrus,,decemguttatus,"Lepeletier & Serville, 1828","BRAZIL: Maranhão, São Luis. ",-2.53000,-44.28000,UFRG,
Stiretrus,,decemguttatus,"Lepeletier & Serville, 1828","BRAZIL: Amazonas, Manaus.",-3.11000,-60.02000,INPA,
Stiretrus,,erythrocephalus,"Lepeletier & Serville, 1828","ARGENTINA:  Buenos Aires, Capital",-34.61000,-58.37000,Dellape et al 2003,
Stiretrus,,erythrocephalus,"Lepeletier & Serville, 1828","ARGENTINA:  Buenos Aires, Chacabuco",-34.66000,-60.33000,Dellape et al 2003,
Stiretrus,,erythrocephalus,"Lepeletier & Serville, 1828","ARGENTINA:  Buenos Aires, La Plata",-34.92000,-57.95000,Dellape et al 2003,
Stiretrus,,erythrocephalus,"Lepeletier & Serville, 1828","ARGENTINA:  Buenos Aires, Punta Lara",-34.83000,-57.97000,Dellape et al 2003,
Stiretrus,,erythrocephalus,"Lepeletier & Serville, 1828","ARGENTINA:  Cordoba, Calamuchita",-32.25000,-64.58000,Dellape et al 2003,
Stiretrus,,erythrocephalus,"Lepeletier & Serville, 1828","ARGENTINA:  Cordoba, La Falda",-31.08000,-64.48000,Dellape et al 2003,
Stiretrus,,erythrocephalus,"Lepeletier & Serville, 1828","ARGENTINA:  Cordoba, La Paz",-32.21000,-65.04000,Dellape et al 2003,
Stiretrus,,erythrocephalus,"Lepeletier & Serville, 1828","ARGENTINA:  Cordoba, San Javier",-32.21000,-65.04000,Dellape et al 2003,
Stiretrus,,erythrocephalus,"Lepeletier & Serville, 1828","ARGENTINA:  Corrientes, Santo Tomé",-28.25000,-56.25000,Dellape et al 2003,
Stiretrus,,erythrocephalus,"Lepeletier & Serville, 1828","ARGENTINA:  Entre Ríos, Paraná",-31.73000,-60.52000,Dellape et al 2003,
Stiretrus,,erythrocephalus,"Lepeletier & Serville, 1828","ARGENTINA:  Formosa, Arreta",-26.18000,-58.17000,Dellape et al 2003,
Stiretrus,,erythrocephalus,"Lepeletier & Serville, 1828","ARGENTINA:  La Rioja, San Francisco",-29.08000,-65.93000,Dellape et al 2003,
Stiretrus,,erythrocephalus,"Lepeletier & Serville, 1828","ARGENTINA:  Misiones, Posadas",-27.36000,-55.89000,Dellape et al 2003,
Stiretrus,,erythrocephalus,"Lepeletier & Serville, 1828","ARGENTINA:  Misiones, San Ignacio",-27.25000,-55.33000,Dellape et al 2003,
Stiretrus,,erythrocephalus,"Lepeletier & Serville, 1828","ARGENTINA:  Salta, Oran",-23.13000,-64.32000,Dellape et al 2003,
Stiretrus,,erythrocephalus,"Lepeletier & Serville, 1828","ARGENTINA:  Santa Fe, Rosario",-32.94000,-60.63000,Dellape et al 2003,
Stiretrus,,erythrocephalus,"Lepeletier & Serville, 1828","ARGENTINA:  Santiago del Estero, Río Salado",-31.68000,-60.74000,Dellape et al 2003,
Stiretrus,,erythrocephalus,"Lepeletier & Serville, 1828",ARGENTINA:  Tucuman,-26.82000,-65.22000,Dellape et al 2003,
Stiretrus,,erythrocephalus,"Lepeletier & Serville, 1828","BRAZIL: Minas Gerais, Belo Horizonte. Oscar Monte,",-19.91000,-43.93000,MNRJ,
Stiretrus,,erythrocephalus,"Lepeletier & Serville, 1828","BRAZIL: Minas Gerais, Itajubá.",-22.42000,-45.46000,MNRJ,
Stiretrus,,erythrocephalus,"Lepeletier & Serville, 1828","BRAZIL: São Paulo, Barueri. ",-23.51000,-46.87000,MNRJ,
Stiretrus,,erythrocephalus,"Lepeletier & Serville, 1828","BRAZIL: São Paulo, Campinas. ",-22.90000,-47.06000,UFRG,
Stiretrus,,erythrocephalus,"Lepeletier & Serville, 1828","BRAZIL: São Paulo, Campinas.",-22.90000,-47.06000,UFRG,
Stiretrus,,erythrocephalus,"Lepeletier & Serville, 1828","BRAZIL: São Paulo, Campinas. ",-22.90000,-47.06000,UFRG,
Stiretrus,,erythrocephalus,"Lepeletier & Serville, 1828","BRAZIL: Goiás, Goiânia",-16.68000,-49.26000,UFRG,
Stiretrus,,erythrocephalus,"Lepeletier & Serville, 1828","BRAZIL: São Paulo, Campinas, UNICAMP",-22.81000,-47.06000,UFRG,
Stiretrus,,erythrocephalus,"Lepeletier & Serville, 1828","BRAZIL: Paraná, Londrina. ",-23.31000,-51.16000,UFRG,
Stiretrus,,erythrocephalus,"Lepeletier & Serville, 1828","BRAZIL: Paraná, Londrina.",-23.31000,-51.16000,UFRG,
Stiretrus,,erythrocephalus,"Lepeletier & Serville, 1828","BRAZIL: São Paulo, Campinas, UNICAMP. ",-22.81000,-47.06000,UFRG,
Stiretrus,,erythrocephalus,"Lepeletier & Serville, 1828","BRAZIL: São Paulo, São José do Rio Preto. Márcio",-20.81000,-49.37000,UFRG,
Stiretrus,,erythrocephalus,"Lepeletier & Serville, 1828","BRAZIL: Rio Grande do Sul, Santa Maria.",-29.68000,-53.81000,UFRG,
Stiretrus,,erythrocephalus,"Lepeletier & Serville, 1828","BRAZIL: Minas Gerais, Viçosa.",-20.75000,-42.87000,UFRG,
Stiretrus,,erythrocephalus,"Lepeletier & Serville, 1828","BRAZIL: Minas Gerais, Viçosa.",-20.75000,-42.87000,UFRG,
Stiretrus,,erythrocephalus,"Lepeletier & Serville, 1828","BRAZIL: São Paulo, Campinas. ",-22.90000,-47.06000,UFRG,
Stiretrus,,erythrocephalus,"Lepeletier & Serville, 1828","BRAZIL: Rio Grande do Sul, Eldorado do Sul, Fazenda Minuano",-30.11000,-51.63000,UFRG,
Stiretrus,,erythrocephalus,"Lepeletier & Serville, 1828","BRAZIL: Minas Gerais, Belo Horizonte.",-19.91000,-43.93000,BHMH,
Stiretrus,,erythrocephalus,"Lepeletier & Serville, 1828","BRAZIL: Minas Gerais, Belo Horizonte.",-19.91000,-43.93000,BHMH,
Stiretrus,,erythrocephalus,"Lepeletier & Serville, 1828","BRAZIL: Santa Catarina, Nova Teutônia. 300-500m",-27.18000,-52.40000,NMPC,
Stiretrus,,erythrocephalus,"Lepeletier & Serville, 1828","ARGENTINA:  Catamarca Prov., Villa Las Pirquitas. 700m.",-28.28000,-65.73000,INPA,
Stiretrus,,erythrocephalus,"Lepeletier & Serville, 1828","BRAZIL: Santa Catarina, Içara. ",-28.71000,-49.30000,UFRG,
Stiretrus,,erythrocephalus,"Lepeletier & Serville, 1828","BRAZIL: Paraná, Castro",-24.79000,-50.01000,DZUP,
Stiretrus,,erythrocephalus,"Lepeletier & Serville, 1828","BRAZIL: Espírito Santo, Santa Teresa",-19.93000,-40.59000,DZUP,
Stiretrus,,erythrocephalus,"Lepeletier & Serville, 1828","BRAZIL: Paraná, Ponta Grossa.",-25.09000,-50.16000,DZUP,
Stiretrus,,erythrocephalus,"Lepeletier & Serville, 1828","BRAZIL: Paraná, Ponta Grossa.",-25.09000,-50.16000,DZUP,
Stiretrus,,erythrocephalus,"Lepeletier & Serville, 1828","BRAZIL: Paraná, Ponta Grossa, Pedreira.",-25.09000,-50.16000,DZUP,
Stiretrus,,erythrocephalus,"Lepeletier & Serville, 1828","BRAZIL: Espírito Santo, Linhares.",-19.39000,-40.06000,DZUP,
Stiretrus,,erythrocephalus,"Lepeletier & Serville, 1828","BRAZIL: Paraná, Ponta Grossa.",-25.09000,-50.16000,DZUP,
Stiretrus,,erythrocephalus,"Lepeletier & Serville, 1828","BRAZIL: Paraná, Jaguariaíva",-24.26000,-49.72000,DZUP,
Stiretrus,,erythrocephalus,"Lepeletier & Serville, 1828","ARGENTINA:  Salta, 1800m",-24.77000,-65.43000,EMG,
Stiretrus,,erythrocephalus,"Lepeletier & Serville, 1828","ARGENTINA:  Salta, 1800m",-24.77000,-65.43000,EMG,
Stiretrus,,erythrocephalus,"Lepeletier & Serville, 1828","ARGENTINA:  Salta, 1800m",-24.77000,-65.43000,EMG,
Stiretrus,,erythrocephalus,"Lepeletier & Serville, 1828","BRAZIL: Santa Catarina, Nova teutônia",-27.16000,-52.41000,EMG,
Stiretrus,,erythrocephalus,"Lepeletier & Serville, 1828","BRAZIL: Santa Catarina, Nova teutônia",-27.16000,-52.41000,EMG,
Stiretrus,,erythrocephalus,"Lepeletier & Serville, 1828","BRAZIL: Santa Catarina, Nova teutônia",-27.16000,-52.41000,EMG,
Stiretrus,,loratus,"Germar, 1839","ARGENTINA: Buenos Aires, Capital",-34.61000,-58.37000,Dellape et al 2003,
Stiretrus,,loratus,"Germar, 1839","ARGENTINA: Misiones, San Ignacio",-27.25000,-55.33000,Dellape et al 2003,
Stiretrus,,loratus,"Germar, 1839","ARGENTINA: Misiones, Santa Maria",-27.93000,-55.40000,Dellape et al 2003,
Stiretrus,,loratus,"Germar, 1839",FRENCH GUIANA: Cayenne,4.93000,-52.33000,Lupoli 2019,
Stiretrus,,loratus,"Germar, 1839",PARAGUAY,-23.33000,-58.00000,NMPC,
Stiretrus,,loratus,"Germar, 1839","PERU: Cusco, Pillcopata",-12.90000,-71.40000,UFRG,
Stiretrus,,loratus,"Germar, 1839","BRAZIL: Santa Catarina, Lages",-27.81000,-50.32000,UFRG,
Stiretrus,,loratus,"Germar, 1839","BRAZIL: Santa Catarina, Nova Teutônia. 300m-500m",-27.18000,-52.39000,DZUP,
Stiretrus,,loratus,"Germar, 1839","BRAZIL: Santa Catarina, Nova Teutônia. 300m-500m",-27.18000,-52.39000,DZUP,
Stiretrus,,loratus,"Germar, 1839",BRAZIL: Espirito Santo,-19.58152,-40.57511,SDEI,
Stiretrus,,quinquepunctatus,"Germar, 1839","DOMINICAN REPUBLIC: La Altagracia, Veron",18.60000,-68.41000,Perez-Gelabert & Thomas 2005,
Supputius,,cincticeps,"Stål, 1858","BRAZIL: Santa Catarina, Araranguá, Morro dos Conventos.",-28.94000,-49.37000,UFRG,
Supputius,,cincticeps,"Stål, 1858","BRAZIL: Santa Catarina, Criciúma, Parque Ecológico Municipal José Milanese.",-28.69000,-49.43000,UFRG,
Supputius,,cincticeps,"Stål, 1858","BRAZIL: Santa Catarina, Nova Veneza, São Bento Baixo. ",-28.70000,-49.50000,UFRG,
Supputius,,cincticeps,"Stål, 1858","BRAZIL: Santa Catarina, Içara",-28.71000,-49.31000,UFRG,
Supputius,,cincticeps,"Stål, 1858","BRAZIL: Paraná, Londrina.",-23.31000,-51.16000,UFRG,
Supputius,,cincticeps,"Stål, 1858","BRAZIL: Rio Grande do Sul, Porto Alegre",-30.03000,-51.21000,UFRG,
Supputius,,cincticeps,"Stål, 1858","BRAZIL: Espírito Santo, Santa Teresa",-19.93000,-40.59000,UFRG,
Supputius,,cincticeps,"Stål, 1858","BRAZIL: Goiás, Corumbá de Goiás.",-15.92000,-48.81000,UFRG,
Supputius,,cincticeps,"Stål, 1858","BRAZIL: São Paulo, Barueri.",-23.51000,-46.87000,UFRG,
Supputius,,cincticeps,"Stål, 1858","BRAZIL: Rio Grande do Sul, São Jerônimo. ",-29.96000,-51.72000,UFRG,
Supputius,,cincticeps,"Stål, 1858","BRAZIL: Paraná, Colombo",-25.29000,-49.22000,UFRG,
Supputius,,cincticeps,"Stål, 1858","BRAZIL: Goiás, Corumbá de Goiás, Fazenda Monjolinho.",-15.92000,-48.81000,UFRG,
Supputius,,cincticeps,"Stål, 1858","PARAGUAY:  Itapua, 17km N de Hohenau",-26.94000,-55.64000,UFRG,
Supputius,,cincticeps,"Stål, 1858","BRAZIL: Rio de Janeiro, Rio de Janeiro, Corcovado.",-22.95000,-43.21000,UFRG,
Supputius,,cincticeps,"Stål, 1858","BRAZIL: Rio Grande do Sul, Catuípe.",-28.25000,-54.01000,UFRG,
Supputius,,cincticeps,"Stål, 1858","BRAZIL: Rio Grande do Sul, Canguçu.",-31.39000,-52.67000,UFRG,
Supputius,,cincticeps,"Stål, 1858","BRAZIL: Distrito Federal, Planaltina. 1000m.",-15.58000,-47.70000,UFRG,
Supputius,,cincticeps,"Stål, 1858","BRAZIL: Paraná, Curitbia.",-25.44000,-49.23000,UFRG,
Supputius,,cincticeps,"Stål, 1858","BRAZIL: Distrito Federal, Brasília.",-15.80000,-47.86000,UFRG,
Supputius,,cincticeps,"Stål, 1858","BRAZIL: Santa Catarina, Nova Teutônia. 300m-500m. ",-27.18000,-52.39000,UFRG,
Supputius,,cincticeps,"Stål, 1858","BRAZIL: Santa Catarina, Nova Teutônia. 300m-500m. ",-27.18000,-52.39000,UFRG,
Supputius,,cincticeps,"Stål, 1858","BRAZIL: Santa Catarina, Nova Teutônia. 300m-500m. ",-27.18000,-52.39000,UFRG,
Supputius,,cincticeps,"Stål, 1858","BRAZIL: Santa Catarina, Nova Teutônia. 300m-500m. ",-27.18000,-52.39000,UFRG,
Supputius,,cincticeps,"Stål, 1858","BRAZIL: Santa Catarina, Nova Teutônia. 300m-500m. ",-27.18000,-52.39000,UFRG,
Supputius,,cincticeps,"Stål, 1858","BRAZIL: Santa Catarina, Nova Teutônia. 300m-500m. ",-27.18000,-52.39000,UFRG,
Supputius,,cincticeps,"Stål, 1858","BRAZIL: Santa Catarina, Nova Teutônia. 300m-500m. ",-27.18000,-52.39000,UFRG,
Supputius,,cincticeps,"Stål, 1858","BRAZIL: Santa Catarina, Nova Teutônia. 300m-500m. ",-27.18000,-52.39000,UFRG,
Supputius,,cincticeps,"Stål, 1858","BRAZIL: Santa Catarina, Nova Teutônia. 300m-500m. ",-27.18000,-52.39000,UFRG,
Supputius,,cincticeps,"Stål, 1858","BRAZIL: Santa Catarina, Nova Teutônia. 300m-500m. ",-27.18000,-52.39000,UFRG,
Supputius,,cincticeps,"Stål, 1858","BRAZIL: Santa Catarina, Nova Teutônia. 300m-500m. ",-27.18000,-52.39000,UFRG,
Supputius,,cincticeps,"Stål, 1858","BRAZIL: Santa Catarina, Nova Teutônia. ",-27.18000,-52.39000,UFRG,
Supputius,,cincticeps,"Stål, 1858","BRAZIL: Santa Catarina, Nova Teutônia. 300m-500m. ",-27.18000,-52.39000,UFRG,
Supputius,,cincticeps,"Stål, 1858","ARGENTINA:  Misiones Prov., Eldorado Dept., Colonia Victoria. ",-26.33000,-54.62000,UFRG,
Supputius,,cincticeps,"Stål, 1858","BRAZIL: Santa Catarina, Nova Teutônia. 300m-500m. ",-27.18000,-52.39000,UFRG,
Supputius,,cincticeps,"Stål, 1858","BRAZIL: Santa Catarina, Nova Teutônia. 300m-500m. ",-27.18000,-52.39000,UFRG,
Supputius,,cincticeps,"Stål, 1858","BRAZIL: Santa Catarina, Nova Teutônia. 300m-500m. ",-27.18000,-52.39000,UFRG,
Supputius,,cincticeps,"Stål, 1858","BRAZIL: Santa Catarina, Nova Teutônia. 300m-500m. ",-27.18000,-52.39000,UFRG,
Supputius,,cincticeps,"Stål, 1858","BRAZIL: Santa Catarina, Nova Teutônia. 300m-500m. ",-27.18000,-52.39000,UFRG,
Supputius,,cincticeps,"Stål, 1858","BRAZIL: Santa Catarina, Nova Teutônia. 300m-500m. ",-27.18000,-52.39000,UFRG,
Supputius,,cincticeps,"Stål, 1858","BRAZIL: Santa Catarina, Nova Teutônia. 300m-500m. ",-27.18000,-52.39000,UFRG,
Supputius,,cincticeps,"Stål, 1858","BRAZIL: Santa Catarina, Nova Teutônia. 300m-500m. ",-27.18000,-52.39000,UFRG,
Supputius,,cincticeps,"Stål, 1858","BRAZIL: Santa Catarina, Nova Teutônia. 300m-500m. ",-27.18000,-52.39000,UFRG,
Supputius,,cincticeps,"Stål, 1858","BRAZIL: Santa Catarina, Nova Teutônia. 300m-500m. ",-27.18000,-52.39000,UFRG,
Supputius,,cincticeps,"Stål, 1858","BRAZIL: Santa Catarina, Nova Teutônia. 300m-500m. ",-27.18000,-52.39000,UFRG,
Supputius,,cincticeps,"Stål, 1858","BRAZIL: Santa Catarina, Nova Teutônia. 300m-500m. ",-27.18000,-52.39000,UFRG,
Supputius,,cincticeps,"Stål, 1858","BRAZIL: Santa Catarina, Nova Teutônia. 300m-500m. ",-27.18000,-52.39000,UFRG,
Supputius,,cincticeps,"Stål, 1858","BRAZIL: Santa Catarina, Nova Teutônia. 300m-500m. ",-27.18000,-52.39000,UFRG,
Supputius,,cincticeps,"Stål, 1858","BRAZIL: Santa Catarina, Nova Teutônia. 300m-500m. ",-27.18000,-52.39000,UFRG,
Supputius,,cincticeps,"Stål, 1858","BRAZIL: Santa Catarina, Nova Teutônia. 300m-500m. ",-27.18000,-52.39000,UFRG,
Supputius,,cincticeps,"Stål, 1858","BRAZIL: Santa Catarina, Nova Teutônia. 300m-500m. ",-27.18000,-52.39000,UFRG,
Supputius,,cincticeps,"Stål, 1858","BRAZIL: Santa Catarina, Nova Teutônia. 300m-500m. ",-27.18000,-52.39000,UFRG,
Supputius,,cincticeps,"Stål, 1858","BRAZIL: Rio de Janeiro, Rio de Janeiro, Corcovado.",-22.95000,-43.20000,UFRG,
Supputius,,cincticeps,"Stål, 1858","BRAZIL: Santa Catarina, Nova Teutônia. 300m-500m. ",-27.18000,-52.39000,UFRG,
Supputius,,cincticeps,"Stål, 1858","BRAZIL: Santa Catarina, Nova Teutônia. 300m-500m. ",-27.18000,-52.39000,UFRG,
Supputius,,cincticeps,"Stål, 1858","BRAZIL: São Paulo, Barueri.",-23.51000,-46.87000,UFRG,
Supputius,,cincticeps,"Stål, 1858","BRAZIL: Minas Gerais, Belo Horizonte, Campus BHMH.",-19.87000,-43.96000,UFRG,
Supputius,,cincticeps,"Stål, 1858","BRAZIL: Rio Grande do Sul, Catuípe.",-28.25000,-54.01000,UFRG,
Supputius,,cincticeps,"Stål, 1858","BRAZIL: São Paulo, Salesópolis, Estação Biológica Boraceia. ",-23.63000,-45.87000,UFRG,
Supputius,,cincticeps,"Stål, 1858","BRAZIL: São Paulo, São Sebastião - Ilhabela.",-23.82000,-45.34000,UFRG,
Supputius,,cincticeps,"Stål, 1858","BRAZIL: Mato Grosso, Campo Grande. ",-16.16000,-56.26000,UFRG,
Supputius,,cincticeps,"Stål, 1858","BRAZIL: Distrito Federal, Planaltina. 1000m.",-15.58000,-47.70000,UFRG,
Supputius,,cincticeps,"Stål, 1858","BRAZIL: Distrito Federal, Planaltina. 1000m.",-15.58000,-47.70000,UFRG,
Supputius,,cincticeps,"Stål, 1858","BRAZIL: Rio de Janeiro, Parque Nacional da Tijuca, Floresta da Tijuca. ",-22.95000,-43.27000,UFRG,
Supputius,,cincticeps,"Stål, 1858","BRAZIL: Paraná, Palotina. ",-24.28000,-53.83000,UFRG,
Supputius,,cincticeps,"Stål, 1858","BRAZIL: São Paulo, São Paulo",-23.54000,-46.63000,UFRG,
Supputius,,cincticeps,"Stål, 1858","VENEZUELA:  Guárico, San Juan de los Morros.",9.91000,-67.36000,UFRG,
Supputius,,cincticeps,"Stål, 1858","BRAZIL: Santa Catarina, Corupá. ",-26.43000,-49.24000,UFRG,
Supputius,,cincticeps,"Stål, 1858","BRAZIL: Distrito Federal, Planaltina. 1000m. ",-15.58000,-47.70000,UFRG,
Supputius,,cincticeps,"Stål, 1858","BRAZIL: Goiás, Goiânia.",-16.68000,-49.27000,UFRG,
Supputius,,cincticeps,"Stål, 1858","URUGUAY, Colonia, Riachuelo. A. Stevenin.",-34.42000,-57.72000,UFRG,
Supputius,,cincticeps,"Stål, 1858","BRAZIL: Amazonas, Rio Negro, São Gabriel da Cachoeira, Maturacá. ",-0.12000,-67.08000,UFRG,
Supputius,,cincticeps,"Stål, 1858","BRAZIL: Rio Grande do Sul, Pelotas.",-31.76000,-52.33000,UFRG,
Supputius,,cincticeps,"Stål, 1858","BRAZIL: Paraná, Ponta Grossa. ",-25.09000,-50.16000,UFRG,
Supputius,,cincticeps,"Stål, 1858","BRAZIL: Espírito Santo, Santa Teresa",-19.93000,-40.59000,UFRG,
Supputius,,cincticeps,"Stål, 1858","BRAZIL: Espírito Santo, Barra de São Francisco, Córrego do Itá.",-18.69000,-40.86000,UFRG,
Supputius,,cincticeps,"Stål, 1858","BRAZIL: Rio de Janeiro, Rio de Janeiro, Corcovado.",-22.95000,-43.21000,UFRG,
Supputius,,cincticeps,"Stål, 1858","BRAZIL: Minas Gerais, Cambuquira.",-21.85000,-45.29000,UFRG,
Supputius,,cincticeps,"Stål, 1858","BRAZIL: Minas Gerais, Carmo do Rio Claro. ",-20.97000,-46.11000,UFRG,
Supputius,,cincticeps,"Stål, 1858","BRAZIL: Rondônia, Porto Velho, Av. Guaporé. ",-8.76000,-63.86000,UFRG,
Supputius,,cincticeps,"Stål, 1858","BRAZIL: Rio Grande do Sul, Porto Alegre.",-30.03000,-51.21000,UFRG,
Supputius,,cincticeps,"Stål, 1858","BRAZIL: Amazonas, Rio Negro, São Gabriel da Cachoeira, Maturacá. ",-0.12000,-67.08000,UFRG,
Supputius,,cincticeps,"Stål, 1858","BRAZIL: Goiás, Parque Estadual dos Pirineus. ",-15.79000,-48.84000,UFRG,
Supputius,,cincticeps,"Stål, 1858","BRAZIL: Santa Catarina, Florianópolis, Morro das Pedras.",-27.70000,-48.50000,UFRG,
Supputius,,cincticeps,"Stål, 1858","BRAZIL: Paraná, Colombo. ",-25.29000,-49.22000,UFRG,
Supputius,,cincticeps,"Stål, 1858","BRAZIL: Rio Grande do Sul, Santa Maria. ",-29.68000,-53.81000,UFRG,
Supputius,,cincticeps,"Stål, 1858","BRAZIL: Paraná, Londrina. ",-23.31000,-51.16000,UFRG,
Supputius,,cincticeps,"Stål, 1858","BRAZIL: Rio Grande do Sul, Gravataí.",-29.94000,-50.98000,UFRG,
Supputius,,cincticeps,"Stål, 1858","BRAZIL: Fazenda Monjolinho, Corumbá, GO.",-15.91820,-48.81340,UFRG,
Supputius,,cincticeps,"Stål, 1858","BRAZIL: Paraná, Ponta Grossa. ",-25.09000,-50.16000,UFRG,
Supputius,,cincticeps,"Stål, 1858","BRAZIL: Rio Grande do Sul, Santa Maria.",-29.68000,-53.81000,UFRG,
Supputius,,cincticeps,"Stål, 1858","BRAZIL: Santa Catarina, Corupá, SC.",-26.43000,-49.24000,UFRG,
Supputius,,cincticeps,"Stål, 1858","BRAZIL: Rio Grande do Sul, Gravataí. ",-29.94000,-50.98000,UFRG,
Supputius,,cincticeps,"Stål, 1858","BRAZIL: São Paulo, Campinas, Unicamp. ",-22.81000,-47.07000,UFRG,
Supputius,,cincticeps,"Stål, 1858","BRAZIL: São Paulo, Barueri. ",-23.51000,-46.87000,UFRG,
Supputius,,cincticeps,"Stål, 1858","BRAZIL: São Paulo, Sorocaba. ",-23.50000,-47.45000,UFRG,
Supputius,,cincticeps,"Stål, 1858","BRAZIL: Rio Grande do Sul, Porto Alegre. ",-30.03000,-51.21000,UFRG,
Supputius,,cincticeps,"Stål, 1858","BRAZIL: Minas Gerais, Belo Horizonte, Campus BHMH, MG",-19.87000,-43.96000,UFRG,
Supputius,,cincticeps,"Stål, 1858","BRAZIL: Rio Grande do Sul, Santa Maria. ",-29.68000,-53.81000,UFRG,
Supputius,,cincticeps,"Stål, 1858","BRAZIL: Minas Gerais, Belo Horizonte, Campus BHMH.",-19.87000,-43.96000,UFRG,
Supputius,,cincticeps,"Stål, 1858","BRAZIL: Paraná, Lapa.",-25.76000,-49.71000,UFRG,
Supputius,,cincticeps,"Stål, 1858","BRAZIL: Minas Gerais, Belo Horizonte, Campus BHMH.",-19.87000,-43.96000,UFRG,
Supputius,,cincticeps,"Stål, 1858","BRAZIL: Estação Experimental, Instituto Florestal, Itararé, SP. ",-24.29140,-49.20410,UFRG,
Supputius,,cincticeps,"Stål, 1858","BRAZIL: Estação Experimental, Instituto Florestal, Itararé, SP.",-24.29140,-49.20410,UFRG,
Supputius,,cincticeps,"Stål, 1858","BRAZIL: Paraná, Londrina. ",-23.31000,-51.16000,UFRG,
Supputius,,cincticeps,"Stål, 1858","BRAZIL: Rio Grande do Sul, Santa Maria. ",-29.68000,-53.81000,UFRG,
Supputius,,cincticeps,"Stål, 1858","BRAZIL: São Paulo, Piracicaba, ESALQ. ",-22.71000,-47.63000,UFRG,
Supputius,,cincticeps,"Stål, 1858","BRAZIL: Rio Grande do Sul, Catuípe.",-28.25000,-54.00000,UFRG,
Supputius,,cincticeps,"Stål, 1858","BRAZIL: Rio Grande do Sul, Barra do Quaraí. ",-30.20000,-57.55000,UFRG,
Supputius,,cincticeps,"Stål, 1858","BRAZIL: Minas Gerais, Viçosa",-20.75000,-42.87000,UFRG,
Supputius,,cincticeps,"Stål, 1858","BRAZIL: São Paulo, Baruerí. ",-23.52000,-46.87000,UFRG,
Supputius,,cincticeps,"Stål, 1858","BRAZIL: Rio Grande do Sul, Erechim. ",-27.63000,-52.27000,UFRG,
Supputius,,cincticeps,"Stål, 1858","BRAZIL: Rio Grande do Sul, Catuípe.",-28.25000,-54.00000,UFRG,
Supputius,,cincticeps,"Stål, 1858","BRAZIL: Minas Gerais, Belo Horizonte",-19.87000,-43.96000,UFRG,
Supputius,,cincticeps,"Stål, 1858","BRAZIL: Rio Grande do Sul, Ijuí",-28.38000,-53.92000,UFRG,
Supputius,,cincticeps,"Stål, 1858","BRAZIL: Horizontina, RS. Em vegetação adjacente à soja (ninfa). ",-27.63000,-54.31000,UFRG,
Supputius,,cincticeps,"Stål, 1858","BRAZIL: Rio Grande do Sul, Catuípe.",-28.25000,-54.00000,UFRG,
Supputius,,cincticeps,"Stål, 1858","BRAZIL: Rio Grande do Sul, Catuípe.",-28.25000,-54.00000,UFRG,
Supputius,,cincticeps,"Stål, 1858","BRAZIL: Rio Grande do Sul, Catuípe.",-28.25000,-54.00000,UFRG,
Supputius,,cincticeps,"Stål, 1858","BRAZIL: Estação Ecológica do Taim, Rio Grande, RS. BR 47 km 96.",-32.50000,-52.58000,UFRG,
Supputius,,cincticeps,"Stål, 1858","BRAZIL: Rio Grande do Sul, Santa Maria, UFSM. ",-29.68000,-53.81000,UFRG,
Supputius,,cincticeps,"Stål, 1858","BRAZIL: Rio Grande do Sul, Santa Maria.",-29.68000,-53.81000,UFRG,
Supputius,,cincticeps,"Stål, 1858","BRAZIL: Rio Grande do Sul, Santa Maria.",-29.68000,-53.81000,UFRG,
Supputius,,cincticeps,"Stål, 1858","BRAZIL: Rio Grande do Sul, Canguçu, Coxilha do Fogo. Guarda-chuva planta",-31.39000,-52.67000,UFRG,
Supputius,,cincticeps,"Stål, 1858","BRAZIL: Rio Grande do Sul, Parque Estadual do Turvo.",-27.23000,-53.85000,UFRG,
Supputius,,cincticeps,"Stål, 1858","BRAZIL: Rio Grande do Sul, Canguçu, Coxilha do Fogo. Guarda-chuva planta ",-31.39000,-52.67000,UFRG,
Supputius,,cincticeps,"Stål, 1858","BRAZIL: Minas Gerais, Belo Horizonte, Campus BHMH.",-19.87000,-43.96000,UFRG,
Supputius,,cincticeps,"Stål, 1858","BRAZIL: Rio Grande do Sul, Três Passos. ",-27.45000,-53.93000,UFRG,
Supputius,,cincticeps,"Stål, 1858","BRAZIL: Rio Grande do Sul, Santa Maria. ",-29.68000,-53.81000,UFRG,
Supputius,,cincticeps,"Stål, 1858","BRAZIL: Rio Grande do Sul, Santa Maria.",-29.68000,-53.81000,UFRG,
Supputius,,cincticeps,"Stål, 1858","BRAZIL: Rio Grande do Sul, Santa Maria. ",-29.68000,-53.81000,UFRG,
Supputius,,cincticeps,"Stål, 1858","BRAZIL: Rio Grande do Sul, Santa Maria. ",-29.68000,-53.81000,UFRG,
Supputius,,cincticeps,"Stål, 1858","BRAZIL: Rio Grande do Sul, Santa Maria. ",-29.68000,-53.81000,UFRG,
Supputius,,cincticeps,"Stål, 1858","BRAZIL: Rio Grande do Sul, Santa Maria. ",-29.68000,-53.81000,UFRG,
Supputius,,cincticeps,"Stål, 1858","BRAZIL: Rio Grande do Sul, Santa Maria. ",-29.68000,-53.81000,UFRG,
Supputius,,cincticeps,"Stål, 1858","BRAZIL: Rio Grande do Sul, Santa Maria.",-29.68000,-53.81000,UFRG,
Supputius,,cincticeps,"Stål, 1858","BRAZIL: Rio Grande do Sul, Santa Maria.",-29.68000,-53.81000,UFRG,
Supputius,,cincticeps,"Stål, 1858","BRAZIL: Rio Grande do Sul, Santa Maria.",-29.68000,-53.81000,UFRG,
Supputius,,cincticeps,"Stål, 1858","BRAZIL: Rio Grande do Sul, Santa Maria.",-29.68000,-53.81000,UFRG,
Supputius,,cincticeps,"Stål, 1858","BRAZIL: Rio Grande do Sul, Santa Maria.",-29.68000,-53.81000,UFRG,
Supputius,,cincticeps,"Stål, 1858","BRAZIL: Rio Grande do Sul, Santa Maria.",-29.68000,-53.81000,UFRG,
Supputius,,cincticeps,"Stål, 1858","BRAZIL: Rio Grande do Sul, Santa Maria.",-29.68000,-53.81000,UFRG,
Supputius,,cincticeps,"Stål, 1858","BRAZIL: Rio Grande do Sul, Santa Maria.",-29.68000,-53.81000,UFRG,
Supputius,,cincticeps,"Stål, 1858","BRAZIL: Rio Grande do Sul, Santa Maria.",-29.68000,-53.81000,UFRG,
Supputius,,cincticeps,"Stål, 1858","BRAZIL: Rio Grande do Sul, Santa Maria.",-29.68000,-53.81000,UFRG,
Supputius,,cincticeps,"Stål, 1858","BRAZIL: Rio Grande do Sul, Santa Maria.",-29.68000,-53.81000,UFRG,
Supputius,,cincticeps,"Stål, 1858","BRAZIL: Rio Grande do Sul, Porto Alegre, UFRG campus do Vale, Agronomia",-30.07490,-51.12630,UFRG,
Supputius,,pulchicornis,"Stål, 1862","MEXICO: Veracruz, Atoyac",18.93000,-96.80000,Ortega León 1997,
Supputius,,pulchicornis,"Stål, 1862","MEXICO: Morelos,Cuernavaca",18.92000,-99.23000,Ortega León 1997,
Supputius,,typicus,"Distant, 1889",HONDURAN: Atlantida,15.73000,-86.51000,Arismendi & Thomas 2003,
Supputius,,typicus,"Distant, 1889","MEXICO: Veracruz, San Andres ",18.44000,-95.21000,Ortega León 1997,
Supputius,,typicus,"Distant, 1889","MEXICO: Quintana, Puerto Felipe Carillo",19.57000,-88.04000,Ortega León 1997,
Supputius,,typicus,"Distant, 1889","MEXICO: Veracruz, Los Tuxtlas",18.47000,-95.00000,Brailovsky and Mayorga 1994,
Supputius,,typicus,"Distant, 1889","BRAZIL: Amazonas, Itacoatiara, Ilha Amatari.",-3.31000,-58.88000,UFRG,
Supputius,,typicus,"Distant, 1889","MEXICO: San Luis Potosí, Tamazunchale.",21.26000,-98.78000,UFRG,
Supputius,,typicus,"Distant, 1889","COSTA RICA: Puntarenas, Piedras Blancas National Park, Golfito, Esquinas Rainforest Lodge. ",8.70000,-83.20000,UFRG,
Supputius,,typicus,"Distant, 1889","BRAZIL: São Paulo, Ilha Solteira. ",-20.43000,-51.35000,UFRG,
Supputius,,typicus,"Distant, 1889","VENEZUELA:  Zulia, Sierra de Perijá, Rio Yasa. 250m. ",9.39000,-72.99000,UFRG,
Supputius,,typicus,"Distant, 1889","BRAZIL: Rondônia, Jarú. ",-10.43000,-62.48000,UFRG,
Supputius,,typicus,"Distant, 1889","PERU: Dept. Huánuco, ACP Panduana ao lado do rio Yuyapichis, 260m",-9.61000,-74.92000,EMG,
Supputius,,typicus,"Distant, 1889","PERU: Dept. Huánuco, ACP Panduana ao lado do rio Yuyapichis, 260m",-9.61000,-74.92000,EMG,
Supputius,,typicus,"Distant, 1889",PANAMA: Bugaba,8.54529,-82.68467,Roell et al 2023,
Troilus,,luridus,"Fabricius, 1775",RUSSIA: Bikin River,46.81000,134.26000,Gapon & Konstantinov 2006,
Troilus,,luridus,"Fabricius, 1775",TURKEY: Kars,40.59000,43.08000,Kerzhner 2005,
Troilus,,luridus,"Fabricius, 1775","SPAIN: Aragon, Huesca",42.13000,-0.40000,Tanco 2018,
Troilus,,luridus,"Fabricius, 1775",SPAIN: Cantabria,43.20000,-4.03000,Tanco 2018,
Troilus,,luridus,"Fabricius, 1775","SPAIN: Castilla y Leon, Segovia",41.16000,-4.00000,Tanco 2018,
Troilus,,luridus,"Fabricius, 1775","SPAIN: Cataluna, Barcelona",41.38000,2.15000,Tanco 2018,
Troilus,,luridus,"Fabricius, 1775",SPAIN: Gerona,41.98000,2.82000,Tanco 2018,
Troilus,,luridus,"Fabricius, 1775","SPAIN: Galicia, Lugo",43.00000,-7.50000,Tanco 2018,
Troilus,,luridus,"Fabricius, 1775",SPAIN: Pontevedra,42.43000,-8.64000,Tanco 2018,
Troilus,,luridus,"Fabricius, 1775",SPAIN: Navarra,42.75000,-1.66000,Tanco 2018,
Troilus,,luridus,"Fabricius, 1775",PORTUGAL: Leiria,39.74000,-8.80000,Tanco 2018,
Troilus,,luridus,"Fabricius, 1775",RUSSIA: Moscow,55.75000,37.61000,Shestakov 2008,
Troilus,,luridus,"Fabricius, 1775",CHINA: Gansu,37.75000,102.75000,Rider & Zhang 2002,
Troilus,,luridus,"Fabricius, 1775",CHINA: Guizhou,27.00000,107.00000,Rider & Zheng 2002,
Troilus,,luridus,"Fabricius, 1775",CHINA: Hebei,39.00000,115.66000,Rider & Zhang 2003,
Troilus,,luridus,"Fabricius, 1775",CHINA: Nei Monggol,43.50000,114.75000,Rider & Zheng 2003,
Troilus,,luridus,"Fabricius, 1775",CHINA: Sichuan,30.50000,102.66000,Rider & Zhang 2004,
Troilus,,luridus,"Fabricius, 1775",CHINA: Xizang,31.66000,88.00000,Rider & Zheng 2004,
Troilus,,luridus,"Fabricius, 1775",CHINA: Yunnan,25.00000,101.50000,Rider & Zhang 2005,
Troilus,,luridus,"Fabricius, 1775",SLOVAKIA: Trenčín.,48.88000,18.03000,NMPC,
Troilus,,luridus,"Fabricius, 1775",SLOVAKIA: Trenčín.,48.88000,18.03000,NMPC,
Troilus,,luridus,"Fabricius, 1775","CZECH REPUBLIC: South Bohemia, Tazovice, near Strakonice.",49.23000,13.76000,DARC,
Troilus,,luridus,"Fabricius, 1775","CZECH REPUBLIC: South Bohemia, Tazovice, near Strakonice.",49.23000,13.76000,DARC,
Troilus,,luridus,"Fabricius, 1775","GERMANY: Saxônia, Hormersdorfer, Hochmoor, Kescherlang, Kreis Stollberg",50.65000,12.87000,EMG,
Troilus,,luridus,"Fabricius, 1775","GERMANY: Renânia do Norte-Vestfália, Bonn",50.73000,7.09000,ZFMK,
Troilus,,luridus,"Fabricius, 1775","GERMANY: Renânia do Norte-Vestfália, Bonn",50.73000,7.09000,ZFMK,
Troilus,,luridus,"Fabricius, 1775","GERMANY: Renânia do Norte-Vestfália, Bonn, Duisdorf",50.71000,7.09000,ZFMK,
Troilus,,luridus,"Fabricius, 1775","GERMANY: Renânia-Palatinado, Rhein-Hunsrück, Kastellaun",50.07000,7.44000,ZFMK,
Troilus,,luridus,"Fabricius, 1775","GERMANY: Renânia-Palatinado, Rhein-Hunsrück, Kastellaun",50.07000,7.44000,ZFMK,
Troilus,,luridus,"Fabricius, 1775","GERMANY: Renânia-Palatinado, Rhein-Hunsrück, Kastellaun",50.07000,7.44000,ZFMK,
Troilus,,luridus,"Fabricius, 1775","GERMANY: Renânia-Palatinado, Rhein-Hunsrück, Kastellaun",50.07000,7.44000,ZFMK,
Troilus,,luridus,"Fabricius, 1775","GERMANY: Renânia-Palatinado, Rhein-Hunsrück, Kastellaun",50.07000,7.44000,ZFMK,
Troilus,,luridus,"Fabricius, 1775","GERMANY: Renânia-Palatinado, Rhein-Hunsrück, Kastellaun",50.07000,7.44000,ZFMK,
Troilus,,luridus,"Fabricius, 1775","GERMANY: Renânia-Palatinado, Rhein-Hunsrück, Kastellaun",50.07000,7.44000,ZFMK,
Troilus,,luridus,"Fabricius, 1775","GERMANY: Renânia-Palatinado, Rhein-Hunsrück, Kastellaun",50.07000,7.44000,ZFMK,
Troilus,,luridus,"Fabricius, 1775","GERMANY: Renânia-Palatinado, Rhein-Hunsrück, Kastellaun",50.07000,7.44000,ZFMK,
Troilus,,luridus,"Fabricius, 1775","GERMANY: Renânia-Palatinado, Kirn",49.78000,7.45000,ZFMK,
Troilus,,luridus,"Fabricius, 1775","GERMANY: Renânia-Palatinado, Kirn",49.78000,7.45000,ZFMK,
Troilus,,luridus,"Fabricius, 1775","GERMANY: Renânia-Palatinado, Koblenz",50.35000,7.58000,ZFMK,
Troilus,,luridus,"Fabricius, 1775","GERMANY: Renânia do Norte-Vestfália, Bonn, Kottenforst",50.65000,7.06000,ZFMK,
Troilus,,luridus,"Fabricius, 1775","GERMANY: Baviera, Oberbayern, Miesbach, Dorf Kreuth",47.64000,11.74000,ZFMK,
Troilus,,luridus,"Fabricius, 1775","GERMANY: Hesse, Löhndorf",50.67000,8.86000,ZFMK,
Troilus,,luridus,"Fabricius, 1775","GERMANY: Hesse, Löhndorf",50.67000,8.86000,ZFMK,
Troilus,,luridus,"Fabricius, 1775","GERMANY: Baviera, Oberbayern, Polling",48.21000,12.55000,ZFMK,
Troilus,,luridus,"Fabricius, 1775","GERMANY: Saxônia, Polenztal",50.99000,14.17000,ZFMK,
Troilus,,luridus,"Fabricius, 1775","GERMANY: Saxônia, Polenztal",50.99000,14.17000,ZFMK,
Troilus,,testaceus,"Zheng & Liu, 1987",CHINA: Xizang,31.66000,88.00000,Rider & Zhang 2002,
Troilus,,testaceus,"Zheng & Liu, 1987",CHINA: Yunnan,25.00000,101.50000,Rider & Zhang 2002,
Tylospilus,,acutissimus,"Stål, 1870",HONDURAN: Tegucigalpa,14.50000,-87.11000,Arismendi & Thomas 2003,
Tylospilus,,acutissimus,"Stål, 1870","USA: New Mexico, Chaves",33.36000,-104.46000,Bundy 2012,
Tylospilus,,acutissimus,"Stål, 1870","USA: New Mexico, Colfax",36.60000,-104.64000,Bundy 2012,
Tylospilus,,acutissimus,"Stål, 1870","USA: New Mexico, Curry",34.57000,-103.34000,Bundy 2012,
Tylospilus,,acutissimus,"Stål, 1870","USA: New Mexico, Dõna Ana",32.35000,-106.83000,Bundy 2012,
Tylospilus,,acutissimus,"Stål, 1870","USA: New Mexico, Eddy",32.47000,-104.30000,Bundy 2012,
Tylospilus,,acutissimus,"Stål, 1870","USA: New Mexico, Hidalgo",31.91000,-108.71000,Bundy 2012,
Tylospilus,,acutissimus,"Stål, 1870","USA: New Mexico, Lincoln",33.74000,-105.45000,Bundy 2012,
Tylospilus,,acutissimus,"Stål, 1870","USA: New Mexico, Roosevelt",34.02000,-103.48000,Bundy 2012,
Tylospilus,,acutissimus,"Stål, 1870","MEXICO: Baja California, Islas del Carmen",25.95000,-111.16000,Ortega León 1997,
Tylospilus,,acutissimus,"Stål, 1870","MEXICO: Baja California, Calamajue",29.63000,-114.41000,Ortega León 1997,
Tylospilus,,acutissimus,"Stål, 1870","MEXICO: Baja California Sur, La Burrera",23.43000,-109.69000,Ortega León 1997,
Tylospilus,,acutissimus,"Stål, 1870","MEXICO: Baja California Sur,  Isla Danzantes",25.78000,-111.25000,Ortega León 1997,
Tylospilus,,acutissimus,"Stål, 1870","MEXICO: Sonora, San Jose Pima",29.79000,-110.18000,Ortega León 1997,
Tylospilus,,acutissimus,"Stål, 1870","MEXICO: Sonora, Pima",29.79000,-110.58000,Ortega León 1997,
Tylospilus,,acutissimus,"Stål, 1870","MEXICO: Sonora, Alamos",27.08000,-108.90000,Ortega León 1997,
Tylospilus,,acutissimus,"Stål, 1870","MEXICO: Sonora, Benjamia",30.16000,-111.11000,Ortega León 1997,
Tylospilus,,acutissimus,"Stål, 1870","MEXICO: Sonora, Ciudad Camargo",27.10000,-109.53000,Ortega León 1997,
Tylospilus,,acutissimus,"Stål, 1870","MEXICO: Chihuahua, Colonia Juarez",30.30000,-108.07000,Ortega León 1997,
Tylospilus,,acutissimus,"Stål, 1870","MEXICO: Chihuahua, Conoloa Dublan",30.44000,-107.91000,Ortega León 1997,
Tylospilus,,acutissimus,"Stål, 1870","MEXICO: Chihuahua, El Jaguey",27.02000,-105.13000,Ortega León 1997,
Tylospilus,,acutissimus,"Stål, 1870","MEXICO: Chihuahua, El Herradero",30.58000,-105.49000,Ortega León 1997,
Tylospilus,,acutissimus,"Stål, 1870","MEXICO: Coahuila, Zapata",25.48000,-102.94000,Ortega León 1997,
Tylospilus,,acutissimus,"Stål, 1870","MEXICO: Coahuila, San Pedro de las Colonias",25.75000,-102.98000,Ortega León 1997,
Tylospilus,,acutissimus,"Stål, 1870","MEXICO: Sinaloa, Mazatlan",23.23000,-106.40000,Ortega León 1997,
Tylospilus,,acutissimus,"Stål, 1870","MEXICO: Sinaloa, Concordia",23.36000,-106.00000,Ortega León 1997,
Tylospilus,,acutissimus,"Stål, 1870","MEXICO: Durango, Santa Lucia",24.09000,-105.44000,Ortega León 1997,
Tylospilus,,acutissimus,"Stål, 1870",MEXICO: Nuevo Leon,25.58000,-99.75000,Ortega León 1997,
Tylospilus,,acutissimus,"Stål, 1870","MEXICO: Nuevo Leon, Noriega",23.42000,-100.17000,Ortega León 1997,
Tylospilus,,acutissimus,"Stål, 1870","MEXICO: Tamaulipas, Gomez Farias",22.96000,-99.07000,Ortega León 1997,
Tylospilus,,acutissimus,"Stål, 1870","MEXICO: Zacatecas, Ojo Caliente",22.56000,-102.25000,Ortega León 1997,
Tylospilus,,acutissimus,"Stål, 1870",MEXICO: San Luis Potosi,22.14000,-100.97000,Ortega León 1997,
Tylospilus,,acutissimus,"Stål, 1870",MEXICO: Aguascalientes,21.88000,-102.28000,Ortega León 1997,
Tylospilus,,acutissimus,"Stål, 1870","MEXICO: Jalisco, Chamela",19.52000,-105.07000,Ortega León 1997,
Tylospilus,,acutissimus,"Stål, 1870","MEXICO: Guanajuato, Valle de Santiago",20.39000,-101.19000,Ortega León 1997,
Tylospilus,,acutissimus,"Stål, 1870","MEXICO: Colima, Autlan",20.55000,-104.03000,Ortega León 1997,
Tylospilus,,acutissimus,"Stål, 1870",MEXICO: Michoacan,19.16000,-101.83000,Ortega León 1997,
Tylospilus,,acutissimus,"Stål, 1870",MEXICO: Hidalgo,20.50000,-99.00000,Ortega León 1997,
Tylospilus,,acutissimus,"Stål, 1870","MEXICO: Veracruz, Orizaba",18.85000,-97.09000,Ortega León 1997,
Tylospilus,,acutissimus,"Stål, 1870","MEXICO: Veracruz, Fortin de las Flores",18.90000,-97.00000,Ortega León 1997,
Tylospilus,,acutissimus,"Stål, 1870","MEXICO: Estado de Mexico, Malinalco",18.94000,-99.49000,Ortega León 1997,
Tylospilus,,acutissimus,"Stål, 1870","MEXICO: Guerrero, Iguala de la Independencia",18.34000,-99.54000,Ortega León 1997,
Tylospilus,,acutissimus,"Stål, 1870",MEXICO: Mexico,19.42000,-99.12000,Ortega León 1997,
Tylospilus,,acutissimus,"Stål, 1870","MEXICO: Morelos, Villa de Ayala",18.66000,-99.00000,Ortega León 1997,
Tylospilus,,acutissimus,"Stål, 1870","MEXICO: Puebla, Izucar de Matamoros",18.60000,-98.46000,Ortega León 1997,
Tylospilus,,acutissimus,"Stål, 1870","MEXICO: Oaxaca, Monte Alban",17.04000,-96.76000,Ortega León 1997,
Tylospilus,,acutissimus,"Stål, 1870","MEXICO: Oaxaca, Pinotepa",16.34000,-98.05000,Ortega León 1997,
Tylospilus,,acutissimus,"Stål, 1870","MEXICO: Chiapas, Comitan",16.24000,-92.13000,Ortega León 1997,
Tylospilus,,acutissimus,"Stål, 1870","MEXICO: Quintana, Isla Mujeres",21.23000,-86.73000,Ortega León 1997,
Tylospilus,,acutissimus,"Stål, 1870","MEXICO: Morelos, Amatlan",18.97000,-99.03000,Ortega León 1997,
Tylospilus,,acutissimus,"Stål, 1870",DOMINICAN REPUBLIC: Playa Buen Hombre,19.85000,-71.37000,Perez-Gelabert & Thomas 2005,
Tylospilus,,acutissimus,"Stål, 1870","DOMINICAN REPUBLIC: La Veja, Manabao",19.04000,-70.82000,Perez-Gelabert & Thomas 2005,
Tylospilus,,acutissimus,"Stål, 1870","PUERTO RICO: San German, Rosario Alto",18.15000,-67.03000,Segarra-Carmona et al 2015,
Tylospilus,,acutissimus,"Stål, 1870","USA: Missouri, Columbia",38.95000,-92.33000,Sites et al 2012,
Tylospilus,,acutissimus,"Stål, 1870","USA: Missouri, Boone",38.99000,-92.30000,Sites et al 2012,
Tylospilus,,acutissimus,"Stål, 1870","USA: Missouri, Ozark",36.64000,-92.44000,Sites et al 2012,
Tylospilus,,acutissimus,"Stål, 1870","BAHAMAS: Andros Island, San Andros",24.43000,-77.95000,Phillips 1983,
Tylospilus,,acutissimus,"Stål, 1870","COSTA RICA: Guanacaste, Canas",10.48000,-85.11000,Phillips 1983,
Tylospilus,,acutissimus,"Stål, 1870",CURAÇAO: Pisadera,12.11420,-68.94060,Phillips 1983,
Tylospilus,,acutissimus,"Stål, 1870",DOMINICAN REPUBLIC: Santiago,19.31000,-70.88000,Phillips 1983,
Tylospilus,,acutissimus,"Stål, 1870",MEXICO: Aguascalientes,21.88000,-102.28000,Phillips 1983,
Tylospilus,,acutissimus,"Stål, 1870","MEXICO: Baja California, Chapala",29.40000,-114.36000,Phillips 1983,
Tylospilus,,acutissimus,"Stål, 1870","MEXICO: Baja California, Las Arrastras",29.54000,-114.33000,Phillips 1983,
Tylospilus,,acutissimus,"Stål, 1870","MEXICO: Baja California, San Domingo",31.76000,-116.56000,Phillips 1983,
Tylospilus,,acutissimus,"Stål, 1870","MEXICO: Baja California, Venancio",25.76000,-112.03000,Phillips 1983,
Tylospilus,,acutissimus,"Stål, 1870","MEXICO: Chiapas, Tuxtla Gutierrez",16.75000,-93.11000,Phillips 1983,
Tylospilus,,acutissimus,"Stål, 1870","MEXICO: Chihuahua, Catarinas",26.64000,-105.52000,Phillips 1983,
Tylospilus,,acutissimus,"Stål, 1870","MEXICO: Chihuahua, Moctezuma",29.88000,-108.26000,Phillips 1983,
Tylospilus,,acutissimus,"Stål, 1870","MEXICO: Chihuahua, Salaices",27.03000,-105.20000,Phillips 1983,
Tylospilus,,acutissimus,"Stål, 1870","MEXICO: Coahuila, La Rosa",27.93000,-100.68000,Phillips 1983,
Tylospilus,,acutissimus,"Stål, 1870","MEXICO: Coahuila, Paila",25.65000,-102.14000,Phillips 1983,
Tylospilus,,acutissimus,"Stål, 1870","MEXICO: Durango, Donato",24.61000,-104.63000,Phillips 1983,
Tylospilus,,acutissimus,"Stål, 1870","MEXICO: Durango, Pedricena",25.11000,-103.78000,Phillips 1983,
Tylospilus,,acutissimus,"Stål, 1870","MEXICO: Durango, Tapias",23.30000,-105.19000,Phillips 1983,
Tylospilus,,acutissimus,"Stål, 1870","MEXICO: Guanajuato, San Miguel Allende",20.91000,-100.74000,Phillips 1983,
Tylospilus,,acutissimus,"Stål, 1870","MEXICO: Guerrero, Chilpancingo",17.55000,-99.50000,Phillips 1983,
Tylospilus,,acutissimus,"Stål, 1870","MEXICO: Hidalgo, Jacala",21.00000,-99.19000,Phillips 1983,
Tylospilus,,acutissimus,"Stål, 1870","MEXICO: Jalisco, Ajijic",20.30000,-103.25000,Phillips 1983,
Tylospilus,,acutissimus,"Stål, 1870","MEXICO: Jalisco, Guadalajara",20.66000,-103.39000,Phillips 1983,
Tylospilus,,acutissimus,"Stål, 1870","MEXICO: Jalismo, Mazamita",19.88000,-103.05000,Phillips 1983,
Tylospilus,,acutissimus,"Stål, 1870","MEXICO: Morelos, Cuernavaca",18.92000,-99.23000,Phillips 1983,
Tylospilus,,acutissimus,"Stål, 1870","MEXICO: Morelos, Puente de Ixtla",18.61000,-99.31000,Phillips 1983,
Tylospilus,,acutissimus,"Stål, 1870","MEXICO: Nayarit, Acaponeta",22.48000,-105.33000,Phillips 1983,
Tylospilus,,acutissimus,"Stål, 1870","MEXICO: Nuevo Leon, Linares",24.85000,-99.56000,Phillips 1983,
Tylospilus,,acutissimus,"Stål, 1870","MEXICO: Nuevo Leon, Monterrey",25.67000,-100.31000,Phillips 1983,
Tylospilus,,acutissimus,"Stål, 1870","MEXICO: Nuevo Leon, Saltillo",25.41000,-101.00000,Phillips 1983,
Tylospilus,,acutissimus,"Stål, 1870","MEXICO: Oaxaca, Ocotlan",16.72000,-96.66000,Phillips 1983,
Tylospilus,,acutissimus,"Stål, 1870",MEXICO: Puebla,18.75000,-97.91000,Phillips 1983,
Tylospilus,,acutissimus,"Stål, 1870",MEXICO: Queretaro,20.85000,-99.85000,Phillips 1983,
Tylospilus,,acutissimus,"Stål, 1870","MEXICO: San Luis Potosi, Ciudad del Maiz",22.43000,-99.66000,Phillips 1983,
Tylospilus,,acutissimus,"Stål, 1870","MEXICO: Sinaloa, Mazatlan",23.23000,-106.40000,Phillips 1983,
Tylospilus,,acutissimus,"Stål, 1870","MEXICO: Sonora, Minas Nuevas",27.06000,-109.00000,Phillips 1983,
Tylospilus,,acutissimus,"Stål, 1870","MEXICO: Tamaulinas, Bocatoma",26.14000,-98.33000,Phillips 1983,
Tylospilus,,acutissimus,"Stål, 1870","MEXICO: Tamaulinas, Gomez Farias",22.96000,-99.07000,Phillips 1983,
Tylospilus,,acutissimus,"Stål, 1870","MEXICO: Veracruz, Ciudad Mendoza",18.80000,-97.17000,Phillips 1983,
Tylospilus,,acutissimus,"Stål, 1870","MEXICO: Veracruz, Orizaba",18.85000,-97.09000,Phillips 1983,
Tylospilus,,acutissimus,"Stål, 1870","MEXICO: Yucatan, Cordeleria Mayapan",20.75000,-88.83000,Phillips 1983,
Tylospilus,,acutissimus,"Stål, 1870","MEXICO: Zacatecas, Fresnillo",23.18000,-102.87000,Phillips 1983,
Tylospilus,,acutissimus,"Stål, 1870","USA: Arizona, Coconino",35.83000,-111.77000,Phillips 1983,
Tylospilus,,acutissimus,"Stål, 1870","USA: Arizona, Cochise",31.87000,-109.75000,Phillips 1983,
Tylospilus,,acutissimus,"Stål, 1870","USA: Arizona, Elfrida",31.68000,-109.68000,Phillips 1983,
Tylospilus,,acutissimus,"Stål, 1870","USA: Arizona, Portal",31.91000,-109.14000,Phillips 1983,
Tylospilus,,acutissimus,"Stål, 1870","USA: Arizona, San Bernardino Ranch",31.33000,-109.27000,Phillips 1983,
Tylospilus,,acutissimus,"Stål, 1870","USA: Arizona, Sonorita",31.67000,-110.65000,Phillips 1983,
Tylospilus,,acutissimus,"Stål, 1870","USA: Arizona, Texas Canyon",32.00000,-110.13000,Phillips 1983,
Tylospilus,,acutissimus,"Stål, 1870","USA: Arizona, Tombstone",31.71000,-110.06000,Phillips 1983,
Tylospilus,,acutissimus,"Stål, 1870","USA: Arizona, Benson",31.96000,-110.29000,Phillips 1983,
Tylospilus,,acutissimus,"Stål, 1870","USA: Arizona, Globe",33.39000,-110.78000,Phillips 1983,
Tylospilus,,acutissimus,"Stål, 1870","USA: Arizona, Maricopa",33.34000,-112.49000,Phillips 1983,
Tylospilus,,acutissimus,"Stål, 1870","USA: Arizona, Mohave",35.70000,-113.75000,Phillips 1983,
Tylospilus,,acutissimus,"Stål, 1870","USA: Arizona, Pima",32.09000,-111.78000,Phillips 1983,
Tylospilus,,acutissimus,"Stål, 1870","USA: Arizona, Santa Catalina",32.43000,-110.70000,Phillips 1983,
Tylospilus,,acutissimus,"Stål, 1870","USA: Arizona, San Vicente",33.41000,-111.90000,Phillips 1983,
Tylospilus,,acutissimus,"Stål, 1870",USA: Tucson,32.22000,-111.09000,Phillips 1983,
Tylospilus,,acutissimus,"Stål, 1870","USA: Arizona, Pinal",32.90000,-111.34000,Phillips 1983,
Tylospilus,,acutissimus,"Stål, 1870","USA: Arizona, Prescott",34.54000,-112.46000,Phillips 1983,
Tylospilus,,acutissimus,"Stål, 1870","USA: Arizona, Yuma",32.76000,-113.90000,Phillips 1983,
Tylospilus,,acutissimus,"Stål, 1870","USA: Arkansas, Crittenden",35.20000,-90.30000,Phillips 1983,
Tylospilus,,acutissimus,"Stål, 1870","USA: California, Imperial",33.03000,-115.36000,Phillips 1983,
Tylospilus,,acutissimus,"Stål, 1870","USA: California, Bard",32.78000,-114.55000,Phillips 1983,
Tylospilus,,acutissimus,"Stål, 1870","USA: California, Inyo",36.51000,-117.41000,Phillips 1983,
Tylospilus,,acutissimus,"Stål, 1870","USA: California, Kern",35.34000,-118.72000,Phillips 1983,
Tylospilus,,acutissimus,"Stål, 1870","USA: California, Riverside",33.95000,-117.39000,Phillips 1983,
Tylospilus,,acutissimus,"Stål, 1870","USA: California, San Bernardino",34.10000,-117.28000,Phillips 1983,
Tylospilus,,acutissimus,"Stål, 1870","USA: California, San Diego",32.71000,-117.16000,Phillips 1983,
Tylospilus,,acutissimus,"Stål, 1870","USA: Florida, Capron",27.46000,-80.33000,Phillips 1983,
Tylospilus,,acutissimus,"Stål, 1870","USA: Kansas, Ford",37.69000,-99.88000,Phillips 1983,
Tylospilus,,acutissimus,"Stål, 1870","USA: Missouri, Boone",38.99000,-92.30000,Phillips 1983,
Tylospilus,,acutissimus,"Stål, 1870","USA: Missouri, Columbia",38.95000,-92.33000,Phillips 1983,
Tylospilus,,acutissimus,"Stål, 1870","USA: Nevada, Lincoln",37.64000,-114.87000,Phillips 1983,
Tylospilus,,acutissimus,"Stål, 1870",USA: New Mexico: Catron,33.91000,-108.40000,Phillips 1983,
Tylospilus,,acutissimus,"Stål, 1870","USA: New Mexico, Chaves",33.36000,-104.46000,Phillips 1983,
Tylospilus,,acutissimus,"Stål, 1870","USA: New Mexico, Dona Ana",32.35000,-106.83000,Phillips 1983,
Tylospilus,,acutissimus,"Stål, 1870","USA: New Mexico, Hidalgo",31.91000,-108.71000,Phillips 1983,
Tylospilus,,acutissimus,"Stål, 1870","USA: New Mexico, Roswell",33.39000,-104.52000,Phillips 1983,
Tylospilus,,acutissimus,"Stål, 1870","USA: New Mexico, Torrance",34.64000,-105.85000,Phillips 1983,
Tylospilus,,acutissimus,"Stål, 1870","USA: Oklahoma, Jackson",34.58000,-99.41000,Phillips 1983,
Tylospilus,,acutissimus,"Stål, 1870","USA: Oklahoma, Lincoln",35.70000,-96.88000,Phillips 1983,
Tylospilus,,acutissimus,"Stål, 1870","USA: Oklahoma, Payne",36.07000,-96.97000,Phillips 1983,
Tylospilus,,acutissimus,"Stål, 1870","USA: Oklahoma, Woodward",36.42000,-99.26000,Phillips 1983,
Tylospilus,,acutissimus,"Stål, 1870","USA: Texas, Blanco",30.26000,-98.39000,Phillips 1983,
Tylospilus,,acutissimus,"Stål, 1870","USA: Texas, Brazoria",29.16000,-95.43000,Phillips 1983,
Tylospilus,,acutissimus,"Stål, 1870","USA: Texas, Brewster",29.81000,-103.25000,Phillips 1983,
Tylospilus,,acutissimus,"Stål, 1870","USA: Texas, Chisos",29.26000,-103.30000,Phillips 1983,
Tylospilus,,acutissimus,"Stål, 1870","USA: Texas, Green Gulch",29.36000,-103.19000,Phillips 1983,
Tylospilus,,acutissimus,"Stål, 1870","USA: Texas, Marathon",30.20000,-103.24000,Phillips 1983,
Tylospilus,,acutissimus,"Stål, 1870","USA: Texas, Tenapin",33.54000,-97.12000,Phillips 1983,
Tylospilus,,acutissimus,"Stål, 1870","USA: Texas, Brooks",27.03000,-98.21000,Phillips 1983,
Tylospilus,,acutissimus,"Stål, 1870","USA: Texas, Burnet",30.78000,-98.18000,Phillips 1983,
Tylospilus,,acutissimus,"Stål, 1870","USA: Texas, Cameron",26.15000,-97.45000,Phillips 1983,
Tylospilus,,acutissimus,"Stål, 1870","USA: Texas, Cochran",33.60000,-102.82000,Phillips 1983,
Tylospilus,,acutissimus,"Stål, 1870","USA: Texas, Collin",33.18000,-96.57000,Phillips 1983,
Tylospilus,,acutissimus,"Stål, 1870","USA: Texas, El Paso",31.76000,-106.23000,Phillips 1983,
Tylospilus,,acutissimus,"Stål, 1870","USA: Texas, Floyd",34.07000,-101.30000,Phillips 1983,
Tylospilus,,acutissimus,"Stål, 1870","USA: Texas, Gaines",32.74000,-102.63000,Phillips 1983,
Tylospilus,,acutissimus,"Stål, 1870","USA: Texas, Hidalgo",26.39000,-98.18000,Phillips 1983,
Tylospilus,,acutissimus,"Stål, 1870","USA: Texas, Weslaco",26.15000,-97.99000,Phillips 1983,
Tylospilus,,acutissimus,"Stål, 1870","USA: Texas, Fort Davis",30.58000,-103.89000,Phillips 1983,
Tylospilus,,acutissimus,"Stål, 1870","USA: Texas, Limpia",30.77000,-103.74000,Phillips 1983,
Tylospilus,,acutissimus,"Stål, 1870","USA: Texas, Kerr",30.06000,-99.35000,Phillips 1983,
Tylospilus,,acutissimus,"Stål, 1870","USA: Texas, Kleberg",27.42000,-97.66000,Phillips 1983,
Tylospilus,,acutissimus,"Stål, 1870","USA: Texas, Lubbock",33.61000,-101.82000,Phillips 1983,
Tylospilus,,acutissimus,"Stål, 1870","USA: Texas, McLennan",31.55000,-97.20000,Phillips 1983,
Tylospilus,,acutissimus,"Stål, 1870","USA: Texas, Waco",31.54000,-97.14000,Phillips 1983,
Tylospilus,,acutissimus,"Stål, 1870","USA: Texas, Menard",30.88000,-99.82000,Phillips 1983,
Tylospilus,,acutissimus,"Stål, 1870","USA: Texas, Nueces",27.73000,-97.51000,Phillips 1983,
Tylospilus,,acutissimus,"Stål, 1870","USA: Texas, Pecos",30.78000,-102.72000,Phillips 1983,
Tylospilus,,acutissimus,"Stål, 1870","USA: Texas, Presidio",29.99000,-104.24000,Phillips 1983,
Tylospilus,,acutissimus,"Stål, 1870","USA: Texas, Reeves",31.32000,-103.69000,Phillips 1983,
Tylospilus,,acutissimus,"Stål, 1870","USA: Texas, Sinton",28.04000,-97.51000,Phillips 1983,
Tylospilus,,acutissimus,"Stål, 1870","USA: Texas, Starr",26.56000,-98.73000,Phillips 1983,
Tylospilus,,acutissimus,"Stål, 1870","USA: Texas, Tarrant",32.77000,-97.29000,Phillips 1983,
Tylospilus,,acutissimus,"Stål, 1870","USA: Texas, Val Verde",29.89000,-101.15000,Phillips 1983,
Tylospilus,,acutissimus,"Stål, 1870","USA: Texas, Vcitoria",28.79000,-96.97000,Phillips 1983,
Tylospilus,,acutissimus,"Stål, 1870","USA: Texas, Walker",30.73000,-95.57000,Phillips 1983,
Tylospilus,,acutissimus,"Stål, 1870","USA: Texas, Webb",27.76000,-99.33000,Phillips 1983,
Tylospilus,,acutissimus,"Stål, 1870","USA: Texas, Dryden",30.04000,-102.11000,Phillips 1983,
Tylospilus,,acutissimus,"Stål, 1870","USA: Texas, Valentine",30.58000,-104.49000,Phillips 1983,
Tylospilus,,acutissimus,"Stål, 1870",VENEZUELA: LA Duaca,6.65710,-66.61460,UFRG,
Tylospilus,,acutissimus,"Stål, 1870","USA: Arizona, Cochise County, Portal. ",31.91000,-109.14000,UFRG,
Tylospilus,,acutissimus,"Stål, 1870","BRAZIL: Pará, Tucuruí. ",-3.77000,-49.68000,UFRG,
Tylospilus,,acutissimus,"Stål, 1870","BRAZIL: Pará, Tucuruí. ",-3.77000,-49.68000,UFRG,
Tylospilus,,armatusimilis,"Brugnera, Paim & Grazia, 2020",URUGUAY: Colonia: Ruta 21: km 184.5: Piedra de Los Indios,-34.38230,-57.82960,Brugnera et al 2020b,
Tylospilus,,armatusimilis,"Brugnera, Paim & Grazia, 2020",URUGUAY: Colonia: Ruta 21: km 184.5: Piedra de Los Indios,-34.38230,-57.82960,Brugnera et al 2020b,
Tylospilus,,armatusimilis,"Brugnera, Paim & Grazia, 2020",URUGUAY: Colonia: Ruta 21: km 184.5: Piedra de Los Indios,-34.38230,-57.82960,Brugnera et al 2020b,
Tylospilus,,armatusimilis,"Brugnera, Paim & Grazia, 2020",URUGUAY: Colonia: Ruta 21: km 184.5: Piedra de Los Indios,-34.38230,-57.82960,Brugnera et al 2020b,
Tylospilus,,armatusimilis,"Brugnera, Paim & Grazia, 2020",URUGUAY: Colonia: Ruta 21: km 194: Arroyo San Pedro,-34.31110,-57.86930,Brugnera et al 2020b,
Tylospilus,,armatusimilis,"Brugnera, Paim & Grazia, 2020",URUGUAY: Colonia: Ruta 21: km 194: Arroyo San Pedro,-34.31110,-57.86930,Brugnera et al 2020b,
Tylospilus,,chilensis,"Spinola, 1852","BOLIVIA: La Paz, Coripata",-16.30000,-67.60000,Dellape et al 2003,
Tylospilus,,chilensis,"Spinola, 1852",CHILE: San Cristóbal.,-23.55000,-69.54000,UFRG,
Tylospilus,,chilensis,"Spinola, 1852",CHILE: San Cristóbal. 1948-VIII.,-23.55000,-69.54000,UFRG,
Tylospilus,,cloelia,"Stål, 1862",FRENCH GUYANA: Saul,3.62000,-53.20000,Lupoli 2019,
Tylospilus,,cloelia,"Stål, 1862","MEXICO: Veracruz, Fortin de las Flores",18.90000,-97.00000,Ortega León 1997,
Tylospilus,,cloelia,"Stål, 1862","MEXICO: Veracruz, Xalapa de Enriquez",19.53000,-96.91000,Ortega León 1997,
Tylospilus,,cloelia,"Stål, 1862","MEXICO: Veracruz, Dos Caminos",21.36000,-98.23000,Ortega León 1997,
Tylospilus,,cloelia,"Stål, 1862","MEXICO: San Luis Potosi, Tamazunchale",21.24000,-98.78000,Ortega León 1997,
Tylospilus,,cloelia,"Stål, 1862","BRAZIL: Espírito Santo, Barra de São Francisco, Corrego Itá. ",-18.69000,-40.86000,MNRJ,
Tylospilus,,cloelia,"Stål, 1862","BRAZIL: Rio de Janeiro, Rio de Janeiro, Deodoro.",-22.85000,-43.38000,MNRJ,
Tylospilus,,cloelia,"Stål, 1862","BRAZIL: Santa Catarina, Chapecó, Estação Experimental de Chapecó (EMPASC)",-27.10000,-52.61000,UFRG,
Tylospilus,,cloelia,"Stål, 1862","BRAZIL: Distrito Federal, Planaltina. 1000m.",-15.58000,-47.70000,UFRG,
Tylospilus,,cloelia,"Stål, 1862","BRAZIL: Rio Grande do Sul, Porto Alegre.",-30.03000,-51.21000,UFRG,
Tylospilus,,cloelia,"Stål, 1862",ARGENTINA: Aragua,-38.08160,-64.08460,UFRG,
Tylospilus,,cloelia,"Stål, 1862","BRAZIL: Amazonas, Santa Isabel do Rio Negro (Tapuruquara). ",-0.41000,-65.01000,UFRG,
Tylospilus,,cloelia,"Stål, 1862","BRAZIL: Rio Grande do Sul, Barra do Quaraí, marco geográfico. ",-30.20000,-57.55000,UFRG,
Tylospilus,,cloelia,"Stål, 1862","BRAZIL: Minas Gerais, Belo Horizonte, Campus BHMH.",-19.87000,-43.96000,UFRG,
Tylospilus,,cloelia,"Stål, 1862","BRAZIL: Pará, Belém.",-1.45000,-48.49000,UFRG,
Tylospilus,,cloelia,"Stål, 1862","BRAZIL: Amazonas, Santa Isabel do Rio Negro (Tapuruquara)",-0.41000,-65.01000,UFRG,
Tylospilus,,cloelia,"Stål, 1862","BRAZIL: Santa Catarina, Nova Teutônia",-27.16000,-52.41000,EMG,
Tylospilus,,cloelia,"Stål, 1862","BRAZIL: Santa Catarina, Nova Teutônia",-27.16000,-52.41000,EMG,
Tylospilus,,cloelia,"Stål, 1862","BRAZIL: Santa Catarina, Nova Teutônia",-27.16000,-52.41000,EMG,
Tylospilus,,cloelia,"Stål, 1862","BRAZIL: Amazonas, Itacoatiara, Rodovia Manaus km 30.",-3.12000,-58.44000,UFRG,
Tylospilus,,cloelia,"Stål, 1862","BRAZIL: Rio Grande do Sul, Santa Maria. ",-29.68000,-53.81000,UFRG,
Tylospilus,,cloelia,"Stål, 1862","MEXICO: Veracruz, Huatusco.",19.14000,-96.96000,NMPC,
Tylospilus,,distans,"Bergroth, 1891","ARGENTINA: Buenos Aires, Pedro Luro",-39.50000,-62.68000,Dellape et al 2003,
Tylospilus,,distans,"Bergroth, 1891","ARGENTINA: Mendoza, Tunuyan",-33.66000,-69.50000,Dellape et al 2003,
Tylospilus,,distans,"Bergroth, 1891","ARGENTINA: Neuquén, Patagones",-39.00000,-70.00000,Dellape et al 2003,
Tylospilus,,distans,"Bergroth, 1891","ARGENTINA: Río Negro, Río Colorado",-38.99000,-64.09000,Dellape et al 2003,
Tylospilus,,distans,"Bergroth, 1891","ARGENTINA: Santiago del Estero, Fernandez",-27.92000,-63.89000,Dellape et al 2003,
Tylospilus,,distans,"Bergroth, 1891",CHILE: Santiago,-33.45000,-70.64000,Dellape et al 2003,
Tylospilus,,distans,"Bergroth, 1891",CHILE: Valparaiso,-33.05718,-71.61162,Dellape et al 2003,
Tylospilus,,distans,"Bergroth, 1891","BRAZIL: Rio de Janeiro, Rio de Janeiro, Corcovado.",-22.95000,-43.21000,UFRG,
Tylospilus,,gaumeri,"Distant, 1889","MEXICO: North Yucatan, Temax",21.16000,-88.90000,Roell et al 2021b,
Tylospilus,,megaspilus,"Walker, 1867",BRAZIL: Santarém,-2.44306,-54.70833,Roell et al 2021b,
Tylospilus,,nigrobinotatus,"Berg, 1879","ARGENTINA:  Cordoba, Copina",-31.56000,-64.70000,Dellape et al 2003,
Tylospilus,,nigrobinotatus,"Berg, 1879","ARGENTINA:  Corrientes, San Roque",-28.66000,-58.75000,Dellape et al 2003,
Tylospilus,,nigrobinotatus,"Berg, 1879","ARGENTINA:  Rio Negro, Choele Choel",-39.40000,-65.68000,Dellape et al 2003,
Tylospilus,,nigrobinotatus,"Berg, 1879",URUGUAY: Maldonado,-34.90000,-54.95000,Dellape et al 2003,
Tylospilus,,nigrobinotatus,"Berg, 1879","ARGENTINA: Buenos Aires, Isla Martin Garcia ",-34.18000,-58.25000,UFRG,
Tylospilus,,nigrobinotatus,"Berg, 1879","ARGENTINA: Buenos Aires, Capital",-34.61580,-58.43320,Dellape et al 2003,
Tylospilus,,nigrobinotatus,"Berg, 1879","ARGENTINA: Chaco, Resistencia",-27.46000,-58.98000,Dellape et al 2003,
Tylospilus,,nigrobinotatus,"Berg, 1879","ARGENTINA: Entre Ríos, Concordia",-31.39000,-58.02000,Dellape et al 2003,
Tylospilus,,nigrobinotatus,"Berg, 1879","ARGENTINA: Santa Fe, Santo Tome",-31.66000,-60.76000,Dellape et al 2003,
Tylospilus,,nigrobinotatus,"Berg, 1879",URUGUAY: Banda Oriental,-33.00000,-56.00000,Dellape et al 2003,
Tylospilus,,nigrobinotatus,"Berg, 1879",ARGENTINA: Buenos Aires,-34.61580,-58.43320,Brugnera et al 2020b,
Tylospilus,,nigrobinotatus,"Berg, 1879",ARGENTINA: Buenos Aires,-34.61580,-58.43320,Brugnera et al 2020b,
Tylospilus,,nigrobinotatus,"Berg, 1879",ARGENTINA: Entre Rios: Parque Nacional El Palmar,-31.86060,-58.26500,Brugnera et al 2020b,
Tylospilus,,nigrobinotatus,"Berg, 1879",ARGENTINA: Salta: 3–8Kms SW Campo Quijano,-24.92960,-65.67490,Brugnera et al 2020b,
Tylospilus,,nigrobinotatus,"Berg, 1879",ARGENTINA: Entre Rios: Parana,-31.74730,-60.51490,Brugnera et al 2020b,
Tylospilus,,nigrobinotatus,"Berg, 1879",ARGENTINA: Entre Rios: Gualeguachú,-33.00810,-58.54840,Brugnera et al 2020b,
Tylospilus,,nigrobinotatus,"Berg, 1879",ARGENTINA: Santa Fe: Rosario,-32.95220,-60.69660,Brugnera et al 2020b,
Tylospilus,,nigrobinotatus,"Berg, 1879",ARGENTINA: Santa Fe: Rosario,-32.95220,-60.69660,Brugnera et al 2020b,
Tylospilus,,nigrobinotatus,"Berg, 1879",ARGENTINA: Buenos Aires,-34.61580,-58.43320,Brugnera et al 2020b,
Tylospilus,,nigrobinotatus,"Berg, 1879",ARGENTINA: Buenos Aires: Isla Martin Garcia,-34.18260,-58.25090,Brugnera et al 2020b,
Tylospilus,,nigrobinotatus,"Berg, 1879",ARGENTINA: Buenos Aires Capital,-34.61580,-58.43320,Brugnera et al 2020b,
Tylospilus,,nigrobinotatus,"Berg, 1879",ARGENTINA: Buenos Aires,-34.61580,-58.43320,Brugnera et al 2020b,
Tylospilus,,peruvianus,"Horváth, 1911","COLOMBIA: Meta, Macarena",2.00000,-74.07000,Castro-Huertas et al 2015,
Tylospilus,,peruvianus,"Horváth, 1911","FRENCH GUYANA: Regina, Route de Regina",4.31918,-52.13578,Lupoli 2019,
Tylospilus,,peruvianus,"Horváth, 1911","FRENCH GUYANA: Roura, Montagne des Chevaux",4.71000,-52.40000,Lupoli 2019,
Tylospilus,,peruvianus,"Horváth, 1911",FRENCH GUYANA: Maripasoula,3.64000,-54.03000,Lupoli 2019,
Tylospilus,,peruvianus,"Horváth, 1911","BRAZIL: Pará, Tucuruí.",-3.77000,-49.68000,UFRG,
Tylospilus,,peruvianus,"Horváth, 1911",PERU: Madre de Dios,-11.76140,-71.01290,Roell et al 2021b,
Tynacantha,,cuprea,"Brugnera & Grazia, 2019",BRAZIL: Belém: Pará,-1.43730,-48.47060,Brugnera et al 2019,
Tynacantha,,marginata,"Dallas, 1851",ARGENTINA: Corrientes: Bella Vista,-28.50000,-58.83000,Dellape et al 2003,
Tynacantha,,marginata,"Dallas, 1851",ARGENTINA: Corrientes: Santo Tompe,-28.25000,-56.25000,Dellape et al 2003,
Tynacantha,,marginata,"Dallas, 1851",ARGENTINA: Formosa: Isla Olimpo,-26.18000,-58.17000,Dellape et al 2003,
Tynacantha,,marginata,"Dallas, 1851",ARGENTINA: Jujuy,-23.00000,-66.00000,Dellape et al 2003,
Tynacantha,,marginata,"Dallas, 1851",ARGENTINA: Misiones,-26.81000,-54.34000,Dellape et al 2003,
Tynacantha,,marginata,"Dallas, 1851",ARGENTINA: Salta: Tartagal,-22.51000,-63.80000,Dellape et al 2003,
Tynacantha,,marginata,"Dallas, 1851",ARGENTINA: Tucuman,-26.82000,-65.22000,Dellape et al 2003,
Tynacantha,,marginata,"Dallas, 1851",ARGENTINA: Misiones: Iguazú National Park,-25.70000,-54.24000,Melo et al 2017,
Tynacantha,,marginata,"Dallas, 1851",BRAZIL: Santa Catarina: Parque Ecológico de Maracajá,-28.85000,-49.46000,Campos et al 2009,
Tynacantha,,marginata,"Dallas, 1851",BRAZIL: Santa Catarina: Parque José Milanese,-28.67000,-49.36000,Campos et al 2009,
Tynacantha,,marginata,"Dallas, 1851",BRAZIL: Santa Catarina: Morro dos Conventos,-28.95000,-49.38000,Campos et al 2009,
Tynacantha,,marginata,"Dallas, 1851",BRAZIL: Minas Gerais: Belo Horizonte: Campus BHMH,-19.87000,-43.96000,BHMH,
Tynacantha,,marginata,"Dallas, 1851",BRAZIL: Rio de Janeiro: Itaguaí: km 47. ,-22.86000,-43.77000,UFRG,
Tynacantha,,marginata,"Dallas, 1851",BRAZIL: Rondônia: Ouro Preto D'Oeste,-10.71000,-62.25000,UFRG,
Tynacantha,,marginata,"Dallas, 1851",VENEZUELA:  Aragua: El Limon.,10.29000,-67.62000,UFRG,
Tynacantha,,marginata,"Dallas, 1851",VENEZUELA: Caracas: D.F. ,10.48800,-66.87910,UFRG,
Tynacantha,,marginata,"Dallas, 1851",VENEZUELA:  Aragua: El Limon. 450m. ,10.29000,-67.62000,UFRG,
Tynacantha,,marginata,"Dallas, 1851",VENEZUELA:  Aragua: El Limon. 450m. ,10.29000,-67.62000,UFRG,
Tynacantha,,marginata,"Dallas, 1851",VENEZUELA:  Aragua: El Limon. 450m. ,10.29000,-67.62000,UFRG,
Tynacantha,,marginata,"Dallas, 1851",VENEZUELA:  Aragua: El Limon. 450m. ,10.29000,-67.62000,UFRG,
Tynacantha,,marginata,"Dallas, 1851",VENEZUELA:  Aragua: El Limon. 450m. ,10.29000,-67.62000,UFRG,
Tynacantha,,marginata,"Dallas, 1851",VENEZUELA:  Aragua: El Limon. 450m. ,10.29000,-67.62000,UFRG,
Tynacantha,,marginata,"Dallas, 1851",VENEZUELA:  Aragua: Henri Pittier National Park. 1100m.,10.38000,-67.61000,UFRG,
Tynacantha,,marginata,"Dallas, 1851",VENEZUELA:  Portuguesa: Acarigua. ,9.55450,-69.19560,UFRG,
Tynacantha,,marginata,"Dallas, 1851",BRAZIL: Mato Grosso: near Trivelato: Rio Aripuanã. 300m. ,-10.41000,-59.47000,UFRG,
Tynacantha,,marginata,"Dallas, 1851",BRAZIL: Pará: Marudá: Ilha Algodoal.,-0.62000,-47.58000,UFRG,
Tynacantha,,marginata,"Dallas, 1851",BRAZIL: Belém: Mocambo ,-1.46750,-48.47800,UFRG,
Tynacantha,,marginata,"Dallas, 1851",BRAZIL: São Paulo: Jaguariuna. ,-22.70000,-46.98000,UFRG,
Tynacantha,,marginata,"Dallas, 1851",VENEZUELA:  Portuguesa: Acarigua. ,9.55450,-69.19560,UFRG,
Tynacantha,,marginata,"Dallas, 1851",BRAZIL: São Paulo: Paulínia: Lixão. ,-22.76000,-47.14000,UFRG,
Tynacantha,,marginata,"Dallas, 1851",BRAZIL: São Paulo: Paulínia: Lixão.,-22.76000,-47.14000,UFRG,
Tynacantha,,marginata,"Dallas, 1851",BRAZIL: Rio Grande do Sul: Santa Maria. ,-29.68000,-53.81000,UFRG,
Tynacantha,,marginata,"Dallas, 1851",BRAZIL: São Paulo: Campinas.,-22.90000,-47.06000,UFRG,
Tynacantha,,marginata,"Dallas, 1851",BRAZIL: Aragua: El Limon: Campo Ceniap: em soja. ,10.28000,-67.62000,UFRG,
Tynacantha,,marginata,"Dallas, 1851",BRAZIL: Rio Grande do Sul: Barra do Quaraí: marco geográfico. ,-30.20000,-57.55000,UFRG,
Tynacantha,,marginata,"Dallas, 1851",BRAZIL: Rio Grande do Sul: Barra do Quaraí: marco geográfico. ,-30.20000,-57.55000,UFRG,
Tynacantha,,marginata,"Dallas, 1851",BRAZIL: Fazenda Rio Grande: Paraná ,-25.64970,-49.30840,UFRG,
Tynacantha,,marginata,"Dallas, 1851",BRAZIL: São Paulo: Piracicaba. Estalo.,-22.73000,-47.64000,UFRG,
Tynacantha,,marginata,"Dallas, 1851",BRAZIL: São Paulo: Indaiatuba. ,-23.08000,-47.20000,UFRG,
Tynacantha,,marginata,"Dallas, 1851",VENEZUELA: Monagas: Jusepín. 50m. ,9.75000,-63.46000,UFRG,
Tynacantha,,marginata,"Dallas, 1851",BRAZIL: Pará: Belém: Comissão Executiva do Plano da Lavoura Cacaueira (CEPLAC).,-1.33000,-48.45000,UFRG,
Tynacantha,,marginata,"Dallas, 1851",VENEZUELA:  Aragua: El Limón. 450m. ,10.29000,-67.62000,UFRG,
Tynacantha,,marginata,"Dallas, 1851",BRAZIL: Mato Grosso: Trivelato: próximo ao Rio Aripuanã. 300m. ,-10.42000,-59.47000,UFRG,
Tynacantha,,marginata,"Dallas, 1851",VENEZUELA: Portuguesa: Acarigua. ,9.55450,-69.19560,UFRG,
Tynacantha,,marginata,"Dallas, 1851",VENEZUELA: Aragua: El Limón. 450m. ,10.29000,-67.62000,UFRG,
Tynacantha,,marginata,"Dallas, 1851",BRAZIL: Maranhão: São Luís.,-2.53000,-44.28000,UFRG,
Tynacantha,,marginata,"Dallas, 1851",BRAZIL: Minas Gerais: Uberlândia. ,-18.91000,-48.27000,UFRG,
Tynacantha,,marginata,"Dallas, 1851",BRAZIL: Minas Gerais: Uberlândia. ,-18.91000,-48.27000,UFRG,
Tynacantha,,marginata,"Dallas, 1851",VENEZUELA: Portuguesa: Acarigua. ,9.55450,-69.19560,UFRG,
Tynacantha,,marginata,"Dallas, 1851",ARGENTINA: Tucuman: Reserva Horco Mola,-26.79290,-65.31620,UFRG,
Tynacantha,,marginata,"Dallas, 1851",BRAZIL: São Paulo: Piracicaba. Estalo.,-22.73000,-47.64000,UFRG,
Tynacantha,,marginata,"Dallas, 1851",VENEZUELA: Yaracuy: San Javier. Em soja.,10.37000,-68.66000,UFRG,
Tynacantha,,marginata,"Dallas, 1851",BRAZIL: São Paulo: Campinas.,-22.90000,-47.06000,UFRG,
Tynacantha,,marginata,"Dallas, 1851",BRAZIL: São Paulo: Campinas. ,-22.90000,-47.06000,UFRG,
Tynacantha,,marginata,"Dallas, 1851",BRAZIL: Santa Catarina: Chapecó. ,-27.11000,-52.64000,UFRG,
Tynacantha,,marginata,"Dallas, 1851",BRAZIL: Distrito Federal: Brasília.,-15.79000,-47.88000,NMPC,
Tynacantha,,marginata,"Dallas, 1851",BRAZIL: Santa Catarina: Nova Teutônia.,-27.18000,-52.38000,DARC,
Tynacantha,,marginata,"Dallas, 1851",BRAZIL: Santa Catarina: Nova Teutônia. ,-27.16000,-52.41000,DARC,
Tynacantha,,marginata,"Dallas, 1851",BRAZIL: Santa Catarina: Maracajá: Parque Ecológico. ,-28.88000,-49.46000,UFRG,
Tynacantha,,marginata,"Dallas, 1851",BRAZIL: Santa Catarina: Nova Veneza. ,-28.63000,-49.50000,UFRG,
Tynacantha,,marginata,"Dallas, 1851",BRAZIL: Santa Catarina: Nova Veneza. ,-28.63000,-49.50000,UFRG,
Tynacantha,,marginata,"Dallas, 1851",BRAZIL: Santa Catarina: Maracajá: Parque Ecológico Maracajá. ,-28.88000,-49.46000,UFRG,
Tynacantha,,marginata,"Dallas, 1851",BRAZIL: Santa Catarina: Maracajá: Parque Ecológico Maracajá. ,-28.88000,-49.46000,UFRG,
Tynacantha,,marginata,"Dallas, 1851",BRAZIL: Santa Catarina: Maracajá: Parque Ecológico Maracajá. ,-28.88000,-49.46000,UFRG,
Tynacantha,,marginata,"Dallas, 1851",BRAZIL: Santa Catarina: Maracajá: Parque Ecológico Maracajá. ,-28.88000,-49.46000,UFRG,
Tynacantha,,marginata,"Dallas, 1851",BRAZIL: Santa Catarina: Araranguá: Morro dos Conventos.,-28.93795,-49.37483,UFRG,
Tynacantha,,marginata,"Dallas, 1851",BRAZIL: Espírito Santo: Santa Teresa. ,-19.93000,-40.59000,DZUP,
Tynacantha,,marginata,"Dallas, 1851",BRAZIL: Espírito Santo: Santa Teresa. ,-19.93000,-40.59000,DZUP,
Tynacantha,,marginata,"Dallas, 1851",BRAZIL: Paraná: Guarapuava.,-25.39000,-51.46000,DZUP,
Tynacantha,,marginata,"Dallas, 1851",BRAZIL: Santa Catarina: Nova Teutônia.. 300m-500m.,-27.18000,-52.38000,DZUP,
Tynacantha,,marginata,"Dallas, 1851",BRAZIL: Santa Catarina: Nova Teutônia.. 300m-500m.,-27.18000,-52.38000,DZUP,
Tynacantha,,marginata,"Dallas, 1851",BRAZIL: Bahia: Maracás.,-13.43000,-40.43000,DZUP,
Tynacantha,,marginata,"Dallas, 1851",BRAZIL: Santa Catarina: Nova teutônia,-27.16000,-52.41000,EMG,
Tynacantha,,marginata,"Dallas, 1851",BRAZIL: Santa Catarina: Nova teutônia,-27.16000,-52.41000,EMG,
Tynacantha,,marginata,"Dallas, 1851",BRAZIL: Rio Grande do Sul: Porto Alegre,-30.03000,-51.21000,EMG,
Tynacantha,,marginata,"Dallas, 1851",BRAZIL: Rio Grande do Sul: Porto Alegre,-30.03000,-51.21000,EMG,
Tynacantha,,marginata,"Dallas, 1851",BRAZIL: São Paulo: Paulínia. Em cultura de algodão: parasitando.,-22.78000,-47.15000,UFRG,
Tynacantha,,marginata,"Dallas, 1851",BRAZIL: Santa Catarina: Jaguaruna,-28.61000,-49.02000,UFRG,
Tynacantha,,marginata,"Dallas, 1851",BRAZIL: Santa Catarina: Jaguaruna,-28.61000,-49.02000,UFRG,
Tynacantha,,marginata,"Dallas, 1851",BRAZIL: Santa Catarina: Jaguaruna,-28.61000,-49.02000,UFRG,
Tynacantha,,marginata,"Dallas, 1851",BRAZIL: Santa Catarina: Jaguaruna,-28.61000,-49.02000,UFRG,
Tynacantha,,marginata,"Dallas, 1851",BRAZIL: Santa Catarina: Jaguaruna,-28.61000,-49.02000,UFRG,
Tynacantha,,marginata,"Dallas, 1851",BRAZIL: Santa Catarina: Jaguaruna,-28.61000,-49.02000,UFRG,
Tynacantha,,marginata,"Dallas, 1851",BRAZIL: Santa Catarina: Jaguaruna,-28.61000,-49.02000,UFRG,
Tynacantha,,marginata,"Dallas, 1851",BRAZIL: Santa Catarina: Jaguaruna,-28.61000,-49.02000,UFRG,
Tynacantha,,marginata,"Dallas, 1851",BRAZIL: Santa Catarina: Jaguaruna,-28.61000,-49.02000,UFRG,
Tynacantha,,marginata,"Dallas, 1851",BRAZIL: Santa Catarina: Jaguaruna,-28.61000,-49.02000,UFRG,
Tynacantha,,marginata,"Dallas, 1851",BRAZIL: Santa Catarina: Jaguaruna,-28.61000,-49.02000,UFRG,
Tynacantha,,marginata,"Dallas, 1851",BRAZIL: Santa Catarina: Jaguaruna,-28.61000,-49.02000,UFRG,
Tynacantha,,marginata,"Dallas, 1851",BRAZIL: Santa Catarina: Jaguaruna,-28.61000,-49.02000,UFRG,
Tynacantha,,marginata,"Dallas, 1851",BRAZIL: Goiás: Corumbá: fazenda Monjolinho,-15.91000,-48.80000,MZSP,
Tynacantha,,marginata,"Dallas, 1851",BRAZIL: São Paulo: Indiana,-22.17590,-51.25190,MZSP,
Tynacantha,,marginata,"Dallas, 1851",BRAZIL: São Paulo: Indiana,-22.17590,-51.25190,MZSP,
Tynacantha,,marginata,"Dallas, 1851",BRAZIL: Minas Gerais: Serra Caraça: 1880m,-20.13371,-43.50053,MZSP,
Tynacantha,,marginata,"Dallas, 1851",BRAZIL: Minas Gerais: Serra Caraça: 1880m,-20.13371,-43.50053,MZSP,
Tynacantha,,marginata,"Dallas, 1851",BRAZIL: Mato Grosso: Utiariti (325m): Rio Papagaio,-13.23290,-58.55450,MZSP,
Tynacantha,,marginata,"Dallas, 1851",VENEZUELA: Aragua:El Limón,10.29040,-67.62740,Brugnera et al 2019,
Tynacantha,,marginata,"Dallas, 1851",VENEZUELA: Aragua:Henri Pittier National Park,10.38180,-67.61850,Brugnera et al 2019,
Tynacantha,,marginata,"Dallas, 1851",VENEZUELA: Aragua:El Limón: Campo Ceniap,10.28840,-67.61370,Brugnera et al 2019,
Tynacantha,,marginata,"Dallas, 1851",VENEZUELA: Portuguesa:Acarigua,9.55450,-69.19560,Brugnera et al 2019,
Tynacantha,,marginata,"Dallas, 1851",VENEZUELA: Distrito Capital:Caracas,10.48800,-66.87920,Brugnera et al 2019,
Tynacantha,,marginata,"Dallas, 1851",VENEZUELA: Mongas:Jusepín,9.75000,-63.51670,Brugnera et al 2019,
Tynacantha,,marginata,"Dallas, 1851",VENEZUELA: Yracuy:San Javier,10.37200,-68.66590,Brugnera et al 2019,
Tynacantha,,marginata,"Dallas, 1851",VENEZUELA: Portuguesa:Acarigua,9.55450,-69.19560,Brugnera et al 2019,
Tynacantha,,marginata,"Dallas, 1851",VENEZUELA: Táchira:Rio Frio,7.58290,-72.12920,Brugnera et al 2019,
Tynacantha,,marginata,"Dallas, 1851",COLOMBIA: Cundinamarca:San Antonio del Tequendama,4.61770,-74.35410,Brugnera et al 2019,
Tynacantha,,marginata,"Dallas, 1851",COLOMBIA: Antioquia:La Linda,5.78330,-75.56670,Brugnera et al 2019,
Tynacantha,,marginata,"Dallas, 1851",BRAZIL:Pará:Marudá,-0.86670,-47.66670,Brugnera et al 2019,
Tynacantha,,marginata,"Dallas, 1851",BRAZIL:Pará:Ilha Algodoal,-0.61940,-47.55700,Brugnera et al 2019,
Tynacantha,,marginata,"Dallas, 1851",BRAZIL:Pará:Belém,-1.43730,-48.47060,Brugnera et al 2019,
Tynacantha,,marginata,"Dallas, 1851",BRAZIL:Pará:Belém,-1.35460,-48.45370,Brugnera et al 2019,
Tynacantha,,marginata,"Dallas, 1851",BRAZIL:Pará:Belém: Mocambo,-1.46750,-48.47800,Brugnera et al 2019,
Tynacantha,,marginata,"Dallas, 1851",BRAZIL:Pará:Tucurí: Rio Tocantins,-3.76800,-49.67300,Brugnera et al 2019,
Tynacantha,,marginata,"Dallas, 1851",BRAZIL:Maranhão:São Luis,-2.53000,-44.28000,Brugnera et al 2019,
Tynacantha,,marginata,"Dallas, 1851",BRAZIL:Amazonas:Rodovia/ Km 4.5: Am 010,-3.45710,-65.85620,Brugnera et al 2019,
Tynacantha,,marginata,"Dallas, 1851",BRAZIL:Bahía :Maracas,-13.44250,-40.43320,Brugnera et al 2019,
Tynacantha,,marginata,"Dallas, 1851",BRAZIL:Mato Grosso:Utirati: Rio Papagaio,-13.02150,-58.28700,Brugnera et al 2019,
Tynacantha,,marginata,"Dallas, 1851",BRAZIL:Mato Grosso:Trivelato: Rio Aripuanã,-10.33970,-59.35300,Brugnera et al 2019,
Tynacantha,,marginata,"Dallas, 1851",BRAZIL:Distrito Federal:Brasília,-15.78330,-47.91670,Brugnera et al 2019,
Tynacantha,,marginata,"Dallas, 1851",BRAZIL:Goiás:Morada Nova,-16.67970,-49.31580,Brugnera et al 2019,
Tynacantha,,marginata,"Dallas, 1851",BRAZIL:Goiás:Fazenda Monjolinho,-15.91080,-48.80170,Brugnera et al 2019,
Tynacantha,,marginata,"Dallas, 1851",BRAZIL:Espírito Santo:Santa Teresa,-19.93880,-40.58760,Brugnera et al 2019,
Tynacantha,,marginata,"Dallas, 1851",BRAZIL:Minas Gerais:Serra Caraça,-20.13330,-43.50000,Brugnera et al 2019,
Tynacantha,,marginata,"Dallas, 1851",BRAZIL:Minas Gerais:Sete Lagoas,-19.45830,-44.23660,Brugnera et al 2019,
Tynacantha,,marginata,"Dallas, 1851",BRAZIL:Minas Gerais:Belo Horizonte,-19.90170,-43.96420,Brugnera et al 2019,
Tynacantha,,marginata,"Dallas, 1851",BRAZIL:Minas Gerais:Uberlândia,-18.91540,-48.27260,Brugnera et al 2019,
Tynacantha,,marginata,"Dallas, 1851",BRAZIL:Rio de Janeiro:Rio de Janeiro,-22.87510,-43.27750,Brugnera et al 2019,
Tynacantha,,marginata,"Dallas, 1851",BRAZIL:Rio de Janeiro:Itaguaí,-22.87080,-43.77380,Brugnera et al 2019,
Tynacantha,,marginata,"Dallas, 1851",BRAZIL:São Paulo:Jaguariuna,-22.70700,-46.98730,Brugnera et al 2019,
Tynacantha,,marginata,"Dallas, 1851",BRAZIL:São Paulo:Indiana,-22.18330,-51.23330,Brugnera et al 2019,
Tynacantha,,marginata,"Dallas, 1851",BRAZIL:São Paulo:Serra da Cantareia,-23.41410,-46.60000,Brugnera et al 2019,
Tynacantha,,marginata,"Dallas, 1851",BRAZIL:São Paulo:Paulínia,-22.75990,-47.15580,Brugnera et al 2019,
Tynacantha,,marginata,"Dallas, 1851",BRAZIL:São Paulo:Campinas,-22.90950,-47.06740,Brugnera et al 2019,
Tynacantha,,marginata,"Dallas, 1851",BRAZIL:São Paulo:Campinas,-22.90950,-47.06740,Brugnera et al 2019,
Tynacantha,,marginata,"Dallas, 1851",BRAZIL:São Paulo:Campinas,-22.90950,-47.06740,Brugnera et al 2019,
Tynacantha,,marginata,"Dallas, 1851",BRAZIL:São Paulo:Piracicaba,-22.72740,-47.64480,Brugnera et al 2019,
Tynacantha,,marginata,"Dallas, 1851",BRAZIL:São Paulo:Indiatuba,-23.08670,-47.20900,Brugnera et al 2019,
Tynacantha,,marginata,"Dallas, 1851",BRAZIL:Paraná:Guarapuava,-25.38330,-51.45000,Brugnera et al 2019,
Tynacantha,,marginata,"Dallas, 1851",BRAZIL:Paraná:Curitiba,-25.41670,-49.25000,Brugnera et al 2019,
Tynacantha,,marginata,"Dallas, 1851",BRAZIL:Paraná:Cascável,-24.95000,-53.46670,Brugnera et al 2019,
Tynacantha,,marginata,"Dallas, 1851",BRAZIL:Paraná:Fazenda Rio Grande,-25.20430,-48.95850,Brugnera et al 2019,
Tynacantha,,marginata,"Dallas, 1851",BRAZIL:Santa Catarina:Chapecó,-27.10000,-52.60000,Brugnera et al 2019,
Tynacantha,,marginata,"Dallas, 1851",BRAZIL:Santa Catarina:Criciúma,-28.67540,-49.36830,Brugnera et al 2019,
Tynacantha,,marginata,"Dallas, 1851",BRAZIL:Santa Catarina:Nova Teutônia,-27.05000,-52.40000,Brugnera et al 2019,
Tynacantha,,marginata,"Dallas, 1851",BRAZIL:Santa Catarina:Nova Teutônia,-27.05000,-52.40000,Brugnera et al 2019,
Tynacantha,,marginata,"Dallas, 1851",BRAZIL:Santa Catarina:Nova Teutônia,-27.05000,-52.40000,Brugnera et al 2019,
Tynacantha,,marginata,"Dallas, 1851",BRAZIL:Santa Catarina:Nova Teutônia,-27.05000,-52.40000,Brugnera et al 2019,
Tynacantha,,marginata,"Dallas, 1851",BRAZIL:Santa Catarina:Içara,-28.71700,-49.30240,Brugnera et al 2019,
Tynacantha,,marginata,"Dallas, 1851",BRAZIL:Santa Catarina:Maracajá: Parque ecológico,-28.87490,-49.46290,Brugnera et al 2019,
Tynacantha,,marginata,"Dallas, 1851",BRAZIL:Santa Catarina:Jaguaruna,-28.62000,-49.02450,Brugnera et al 2019,
Tynacantha,,marginata,"Dallas, 1851",BRAZIL:Santa Catarina:Araranguá: Morro dos conventos,-28.92640,-49.39400,Brugnera et al 2019,
Tynacantha,,marginata,"Dallas, 1851",BRAZIL:Santa Catarina:Nova Veneza,-28.65000,-49.50000,Brugnera et al 2019,
Tynacantha,,marginata,"Dallas, 1851",BRAZIL:Rio Grande do Sul:Santo Augusto,-27.85000,-53.78330,Brugnera et al 2019,
Tynacantha,,marginata,"Dallas, 1851",BRAZIL:Rio Grande do Sul:São Dominguos do Sul,-28.53330,-51.90000,Brugnera et al 2019,
Tynacantha,,marginata,"Dallas, 1851",BRAZIL:Rio Grande do Sul:Montenegro,-29.70000,-51.46670,Brugnera et al 2019,
Tynacantha,,marginata,"Dallas, 1851",BRAZIL:Rio Grande do Sul:Porto Alegre,-30.03000,-51.21000,Brugnera et al 2019,
Tynacantha,,marginata,"Dallas, 1851",BRAZIL:Rio Grande do Sul:Morro Santana,-30.03930,-51.12410,Brugnera et al 2019,
Tynacantha,,marginata,"Dallas, 1851",BRAZIL:Rio Grande do Sul:Triunfo,-29.93330,-51.71670,Brugnera et al 2019,
Tynacantha,,marginata,"Dallas, 1851",BRAZIL:Rio Grande do Sul:Santa Maria,-29.68330,-53.80000,Brugnera et al 2019,
Tynacantha,,marginata,"Dallas, 1851",BRAZIL:Rio Grande do Sul:Palmares do Sul,-30.26050,-50.51940,Brugnera et al 2019,
Tynacantha,,marginata,"Dallas, 1851",BRAZIL:Rio Grande do Sul:Bagé,-31.33330,-54.10000,Brugnera et al 2019,
Tynacantha,,marginata,"Dallas, 1851",BRAZIL:Rio Grande do Sul:Barra do Quaraí,-30.21670,-57.55000,Brugnera et al 2019,
Tynacantha,,marginata,"Dallas, 1851",BRAZIL:Rio Grande do Sul:Iraí,-27.18330,-53.25000,Brugnera et al 2019,
Tynacantha,,marginata,"Dallas, 1851",PERU: Amazonas:Cocachimba,-6.05620,-77.89510,Brugnera et al 2019,
Tynacantha,,marginata,"Dallas, 1851",BOLIVIA: Santa Cruz:Refugio Los Volcanes,-18.10760,-63.63030,Brugnera et al 2019,
Tynacantha,,marginata,"Dallas, 1851",BOLIVIA: Santa Cruz:Refugio Los Volcanes,-18.10760,-63.63030,Brugnera et al 2019,
Tynacantha,,marginata,"Dallas, 1851",BOLIVIA: Santa Cruz:Potrerillo del Guenda,-17.67110,-63.45750,Brugnera et al 2019,
Tynacantha,,marginata,"Dallas, 1851",PARAGUAY: Alto Parana:Alto Parana Dept,-25.41660,-54.63330,Brugnera et al 2019,
Tynacantha,,marginata,"Dallas, 1851",PARAGUAY: Cazaapa:Parque Nac. Caaguazu,-26.11660,-55.73330,Brugnera et al 2019,
Tynacantha,,marginata,"Dallas, 1851",PARAGUAY: Itapus:Encarnacion,-27.33060,-55.86670,Brugnera et al 2019,
Tynacantha,,marginata,"Dallas, 1851",URUGUAY: Artigas:Tres Cruces,-30.41950,-56.46050,Brugnera et al 2019,
Tynacantha,,marginata,"Dallas, 1851",ARGENTINA: Tucuman:Reserva Horco Molle,-26.79290,-65.31620,Brugnera et al 2019,
Tynacantha,,splendens,"Distant, 1879",PANAMA: Bugaba:Chiriqui,8.48260,-82.61990,Brugnera et al 2019,
Tynacantha,,splendens,"Distant, 1879",COSTA RICA: Catargo:Turrialba,9.90470,-83.68350,Brugnera et al 2019,
Tynacantha,,umeridenigrata,"Brugnera & Grazia, 2019",BRAZIL: Rondônia:Ouro Preto,-10.66670,-62.30000,Brugnera et al 2019,
Tyrannocoris,,jole,"Stål, 1862",HONDURAN: Francisco Morazán,14.34320,-87.18030,Arismendi & Thomas 2003,
Tyrannocoris,,jole,"Stål, 1862",FRENCH GUYANA: Cayenne,4.93000,-52.33000,Lupoli 2019,
Tyrannocoris,,jole,"Stål, 1862",FRENCH GUYANA: Remire-Montjoly,4.91000,-52.26000,Lupoli 2019,
Tyrannocoris,,jole,"Stål, 1862","MEXICO: San Luis Potosi, Ciudad Valles",21.99000,-99.01000,Ortega León 1997,
Tyrannocoris,,jole,"Stål, 1862","MEXICO: Jalisco, Chamela",19.52000,-105.07000,Ortega León 1997,
Tyrannocoris,,jole,"Stål, 1862","MEXICO: Jalisco, Rio San Nicolas",20.91000,-103.22000,Ortega León 1997,
Tyrannocoris,,jole,"Stål, 1862","MEXICO: Jalisco, El Tuito",20.36000,-105.23000,Ortega León 1997,
Tyrannocoris,,jole,"Stål, 1862","MEXICO: Jalisco, Barra de Navidad",19.20410,-104.67880,Ortega León 1997,
Tyrannocoris,,jole,"Stål, 1862","MEXICO: Veracruz, Xalapa de Enriquez",19.53000,-96.91000,Ortega León 1997,
Tyrannocoris,,jole,"Stål, 1862",DOMINICAN REPUBLIC: Santo Domingo,18.47000,-69.89000,Perez-Gelabert & Thomas 2005,
Tyrannocoris,,nigriceps,"Thomas, 1992","COLOMBIA:  Bolívar, Monterrey",10.48000,-75.42000,Castro-Huertas et al 2015,
Tyrannocoris,,nigriceps,"Thomas, 1992",FRENCH GUIANA: Maripasoula,3.64000,-54.03000,Lupoli 2019,
Tyrannocoris,,nigriceps,"Thomas, 1992","FRENCH GUIANA: Ouanary, Montagne Bruyere",4.19000,-51.64000,Lupoli 2019,
Tyrannocoris,,nigriceps,"Thomas, 1992","ARGENTINA:  Misiones, Iguazú National Park",-25.70000,-54.24000,Melo et al 2017,
Tyrannocoris,,nigriceps,"Thomas, 1992","BRAZIL: Piauí, Piracuruca, Parque Nacional de Sete Cidades, Cachoeira do Riacho. 171m.",-4.10000,-41.70000,UFRJ,
Tyrannocoris,,nigriceps,"Thomas, 1992","BRAZIL: Mato Grosso do Sul, Três Lagoas Horto Rio Verde, Três Lagoas Agroflorestal. Block light trap Eucalyptus grandis Flechtmann, C.A.H.",-20.81000,-51.72000,UFRG,
Tyrannocoris,,nigriceps,"Thomas, 1992","ARGENTINA:  Misiones, San Ignacio. L. Bade",-27.25000,-55.53000,UFRG,
Tyrannocoris,,nigriceps,"Thomas, 1992","BRAZIL: Amazonas, Rio Abacaxis. 35m. 2008-V-27/29. J.A.Rafael e equipe, arm. Luz sobre o barco",-5.25000,-58.69000,INPA,
Tyrannocoris,,nigriceps,"Thomas, 1992","BRAZIL: Amazonas, Rio Abacaxis. 35m. 2008-V-27/29. J.A.Rafael e equipe, arm. Luz sobre o barco",-5.25000,-58.69000,INPA,
Tyrannocoris,,nigriceps,"Thomas, 1992","BRAZIL: Mato Grosso, Jaciara",-15.95000,-54.97000,DZUP,
Tyrannocoris,,nigriceps,"Thomas, 1992","BRAZIL: Mato Grosso, Cuiabá",-15.60000,-56.09000,DZUP,
Tyrannocoris,,nigriceps,"Thomas, 1992","BRAZIL: Mato Grosso, Rosário Oeste",-14.82000,-56.42000,DZUP,
Tyrannocoris,,nigriceps,"Thomas, 1992","BRAZIL: Mato Grosso, Vera",-12.28690,-55.29720,Thomas 1992,
Tyrannocoris,,nigriceps,"Thomas, 1992","BRAZIL: Espirito Santo, Linhares",-19.39000,-40.06000,Thomas 1992,
Tyrannocoris,,nigriceps,"Thomas, 1992","ARGENTINA: Iguazu, Misiones",-25.59739,-54.57538,Thomas 1992,
Tyrannocoris,,rex,"Thomas, 1992",FRENCH GUIANA: Kourou,5.16000,-52.64000,Lupoli 2019,
Tyrannocoris,,rex,"Thomas, 1992",FRENCH GUIANA: Maripasoula,3.64000,-54.03000,Lupoli 2019,
Tyrannocoris,,rex,"Thomas, 1992",FRENCH GUIANA: Mana,5.48000,-53.55000,Lupoli 2019,
Tyrannocoris,,rex,"Thomas, 1992","FRENCH GUIANA: Regina, Saut Parare",4.02000,-52.69000,Lupoli 2019,
Tyrannocoris,,rex,"Thomas, 1992","FRENCH GUIANA: Saul, Belvedere",3.72000,-53.40000,Lupoli 2019,
Tyrannocoris,,rex,"Thomas, 1992",FRENCH GUIANA: St-Georges-de-l'Oyapock,3.89254,-51.80789,Lupoli 2019,
Tyrannocoris,,rex,"Thomas, 1992","BRAZIL: Rondônia, Jaru. A.C. Mendes",-10.43000,-62.48000,UFRG,
Tyrannocoris,,rex,"Thomas, 1992","BRAZIL: Amazonas, Parque Nacional do Jaú, Ig. Miratuca.",-1.95000,-61.83000,UFRG,
Tyrannocoris,,rex,"Thomas, 1992","BRAZIL: Amazonas, Rio Abacaxis. 35m.",-5.25000,-58.69000,INPA,
Tyrannocoris,,rex,"Thomas, 1992","BRAZIL: Amazonas, Rio Abacaxis. 35m.",-5.25000,-58.69000,INPA,
Tyrannocoris,,rex,"Thomas, 1992","BRAZIL: Amazonas, Rio Abacaxis. 35m.",-5.25000,-58.69000,INPA,
Tyrannocoris,,rex,"Thomas, 1992","BRAZIL: Amazonas, Rio Abacaxis. 35m.",-5.25000,-58.69000,INPA,
Tyrannocoris,,rex,"Thomas, 1992","BRAZIL: Amazonas, Rio Abacaxis. 35m.",-5.25000,-58.69000,INPA,
Tyrannocoris,,rex,"Thomas, 1992","BRAZIL: Amazonas, Rio Abacaxis. 35m.",-5.25000,-58.69000,INPA,
Tyrannocoris,,rex,"Thomas, 1992","BRAZIL: Amazonas, Rio Abacaxis. 35m.",-5.25000,-58.69000,INPA,
Tyrannocoris,,rex,"Thomas, 1992","BRAZIL: Amazonas, Rio Abacaxis. 35m.",-5.25000,-58.69000,INPA,
Tyrannocoris,,rex,"Thomas, 1992","BRAZIL: Amazonas, Rio Abacaxis. 35m.",-5.25000,-58.69000,INPA,
Tyrannocoris,,rex,"Thomas, 1992","BRAZIL: Amazonas, Rio Abacaxis. 35m.",-5.25000,-58.69000,INPA,
Tyrannocoris,,rex,"Thomas, 1992","BRAZIL: Amazonas, Borba, Rio Abacaxis, Paxiúba",-5.48000,-58.57000,INPA,
Tyrannocoris,,rex,"Thomas, 1992","BRAZIL: Amazonas, Rio Abacaxis. 35m.",-5.25000,-58.69000,INPA,
Tyrannocoris,,rex,"Thomas, 1992","BRAZIL: Amazonas, Rio Abacaxis. 35m.",-5.25000,-58.69000,INPA,
Tyrannocoris,,rex,"Thomas, 1992","BRAZIL: Amazonas, Rio Abacaxis. 35m.",-5.25000,-58.69000,INPA,
Tyrannocoris,,rex,"Thomas, 1992","BRAZIL: Amazonas, Rio Abacaxis. 35m.",-5.25000,-58.69000,INPA,
Tyrannocoris,,rex,"Thomas, 1992","BRAZIL: Amazonas, Itacoatiara (região metropolitana de Manaus), Rod. Manaus km 30.",-3.07000,-58.46000,UFRG,
Tyrannocoris,,rex,"Thomas, 1992","BRAZIL: Minas Gerais, Pirapora",-17.34870,-44.94310,Thomas 1992,
Tyrannocoris,,rex,"Thomas, 1992","BRAZIL: Mato Grosso, Sinop",-11.85430,-55.51170,Thomas 1992,
Tyrannocoris,,rideri,"Thomas, 1992","PORTO RICO: Hwy 52 - HWy 153, near St. Isabel",17.99210,-66.39090,Thomas 1992,
Zicrona,,americana,"Thomas, 1992","USA: New Mexico, Bernalillo",35.05000,-106.67000,Bundy 2012,
Zicrona,,americana,"Thomas, 1992","USA: New Mexico, Chaves",33.36000,-104.46000,Bundy 2012,
Zicrona,,americana,"Thomas, 1992","USA: New Mexico, Dõna Ana",32.35000,-106.83000,Bundy 2012,
Zicrona,,americana,"Thomas, 1992","USA: New Mexico, Lincoln",33.74000,-105.45000,Bundy 2012,
Zicrona,,americana,"Thomas, 1992","USA: New Mexico, Otero",32.61000,-105.74000,Bundy 2012,
Zicrona,,americana,"Thomas, 1992","USA: New Mexico, Roosevelt",34.02000,-103.48000,Bundy 2012,
Zicrona,,americana,"Thomas, 1992","USA: New Mexico, Saldoval",35.68000,-106.86000,Bundy 2012,
Zicrona,,americana,"Thomas, 1992","USA: New Mexico, Socorro",34.00000,-106.93000,Bundy 2012,
Zicrona,,americana,"Thomas, 1992","USA: New Mexico, Valencia",34.71000,-106.80000,Bundy 2012,
Zicrona,,americana,"Thomas, 1992","MEXICO: Baja California Sur, Cabo San Lucas",22.89000,-109.91000,Ortega León 1997,
Zicrona,,americana,"Thomas, 1992","MEXICO: Baja California Sur, Sierra de la Laguna",23.59000,-109.96000,Ortega León 1997,
Zicrona,,americana,"Thomas, 1992","MEXICO: Baja California, Consuelo",30.16000,-115.78000,Ortega León 1997,
Zicrona,,americana,"Thomas, 1992","MEXICO: Chihuahua, Garcia",28.35000,-105.42000,Ortega León 1997,
Zicrona,,americana,"Thomas, 1992","MEXICO: Coahuila, Saltillo",25.42000,-101.00000,Ortega León 1997,
Zicrona,,americana,"Thomas, 1992","USA: Arizona, Cochise County, 8km Est of Portal. 1450m. ",31.91000,-109.23000,AMNH,
Zicrona,,americana,"Thomas, 1992","USA: Arizona, Cochise County, Portal, Chiricahua Peak.",31.84000,-109.29000,DARC,
Zicrona,,americana,"Thomas, 1992","USA: Texas, Maverick County, 16km NW of Eagle Pass.",28.76000,-100.65000,DARC,
Zicrona,,caerulea,"Linnaeus, 1758","INDIA: Uttar Pradesh, Moradabad",28.85000,78.79000,Azim 2011,
Zicrona,,caerulea,"Linnaeus, 1758","INDIA: Jammu & Kashmir, Srinagar",34.08000,74.80000,Azim 2011,
Zicrona,,caerulea,"Linnaeus, 1758","INDIA: Uttarakhand, Nainital",29.20000,79.41000,Azim 2011,
Zicrona,,caerulea,"Linnaeus, 1758","INDIA: Assam, Chandpur",26.42000,89.93000,Azim 2011,
Zicrona,,caerulea,"Linnaeus, 1758","USA: Minnesota, Saint Louis",47.58000,-92.46000,Koch et al 2014,
Zicrona,,caerulea,"Linnaeus, 1758",TURKEY: Diyarbakir,37.91000,40.21000,Lodos & Onder 1983,
Zicrona,,caerulea,"Linnaeus, 1758",TURKEY: Hakkari,37.58000,44.16000,Lodos & Onder 1983,
Zicrona,,caerulea,"Linnaeus, 1758",TURKEY: Artvin,41.16000,41.83000,Lodos & Onder 1983,
Zicrona,,caerulea,"Linnaeus, 1758",TURKEY: Siirt,37.92000,41.94000,Lodos & Onder 1983,
Zicrona,,caerulea,"Linnaeus, 1758",TURKEY: Tokat,40.41000,36.58000,Lodos & Onder 1983,
Zicrona,,caerulea,"Linnaeus, 1758",TURKEY: Samsum,41.27000,36.33000,Lodos & Onder 1983,
Zicrona,,caerulea,"Linnaeus, 1758",TURKEY: Eskipazar Ilçesi,40.95000,32.54000,Lodos & Onder 1983,
Zicrona,,caerulea,"Linnaeus, 1758",TURKEY: Agri,39.71000,43.05000,Lodos & Onder 1983,
Zicrona,,caerulea,"Linnaeus, 1758",TURKEY: Konya,37.87000,32.48000,Lodos & Onder 1983,
Zicrona,,caerulea,"Linnaeus, 1758",TURKEY: Zonguldak,41.45000,31.79000,Lodos & Onder 1983,
Zicrona,,caerulea,"Linnaeus, 1758",TURKEY: Balikesir,39.64000,27.88000,Lodos & Onder 1983,
Zicrona,,caerulea,"Linnaeus, 1758",TURKEY: Bornova,38.47000,27.23000,Lodos & Onder 1983,
Zicrona,,caerulea,"Linnaeus, 1758",TURKEY: Edirne,41.67000,26.55000,Lodos & Onder 1983,
Zicrona,,caerulea,"Linnaeus, 1758",TAIWAN,24.00000,121.00000,Miyamoto 1965,
Zicrona,,caerulea,"Linnaeus, 1758",JAPAN: Oiwake,35.46000,140.19000,Miyamoto 1965,
Zicrona,,caerulea,"Linnaeus, 1758",INDIA: Aassam,26.00000,93.00000,Salini 2015,
Zicrona,,caerulea,"Linnaeus, 1758",INDIA: Bengal,24.00000,88.00000,Salini 2015,
Zicrona,,caerulea,"Linnaeus, 1758","INDIA: Karnataka, Mandya",12.58000,76.66000,Salini 2015,
Zicrona,,caerulea,"Linnaeus, 1758",INDIA: Nagaland ,26.08000,94.50000,Salini 2015,
Zicrona,,caerulea,"Linnaeus, 1758","USA: Michigan, Houghton",46.99000,-88.65000,Swanson 2012,
Zicrona,,caerulea,"Linnaeus, 1758","USA: Michigan, Schoolcraft",46.04000,-86.17000,Swanson 2012,
Zicrona,,caerulea,"Linnaeus, 1758","SPAIN: Aragon, Zaragoza",41.65000,-0.87000,Tanco 2018,
Zicrona,,caerulea,"Linnaeus, 1758","SPAIN: Valenciana, Moncada",39.54000,-0.39000,Tanco 2018,
Zicrona,,caerulea,"Linnaeus, 1758","SPAIN: Valencia, Rocafort",39.53000,-0.40000,Tanco 2018,
Zicrona,,caerulea,"Linnaeus, 1758","SPAIN: Andalucia, Almeria",36.86000,-2.45000,Tanco 2018,
Zicrona,,caerulea,"Linnaeus, 1758",SPAIN: Teruel,40.66000,-0.66000,Tanco 2018,
Zicrona,,caerulea,"Linnaeus, 1758",SPAIN: Cantabria,43.20000,-4.03000,Tanco 2018,
Zicrona,,caerulea,"Linnaeus, 1758",SPAIN: Burgos,42.34000,-3.70000,Tanco 2018,
Zicrona,,caerulea,"Linnaeus, 1758",SPAIN: Salamanca,40.96000,-5.66000,Tanco 2018,
Zicrona,,caerulea,"Linnaeus, 1758",SPAIN: Segovia,41.16000,-4.00000,Tanco 2018,
Zicrona,,caerulea,"Linnaeus, 1758",SPAIN: Soria,41.66000,-2.66000,Tanco 2018,
Zicrona,,caerulea,"Linnaeus, 1758",SPAIN: Valladolid,41.58000,-4.66000,Tanco 2018,
Zicrona,,caerulea,"Linnaeus, 1758","SPAIN: Cataluna, Barcelona",41.38000,2.15000,Tanco 2018,
Zicrona,,caerulea,"Linnaeus, 1758",SPAIN: Madrid,40.41000,-3.70000,Tanco 2018,
Zicrona,,caerulea,"Linnaeus, 1758",SPAIN: Castellon,40.16000,-0.16000,Tanco 2018,
Zicrona,,caerulea,"Linnaeus, 1758",SPAIN: Galicia,42.75000,-7.86000,Tanco 2018,
Zicrona,,caerulea,"Linnaeus, 1758",SPAIN: La Coruna,43.37000,-8.39000,Tanco 2018,
Zicrona,,caerulea,"Linnaeus, 1758",SPAIN: Lugo,43.00000,-7.50000,Tanco 2018,
Zicrona,,caerulea,"Linnaeus, 1758",SPAIN: Orense,42.16000,-7.50000,Tanco 2018,
Zicrona,,caerulea,"Linnaeus, 1758",SPAIN: Pontevedra,42.43000,-8.64000,Tanco 2018,
Zicrona,,caerulea,"Linnaeus, 1758",SPAIN: Islas Baleares,39.58000,2.90000,Tanco 2018,
Zicrona,,caerulea,"Linnaeus, 1758",SPAIN: Pais Vasco,43.00000,-2.75000,Tanco 2018,
Zicrona,,caerulea,"Linnaeus, 1758","PAKISTAN: Swat, Shakardara",33.98000,71.68000,Ullah et al 2017,
Zicrona,,caerulea,"Linnaeus, 1758","PAKISTAN: Swat, Bar Shawar",34.97000,72.28000,Ullah et al 2017,
Zicrona,,caerulea,"Linnaeus, 1758","PAKISTAN: Swat, Madyan",35.14000,72.53000,Ullah et al 2017,
Zicrona,,caerulea,"Linnaeus, 1758","USA: Washington, Colville",48.54000,-117.90000,Zack 2012,
Zicrona,,caerulea,"Linnaeus, 1758",RUSSIA: Moscow,55.75000,37.61000,Shestakov 2008,
Zicrona,,caerulea,"Linnaeus, 1758",CHINA: Beijing,39.90000,116.39000,Rider & Zheng 2002,
Zicrona,,caerulea,"Linnaeus, 1758",CHINA: Fujian,26.25000,118.00000,Rider & Zheng 2002,
Zicrona,,caerulea,"Linnaeus, 1758",CHINA: Gansu,37.75000,102.75000,Rider & Zheng 2002,
Zicrona,,caerulea,"Linnaeus, 1758",CHINA: Guangdong,23.50000,113.25000,Rider & Zheng 2002,
Zicrona,,caerulea,"Linnaeus, 1758",CHINA: Guangxi,24.00000,109.00000,Rider & Zheng 2002,
Zicrona,,caerulea,"Linnaeus, 1758",CHINA: Hainan,19.25000,109.75000,Rider & Zheng 2002,
Zicrona,,caerulea,"Linnaeus, 1758",CHINA: Hebei,39.00000,115.66000,Rider & Zheng 2002,
Zicrona,,caerulea,"Linnaeus, 1758",CHINA: Heilongjiang,47.75000,128.00000,Rider & Zheng 2002,
Zicrona,,caerulea,"Linnaeus, 1758",CHINA: Henan,34.00000,113.66000,Rider & Zheng 2002,
Zicrona,,caerulea,"Linnaeus, 1758",CHINA: Hubei,31.00000,112.25000,Rider & Zheng 2002,
Zicrona,,caerulea,"Linnaeus, 1758",CHINA: Hunan,27.66000,111.75000,Rider & Zheng 2002,
Zicrona,,caerulea,"Linnaeus, 1758",CHINA: Jiangsu,33.00000,119.83000,Rider & Zheng 2002,
Zicrona,,caerulea,"Linnaeus, 1758",CHINA: Jiangxi,27.66000,115.66000,Rider & Zheng 2002,
Zicrona,,caerulea,"Linnaeus, 1758",CHINA: Liaoning,41.25000,122.66000,Rider & Zheng 2002,
Zicrona,,caerulea,"Linnaeus, 1758",CHINA: Nei Monggol,43.50000,114.75000,Rider & Zheng 2002,
Zicrona,,caerulea,"Linnaeus, 1758",CHINA: Shaanxi,36.00000,109.00000,Rider & Zheng 2002,
Zicrona,,caerulea,"Linnaeus, 1758",CHINA: Shandong,36.33000,118.25000,Rider & Zheng 2002,
Zicrona,,caerulea,"Linnaeus, 1758",CHINA: Shanxi,37.66000,112.25000,Rider & Zheng 2002,
Zicrona,,caerulea,"Linnaeus, 1758",CHINA: Sichuan,30.50000,102.66000,Rider & Zheng 2002,
Zicrona,,caerulea,"Linnaeus, 1758",CHINA: Taiwan,24.00000,121.00000,Rider & Zheng 2002,
Zicrona,,caerulea,"Linnaeus, 1758",CHINA: Xinjiang,41.50000,85.50000,Rider & Zheng 2002,
Zicrona,,caerulea,"Linnaeus, 1758",CHINA: Yunnan,25.00000,101.50000,Rider & Zheng 2002,
Zicrona,,caerulea,"Linnaeus, 1758",CHINA: Zhejiang,29.16000,120.00000,Rider & Zheng 2002,
Zicrona,,caerulea,"Linnaeus, 1758","USA: Colorado, Larimer County, Colorado State University Mountain Campus. ",40.57000,-105.59000,UMSP,
Zicrona,,caerulea,"Linnaeus, 1758",SWITZERLAND: Canton of Valais. (Suisse-Valais) Coll. N. Cerutti.,46.19000,7.54000,MZLS,
Zicrona,,caerulea,"Linnaeus, 1758",SWITZERLAND: Canton of Valais. (Suisse-Valais) Coll. N. Cerutti.,46.19000,7.54000,MZLS,
Zicrona,,caerulea,"Linnaeus, 1758",SWITZERLAND: Canton of Valais. (Suisse-Valais) Coll. N. Cerutti.,46.19000,7.54000,MZLS,
Zicrona,,caerulea,"Linnaeus, 1758","BULGARIA: Blagoevgrad Province, Gotse Delchev, Mesta V. S.W. ",41.57000,23.72000,NMPC,
Zicrona,,caerulea,"Linnaeus, 1758","BULGARIA: Blagoevgrad Province, Gotse Delchev, Mesta V. S.W. ",41.57000,23.72000,NMPC,
Zicrona,,caerulea,"Linnaeus, 1758",IRAQ: Bagdad. Coll. Kálalova.,33.31000,44.36000,NMPC,
Zicrona,,caerulea,"Linnaeus, 1758",IRAQ: Bagdad. Coll. Kálalová.,33.31000,44.36000,NMPC,
Zicrona,,caerulea,"Linnaeus, 1758","USA: California, San Bernardino County, Forest Home. ",34.95000,-116.41000,FSCA,
Zicrona,,caerulea,"Linnaeus, 1758","TANZANIA: Mara Region, Ikoma Tented Camp. ",-2.17000,34.71000,FSCA,
Zicrona,,caerulea,"Linnaeus, 1758","USA: California, Seven Oaks. 5-27-36 G.M. Kohle, coll",34.11000,-117.09000,FSCA,
Zicrona,,caerulea,"Linnaeus, 1758","UGANDA:: Wakiso District, Entebbe. 1972-VIII-07. H. Falke, coll.",0.05000,32.46000,FSCA,
Zicrona,,caerulea,"Linnaeus, 1758","OREGON: Jackson County, Squaw Creek, 3,2 km NE of Copper. ",42.03000,-123.09000,DARC,
Zicrona,,caerulea,"Linnaeus, 1758","INDONESIA: Sumatra do Norte, Dolok Merangir",3.12000,99.12000,EMG,
Zicrona,,caerulea,"Linnaeus, 1758",CZEC REPUBLIC: Jaroslav,50.01000,16.07000,EMG,
Zicrona,,caerulea,"Linnaeus, 1758",SLOVAKIA: Spišská Nová Ves,48.94000,20.56000,EMG,
Zicrona,,caerulea,"Linnaeus, 1758",CZEC REPUBLIC: Jaroslav,50.01000,16.07000,EMG,
Zicrona,,caerulea,"Linnaeus, 1758","INDONESIA: Sumatra Ocidental, Solok",-0.78000,100.75000,EMG,
Zicrona,,caerulea,"Linnaeus, 1758","INDONESIA: Sumatra Ocidental, Solok",-0.78000,100.75000,EMG,
Zicrona,,caerulea,"Linnaeus, 1758","INDONESIA: Sumatra Ocidental, Solok",-0.78000,100.75000,EMG,
Zicrona,,caerulea,"Linnaeus, 1758","INDONESIA: Sumatra Ocidental, Solok",-0.78000,100.75000,EMG,
Zicrona,,caerulea,"Linnaeus, 1758","USA: California, Los Angeles. April 4, 70' S. Cal",34.05000,-118.24000,INHS,
Zicrona,,hisarensis,"Chopra & Sucheta, 1984",INDIA: Haryana,29.25000,76.33333,Pal et al 2023,
,,, ,,,,,
,,, ,,,,,
,,,,,,,,
,,, ,,,,,
,,, ,,,,,
,,, ,,,,,
,,, ,,,,,
,,, ,,,,,
,,, ,,,,,
,,, ,,,,,
,,, ,,,,,
,,, ,,,,,
,,, ,,,,,
,,, ,,,,,
,,, ,,,,,
,,, ,,,,,
,,, ,,,,,
,,, ,,,,,
,,, ,,,,,
,,,,,,,,
,,, ,,,,,
,,, ,,,,,
,,, ,,,,,
,,, ,,,,,
,,,,,,,,
,,, ,,,,,
,,, ,,,,,
,,, ,,,,,
,,, ,,,,,
,,, ,,,,,
,,, ,,,,,
,,, ,,,,,
,,, ,,,,,
,,, ,,,,,
,,, ,,,,,
,,, ,,,,,
,,, ,,,,,
,,, ,,,,,
,,, ,,,,,
,,, ,,,,,
,,, ,,,,,
,,, ,,,,,
,,, ,,,,,
,,, ,,,,,
,,, ,,,,,
,,, ,,,,,
,,, ,,,,,
,,, ,,,,,
,,, ,,,,,
,,, ,,,,,
,,, ,,,,,
,,, ,,,,,
,,, ,,,,,
,,, ,,,,,
,,, ,,,,,
,,, ,,,,,
,,, ,,,,,
,,, ,,,,,
,,, ,,,,,
,,, ,,,,,
,,, ,,,,,
,,, ,,,,,
,,, ,,,,,
,,, ,,,,,
,,, ,,,,,
,,, ,,,,,
,,, ,,,,,
,,, ,,,,,
,,, ,,,,,
,,, ,,,,,
,,, ,,,,,
,,, ,,,,,
,,, ,,,,,
,,, ,,,,,
,,, ,,,,,
,,, ,,,,,
,,, ,,,,,
,,, ,,,,,
,,, ,,,,,
,,, ,,,,,
,,, ,,,,,
,,, ,,,,,
,,, ,,,,,
,,, ,,,,,
,,, ,,,,,
,,, ,,,,,
,,, ,,,,,
,,, ,,,,,
,,, ,,,,,
,,, ,,,,,
,,, ,,,,,
,,, ,,,,,
,,, ,,,,,
,,, ,,,,,
,,, ,,,,,
,,, ,,,,,
,,, ,,,,,
,,, ,,,,,
,,, ,,,,,
,,, ,,,,,
,,, ,,,,,
,,, ,,,,,
,,, ,,,,,
,,, ,,,,,
,,, ,,,,,
,,, ,,,,,
,,, ,,,,,
,,, ,,,,,
,,, ,,,,,
,,, ,,,,,
,,, ,,,,,
,,, ,,,,,
,,, ,,,,,
,,, ,,,,,
,,, ,,,,,
,,, ,,,,,
,,, ,,,,,
,,, ,,,,,
,,, ,,,,,
,,, ,,,,,
,,, ,,,,,
,,, ,,,,,
,,, ,,,,,
,,, ,,,,,
,,, ,,,,,
,,, ,,,,,
,,, ,,,,,
,,,,,,,,
,,,,,,,,
,,, ,,,,,
,,, ,,,,,
,,, ,,,,,
,,, ,,,,,
,,, ,,,,,
,,, ,,,,,
,,, ,,,,,
,,, ,,,,,
,,, ,,,,,
,,, ,,,,,
,,, ,,,,,
,,, ,,,,,
,,, ,,,,,
,,, ,,,,,
,,, ,,,,,
,,, ,,,,,
,,, ,,,,,
,,, ,,,,,
,,, ,,,,,
,,, ,,,,,
,,, ,,,,,
,,, ,,,,,
,,,,,,,,
,,,,,,,,
,,, ,,,,,
,,, ,,,,,
,,, ,,,,,
,,, ,,,,,
,,, ,,,,,
,,, ,,,,,
,,, ,,,,,
,,, ,,,,,
,,, ,,,,,
,,, ,,,,,
,,, ,,,,,
,,, ,,,,,
,,, ,,,,,
,,, ,,,,,
,,, ,,,,,
,,, ,,,,,
,,, ,,,,,
,,, ,,,,,
,,, ,,,,,
,,, ,,,,,
,,, ,,,,,
,,, ,,,,,
,,, ,,,,,
,,, ,,,,,
,,, ,,,,,
,,, ,,,,,
,,, ,,,,,
,,, ,,,,,
,,, ,,,,,
,,, ,,,,,
,,, ,,,,,
,,, ,,,,,
,,, ,,,,,
,,, ,,,,,
,,, ,,,,,
,,, ,,,,,
,,, ,,,,,
,,, ,,,,,
,,, ,,,,,
,,, ,,,,,
,,, ,,,,,
,,, ,,,,,
,,, ,,,,,
,,, ,,,,,
,,, ,,,,,
,,, ,,,,,
,,, ,,,,,
,,, ,,,,,
,,,,,,,,
,,, ,,,,,
,,, ,,,,,
,,, ,,,,,
,,, ,,,,,
,,, ,,,,,
,,, ,,,,,
,,, ,,,,,
,,, ,,,,,
,,, ,,,,,
,,, ,,,,,
,,, ,,,,,
,,, ,,,,,
,,, ,,,,,
,,, ,,,,,
,,, ,,,,,
,,, ,,,,,
,,, ,,,,,
,,, ,,,,,
,,, ,,,,,
,,, ,,,,,
,,, ,,,,,
,,, ,,,,,
,,, ,,,,,
,,, ,,,,,
,,, ,,,,,
,,, ,,,,,
,,, ,,,,,
,,, ,,,,,
,,, ,,,,,
,,, ,,,,,
,,, ,,,,,
,,, ,,,,,
,,, ,,,,,
,,, ,,,,,
,,, ,,,,,
,,, ,,,,,
,,, ,,,,,
,,, ,,,,,
,,, ,,,,,
,,, ,,,,,
,,, ,,,,,
,,, ,,,,,
,,, ,,,,,
,,, ,,,,,
,,, ,,,,,
,,, ,,,,,
,,, ,,,,,
,,, ,,,,,
,,, ,,,,,
,,, ,,,,,
,,, ,,,,,
,,, ,,,,,
,,, ,,,,,
,,, ,,,,,
,,, ,,,,,
,,,,,,,,
,,,,,,,,
,,,,,,,,
,,,,,,,,
,,,,,,,,
,,,,,,,,
,,,,,,,,
,,,,,,,,
,,,,,,,,
,,,,,,,,
,,,,,,,,
,,,,,,,,
,,,,,,,,
,,,,,,,,
,,,,,,,,
,,,,,,,,
,,,,,,,,
,,,,,,,,
,,,,,,,,
,,,,,,,,
,,,,,,,,
,,,,,,,,
,,,,,,,,
,,,,,,,,
,,,,,,,,
,,,,,,,,
,,,,,,,,
,,,,,,,,
,,,,,,,,
,,,,,,,,
,,,,,,,,
,,,,,,,,
,,,,,,,,
,,,,,,,,
,,,,,,,,
,,,,,,,,
,,,,,,,,
,,,,,,,,
,,,,,,,,
,,,,,,,,
,,,,,,,,
,,,,,,,,
,,,,,,,,
,,,,,,,,
,,,,,,,,
,,,,,,,,
,,,,,,,,
,,,,,,,,
,,,,,,,,
,,,,,,,,
,,,,,,,,
,,,,,,,,
,,,,,,,,
,,,,,,,,
,,,,,,,,
,,,,,,,,
,,,,,,,,
,,,,,,,,
,,,,,,,,
,,,,,,,,
,,,,,,,,
,,,,,,,,
,,,,,,,,
,,,,,,,,
,,,,,,,,
,,,,,,,,
,,,,,,,,
,,,,,,,,
,,,,,,,,
,,,,,,,,
,,,,,,,,
,,,,,,,,
,,,,,,,,
,,,,,,,,
,,,,,,,,
,,,,,,,,
,,,,,,,,
,,,,,,,,
,,,,,,,,
,,,,,,,,
,,,,,,,,
,,,,,,,,
,,,,,,,,
,,,,,,,,
,,,,,,,,
,,,,,,,,
,,,,,,,,
,,,,,,,,
,,,,,,,,
,,,,,,,,
,,,,,,,,
,,,,,,,,
,,,,,,,,
,,,,,,,,
,,,,,,,,
,,,,,,,,
,,,,,,,,
,,,,,,,,
,,,,,,,,
,,,,,,,,
,,,,,,,,
,,,,,,,,
,,,,,,,,
,,,,,,,,
,,,,,,,,
,,,,,,,,
,,,,,,,,
,,,,,,,,
,,,,,,,,
,,,,,,,,
,,,,,,,,
,,,,,,,,
,,,,,,,,
,,,,,,,,
,,,,,,,,
,,,,,,,,
,,,,,,,,
,,,,,,,,
,,,,,,,,
,,,,,,,,
,,,,,,,,
,,,,,,,,
,,,,,,,,
,,,,,,,,
,,,,,,,,
,,,,,,,,
,,,,,,,,
,,,,,,,,
,,,,,,,,
,,,,,,,,
,,,,,,,,
,,,,,,,,
,,,,,,,,
,,,,,,,,
,,,,,,,,
,,,,,,,,
,,,,,,,,
,,,,,,,,
,,,,,,,,
,,,,,,,,
,,,,,,,,
,,,,,,,,
,,,,,,,,
,,,,,,,,
,,,,,,,,
,,,,,,,,
,,,,,,,,
,,,,,,,,
,,,,,,,,
,,,,,,,,
,,,,,,,,
,,,,,,,,
,,,,,,,,
,,,,,,,,
,,,,,,,,
,,,,,,,,
,,,,,,,,
,,,,,,,,
,,,,,,,,
,,,,,,,,
,,,,,,,,
,,,,,,,,
,,,,,,,,
,,,,,,,,
,,,,,,,,
,,,,,,,,
,,,,,,,,
,,,,,,,,
,,,,,,,,
,,,,,,,,
,,,,,,,,
,,,,,,,,
,,,,,,,,
,,,,,,,,
,,,,,,,,
,,,,,,,,
,,,,,,,,
,,,,,,,,
,,,,,,,,
,,,,,,,,
,,,,,,,,
,,,,,,,,
,,,,,,,,
,,,,,,,,
,,,,,,,,
,,,,,,,,
,,,,,,,,
,,,,,,,,
,,,,,,,,
,,,,,,,,
,,,,,,,,
,,,,,,,,
,,,,,,,,
,,,,,,,,
,,,,,,,,
,,,,,,,,
,,,,,,,,
,,,,,,,,
,,,,,,,,
,,,,,,,,
,,,,,,,,
,,,,,,,,
,,,,,,,,
,,,,,,,,
,,,,,,,,
,,,,,,,,
,,,,,,,,
,,,,,,,,
,,,,,,,,
,,,,,,,,
,,,,,,,,
,,,,,,,,
,,,,,,,,
,,,,,,,,
,,,,,,,,
,,,,,,,,
,,,,,,,,
,,,,,,,,
,,,,,,,,
,,,,,,,,
,,,,,,,,
,,,,,,,,
,,,,,,,,
,,,,,,,,
,,,,,,,,
,,,,,,,,
,,,,,,,,
,,,,,,,,
,,,,,,,,
,,,,,,,,
,,,,,,,,
,,,,,,,,
,,,,,,,,
,,,,,,,,
,,,,,,,,
,,,,,,,,
,,,,,,,,
,,,,,,,,
,,,,,,,,
,,,,,,,,
,,,,,,,,
,,,,,,,,
,,,,,,,,
,,,,,,,,
,,,,,,,,
,,,,,,,,
,,,,,,,,
,,,,,,,,
,,,,,,,,
,,,,,,,,
,,,,,,,,
,,,,,,,,
,,,,,,,,
,,,,,,,,
,,,,,,,,
,,,,,,,,
,,,,,,,,
,,,,,,,,
,,,,,,,,
,,,,,,,,
,,,,,,,,
,,,,,,,,
,,,,,,,,
,,,,,,,,
,,,,,,,,
,,,,,,,,
,,,,,,,,
,,,,,,,,
,,,,,,,,
,,,,,,,,
,,,,,,,,
,,,,,,,,
,,,,,,,,
,,,,,,,,
,,,,,,,,
,,,,,,,,
,,,,,,,,
,,,,,,,,
,,,,,,,,
,,,,,,,,
,,,,,,,,
,,,,,,,,
,,,,,,,,
,,,,,,,,
,,,,,,,,
,,,,,,,,
,,,,,,,,
,,,,,,,,
,,,,,,,,
,,,,,,,,
,,,,,,,,
,,,,,,,,
,,,,,,,,
,,,,,,,,
,,,,,,,,
,,,,,,,,
,,,,,,,,
,,,,,,,,
,,,,,,,,
,,,,,,,,
,,,,,,,,
,,,,,,,,
,,,,,,,,
,,,,,,,,
,,,,,,,,
,,,,,,,,
,,,,,,,,
,,,,,,,,
,,,,,,,,
,,,,,,,,
,,,,,,,,
,,,,,,,,
,,,,,,,,
,,,,,,,,
,,,,,,,,
,,,,,,,,
,,,,,,,,
,,,,,,,,
,,,,,,,,
,,,,,,,,
,,,,,,,,
,,,,,,,,
,,,,,,,,
,,,,,,,,
,,,,,,,,
,,,,,,,,
,,,,,,,,
,,,,,,,,
,,,,,,,,
,,,,,,,,
,,,,,,,,
,,,,,,,,
,,,,,,,,
,,,,,,,,
,,,,,,,,
,,,,,,,,
,,,,,,,,
,,,,,,,,
,,,,,,,,
,,,,,,,,
,,,,,,,,
,,,,,,,,
,,,,,,,,
,,,,,,,,
,,,,,,,,
,,,,,,,,
,,,,,,,,
,,,,,,,,
,,,,,,,,
,,,,,,,,
,,,,,,,,
,,,,,,,,
,,,,,,,,
,,,,,,,,
,,,,,,,,
,,,,,,,,
,,,,,,,,
,,,,,,,,
,,,,,,,,
,,,,,,,,
,,,,,,,,
,,,,,,,,
,,,,,,,,
,,,,,,,,
,,,,,,,,
,,,,,,,,
,,,,,,,,
,,,,,,,,
,,,,,,,,
,,,,,,,,
,,,,,,,,
,,,,,,,,
,,,,,,,,
,,,,,,,,
,,,,,,,,
,,,,,,,,
,,,,,,,,
,,,,,,,,
,,,,,,,,
,,,,,,,,
,,,,,,,,
,,,,,,,,
,,,,,,,,
,,,,,,,,
,,,,,,,,
,,,,,,,,
,,,,,,,,
,,,,,,,,
,,,,,,,,
,,,,,,,,
,,,,,,,,
,,,,,,,,
,,,,,,,,
,,,,,,,,
,,,,,,,,
,,,,,,,,
,,,,,,,,
,,,,,,,,
,,,,,,,,
,,,,,,,,
,,,,,,,,
,,,,,,,,
,,,,,,,,
,,,,,,,,
,,,,,,,,
,,,,,,,,
,,,,,,,,
,,,,,,,,
,,,,,,,,
,,,,,,,,
,,,,,,,,
,,,,,,,,
,,,,,,,,
,,,,,,,,
,,,,,,,,
,,,,,,,,
,,,,,,,,
,,,,,,,,
,,,,,,,,
,,,,,,,,
,,,,,,,,
,,,,,,,,
,,,,,,,,
,,,,,,,,
,,,,,,,,
,,,,,,,,
,,,,,,,,
,,,,,,,,
,,,,,,,,
,,,,,,,,
,,,,,,,,
,,,,,,,,
,,,,,,,,
,,,,,,,,
,,,,,,,,
,,,,,,,,
,,,,,,,,
,,,,,,,,
,,,,,,,,
,,,,,,,,
,,,,,,,,
,,,,,,,,
,,,,,,,,
,,,,,,,,
,,,,,,,,
,,,,,,,,
,,,,,,,,
,,,,,,,,
,,,,,,,,
,,,,,,,,
,,,,,,,,
,,,,,,,,
,,,,,,,,
,,,,,,,,
,,,,,,,,
,,,,,,,,
,,,,,,,,
,,,,,,,,
,,,,,,,,
,,,,,,,,
,,,,,,,,
,,,,,,,,
,,,,,,,,
,,,,,,,,
,,,,,,,,
,,,,,,,,
,,,,,,,,
,,,,,,,,
,,,,,,,,
,,,,,,,,
,,,,,,,,
,,,,,,,,
,,,,,,,,
,,,,,,,,
,,,,,,,,
,,,,,,,,
,,,,,,,,
,,,,,,,,
,,,,,,,,
,,,,,,,,
,,,,,,,,
,,,,,,,,
,,,,,,,,
,,,,,,,,
,,,,,,,,
,,,,,,,,
,,,,,,,,
,,,,,,,,
,,,,,,,,
,,,,,,,,
,,,,,,,,
,,,,,,,,
,,,,,,,,
,,,,,,,,
,,,,,,,,
,,,,,,,,
,,,,,,,,
,,,,,,,,
,,,,,,,,
,,,,,,,,
,,,,,,,,
,,,,,,,,
,,,,,,,,
,,,,,,,,
,,,,,,,,
,,,,,,,,
,,,,,,,,
,,,,,,,,
,,,,,,,,
,,,,,,,,
,,,,,,,,
,,,,,,,,
,,,,,,,,
,,,,,,,,
,,,,,,,,
,,,,,,,,
,,,,,,,,
,,,,,,,,
,,,,,,,,
,,,,,,,,
,,,,,,,,
,,,,,,,,
,,,,,,,,
,,,,,,,,
,,,,,,,,
,,,,,,,,
,,,,,,,,
,,,,,,,,
,,,,,,,,
,,,,,,,,
,,,,,,,,
,,,,,,,,
,,,,,,,,
,,,,,,,,
,,,,,,,,
,,,,,,,,
,,,,,,,,
,,,,,,,,
,,,,,,,,
,,,,,,,,
,,,,,,,,
,,,,,,,,
,,,,,,,,
,,,,,,,,
,,,,,,,,
,,,,,,,,
,,,,,,,,
,,,,,,,,
,,,,,,,,
,,,,,,,,
,,,,,,,,
,,,,,,,,
,,,,,,,,
,,,,,,,,
,,,,,,,,
,,,,,,,,
,,,,,,,,
,,,,,,,,
,,,,,,,,
,,,,,,,,
,,,,,,,,
,,,,,,,,
,,,,,,,,
,,,,,,,,
,,,,,,,,
,,,,,,,,
,,,,,,,,
,,,,,,,,
,,,,,,,,
,,,,,,,,
,,,,,,,,
,,,,,,,,
,,,,,,,,
,,,,,,,,
,,,,,,,,
,,,,,,,,
,,,,,,,,
,,,,,,,,
,,,,,,,,
,,,,,,,,
,,,,,,,,
,,,,,,,,
,,,,,,,,
,,,,,,,,
,,,,,,,,
,,,,,,,,
,,,,,,,,
,,,,,,,,
,,,,,,,,
,,,,,,,,
,,,,,,,,
,,,,,,,,
,,,,,,,,
,,,,,,,,
,,,,,,,,
,,,,,,,,
,,,,,,,,
,,,,,,,,
,,,,,,,,
,,,,,,,,
,,,,,,,,
,,,,,,,,
,,,,,,,,
,,,,,,,,
,,,,,,,,
,,,,,,,,
,,,,,,,,
,,,,,,,,
,,,,,,,,
,,,,,,,,
,,,,,,,,
,,,,,,,,
,,,,,,,,
,,,,,,,,
,,,,,,,,
,,,,,,,,
,,,,,,,,
,,,,,,,,
,,,,,,,,
,,,,,,,,
,,,,,,,,
,,,,,,,,
,,,,,,,,
,,,,,,,,
,,,,,,,,
,,,,,,,,
,,,,,,,,
,,,,,,,,
,,,,,,,,
,,,,,,,,
,,,,,,,,
,,,,,,,,
,,,,,,,,
,,,,,,,,
,,,,,,,,
,,,,,,,,
,,,,,,,,
,,,,,,,,
,,,,,,,,
,,,,,,,,
,,,,,,,,
,,,,,,,,
,,,,,,,,
,,,,,,,,
,,,,,,,,
,,,,,,,,
,,,,,,,,
,,,,,,,,
,,,,,,,,
,,,,,,,,
,,,,,,,,
,,,,,,,,
,,,,,,,,
,,,,,,,,
,,,,,,,,
,,,,,,,,
,,,,,,,,
,,,,,,,,
,,,,,,,,
,,,,,,,,
,,,,,,,,
,,,,,,,,
,,,,,,,,
,,,,,,,,
,,,,,,,,
,,,,,,,,
,,,,,,,,
,,,,,,,,
,,,,,,,,
,,,,,,,,
,,,,,,,,
,,,,,,,,
,,,,,,,,
,,,,,,,,
,,,,,,,,
,,,,,,,,
,,,,,,,,
,,,,,,,,
,,,,,,,,
,,,,,,,,
,,,,,,,,
,,,,,,,,
,,,,,,,,
,,,,,,,,
,,,,,,,,
,,,,,,,,
,,,,,,,,
,,,,,,,,
,,,,,,,,
,,,,,,,,
,,,,,,,,
,,,,,,,,
,,,,,,,,
,,,,,,,,
,,,,,,,,
,,,,,,,,
,,,,,,,,
,,,,,,,,
,,,,,,,,
,,,,,,,,
,,,,,,,,
,,,,,,,,
,,,,,,,,
,,,,,,,,
,,,,,,,,
,,,,,,,,
,,,,,,,,
,,,,,,,,
,,,,,,,,
,,,,,,,,
,,,,,,,,
,,,,,,,,
,,,,,,,,
,,,,,,,,
,,,,,,,,
,,,,,,,,
,,,,,,,,
,,,,,,,,
,,,,,,,,
,,,,,,,,
,,,,,,,,
,,,,,,,,
,,,,,,,,
,,,,,,,,
,,,,,,,,
,,,,,,,,
,,,,,,,,
,,,,,,,,
,,,,,,,,
,,,,,,,,
,,,,,,,,
,,,,,,,,
,,,,,,,,
,,,,,,,,
,,,,,,,,
,,,,,,,,
,,,,,,,,
,,,,,,,,
,,,,,,,,
,,,,,,,,
,,,,,,,,
,,,,,,,,
,,,,,,,,
,,,,,,,,
,,,,,,,,
,,,,,,,,
,,,,,,,,
,,,,,,,,
,,,,,,,,
,,,,,,,,
,,,,,,,,
,,,,,,,,
,,,,,,,,
,,,,,,,,
,,,,,,,,
,,,,,,,,
,,,,,,,,
,,,,,,,,
,,,,,,,,
,,,,,,,,
,,,,,,,,
,,,,,,,,
,,,,,,,,
,,,,,,,,
,,,,,,,,
,,,,,,,,
,,,,,,,,
,,,,,,,,
,,,,,,,,
,,,,,,,,
,,,,,,,,
,,,,,,,,
,,,,,,,,
,,,,,,,,
,,,,,,,,
,,,,,,,,
,,,,,,,,
,,,,,,,,
,,,,,,,,
,,,,,,,,
,,,,,,,,
,,,,,,,,
,,,,,,,,
,,,,,,,,
,,,,,,,,
,,,,,,,,
,,,,,,,,
,,,,,,,,
,,,,,,,,
,,,,,,,,
,,,,,,,,
,,,,,,,,
,,,,,,,,
,,,,,,,,
,,,,,,,,
,,,,,,,,
,,,,,,,,
,,,,,,,,
,,,,,,,,
,,,,,,,,
,,,,,,,,
,,,,,,,,
,,,,,,,,
,,,,,,,,
,,,,,,,,
,,,,,,,,
,,,,,,,,
,,,,,,,,
,,,,,,,,
,,,,,,,,
,,,,,,,,
,,,,,,,,
,,,,,,,,
,,,,,,,,
,,,,,,,,
,,,,,,,,
,,,,,,,,
,,,,,,,,
,,,,,,,,
,,,,,,,,
,,,,,,,,
,,,,,,,,
,,,,,,,,
,,,,,,,,
,,,,,,,,
,,,,,,,,
,,,,,,,,
,,,,,,,,
,,,,,,,,
,,,,,,,,
,,,,,,,,
,,,,,,,,
,,,,,,,,
,,,,,,,,
,,,,,,,,
,,,,,,,,
,,,,,,,,
,,,,,,,,
,,,,,,,,
,,,,,,,,
,,,,,,,,
,,,,,,,,
,,,,,,,,
,,,,,,,,
,,,,,,,,
,,,,,,,,
,,,,,,,,
,,,,,,,,
,,,,,,,,
,,,,,,,,
,,,,,,,,
,,,,,,,,
,,,,,,,,
,,,,,,,,
,,,,,,,,
,,,,,,,,
,,,,,,,,
,,,,,,,,
,,,,,,,,
,,,,,,,,
,,,,,,,,
,,,,,,,,
,,,,,,,,
,,,,,,,,
,,,,,,,,
,,,,,,,,
,,,,,,,,
,,,,,,,,
,,,,,,,,
,,,,,,,,
,,,,,,,,
,,,,,,,,
,,,,,,,,
,,,,,,,,
,,,,,,,,
,,,,,,,,
,,,,,,,,
,,,,,,,,
,,,,,,,,
,,,,,,,,
,,,,,,,,
,,,,,,,,
,,,,,,,,
,,,,,,,,
,,,,,,,,
,,,,,,,,
,,,,,,,,
,,,,,,,,
,,,,,,,,
,,,,,,,,
,,,,,,,,
,,,,,,,,
,,,,,,,,
,,,,,,,,
,,,,,,,,
,,,,,,,,
,,,,,,,,
,,,,,,,,
,,,,,,,,
,,,,,,,,
,,,,,,,,
,,,,,,,,
,,,,,,,,
,,,,,,,,
,,,,,,,,
,,,,,,,,
,,,,,,,,
,,,,,,,,
,,,,,,,,
,,,,,,,,
,,,,,,,,
,,,,,,,,
,,,,,,,,
,,,,,,,,
,,,,,,,,
,,,,,,,,
,,,,,,,,
,,,,,,,,
,,,,,,,,
,,,,,,,,
,,,,,,,,
,,,,,,,,
,,,,,,,,
,,,,,,,,
,,,,,,,,
,,,,,,,,
,,,,,,,,
,,,,,,,,
,,,,,,,,
,,,,,,,,
,,,,,,,,
,,,,,,,,
,,,,,,,,
,,,,,,,,
,,,,,,,,
,,,,,,,,
,,,,,,,,
,,,,,,,,
,,,,,,,,
,,,,,,,,
,,,,,,,,
,,,,,,,,
,,,,,,,,
,,,,,,,,
,,,,,,,,
,,,,,,,,
,,,,,,,,
,,,,,,,,
,,,,,,,,
,,,,,,,,
,,,,,,,,
,,,,,,,,
,,,,,,,,
,,,,,,,,
,,,,,,,,
,,,,,,,,
,,,,,,,,
,,,,,,,,
,,,,,,,,
,,,,,,,,
,,,,,,,,
,,,,,,,,
,,,,,,,,
,,,,,,,,
,,,,,,,,
,,,,,,,,
,,,,,,,,
,,,,,,,,
,,,,,,,,
,,,,,,,,
,,,,,,,,
,,,,,,,,
,,,,,,,,
,,,,,,,,
,,,,,,,,
,,,,,,,,
,,,,,,,,
,,,,,,,,
,,,,,,,,
,,,,,,,,
,,,,,,,,
,,,,,,,,
,,,,,,,,
,,,,,,,,
,,,,,,,,
,,,,,,,,
,,,,,,,,
,,,,,,,,
,,,,,,,,
,,,,,,,,
,,,,,,,,
,,,,,,,,
,,,,,,,,
,,,,,,,,
,,,,,,,,
,,,,,,,,
,,,,,,,,
,,,,,,,,
,,,,,,,,
,,,,,,,,
,,,,,,,,
,,,,,,,,
,,,,,,,,
,,,,,,,,
,,,,,,,,
,,,,,,,,
,,,,,,,,
,,,,,,,,
,,,,,,,,
,,,,,,,,
,,,,,,,,
,,,,,,,,
,,,,,,,,
,,,,,,,,
,,,,,,,,
,,,,,,,,
,,,,,,,,
,,,,,,,,
,,,,,,,,
,,,,,,,,
,,,,,,,,
,,,,,,,,
,,,,,,,,
,,,,,,,,
,,,,,,,,
,,,,,,,,
,,,,,,,,
,,,,,,,,
,,,,,,,,
,,,,,,,,
,,,,,,,,
,,,,,,,,
,,,,,,,,
,,,,,,,,
,,,,,,,,
,,,,,,,,
,,,,,,,,
,,,,,,,,
,,,,,,,,
,,,,,,,,
,,,,,,,,
,,,,,,,,
,,,,,,,,
,,,,,,,,
,,,,,,,,
,,,,,,,,
,,,,,,,,
,,,,,,,,
,,,,,,,,
,,,,,,,,
,,,,,,,,
,,,,,,,,
,,,,,,,,
,,,,,,,,
,,,,,,,,
,,,,,,,,
,,,,,,,,
,,,,,,,,
,,,,,,,,
,,,,,,,,
,,,,,,,,
,,,,,,,,
,,,,,,,,
,,,,,,,,
,,,,,,,,
,,,,,,,,
,,,,,,,,
,,,,,,,,
,,,,,,,,
,,,,,,,,
,,,,,,,,
,,,,,,,,
,,,,,,,,
,,,,,,,,
,,,,,,,,
,,,,,,,,
,,,,,,,,
,,,,,,,,
,,,,,,,,
,,,,,,,,
,,,,,,,,
,,,,,,,,
,,,,,,,,
,,,,,,,,
,,,,,,,,
,,,,,,,,
,,,,,,,,
,,,,,,,,
,,,,,,,,
,,,,,,,,
,,,,,,,,
,,,,,,,,
,,,,,,,,
,,,,,,,,
,,,,,,,,
,,,,,,,,
,,,,,,,,
,,,,,,,,
,,,,,,,,
,,,,,,,,
,,,,,,,,
,,,,,,,,
,,,,,,,,
,,,,,,,,
,,,,,,,,
,,,,,,,,
,,,,,,,,
,,,,,,,,
,,,,,,,,
,,,,,,,,
,,,,,,,,
,,,,,,,,
,,,,,,,,
,,,,,,,,
,,,,,,,,
,,,,,,,,
,,,,,,,,
,,,,,,,,
,,,,,,,,
,,,,,,,,
,,,,,,,,
,,,,,,,,
,,,,,,,,
,,,,,,,,
,,,,,,,,
,,,,,,,,
,,,,,,,,
,,,,,,,,
,,,,,,,,
,,,,,,,,
,,,,,,,,
,,,,,,,,
,,,,,,,,
,,,,,,,,
,,,,,,,,
,,,,,,,,
,,,,,,,,
,,,,,,,,
,,,,,,,,
,,,,,,,,
,,,,,,,,
,,,,,,,,
,,,,,,,,
,,,,,,,,
,,,,,,,,
,,,,,,,,
,,,,,,,,
,,,,,,,,
,,,,,,,,
,,,,,,,,
,,,,,,,,
,,,,,,,,
,,,,,,,,
,,,,,,,,
,,,,,,,,
,,,,,,,,
,,,,,,,,
,,,,,,,,
,,,,,,,,
,,,,,,,,
,,,,,,,,
,,,,,,,,
,,,,,,,,
,,,,,,,,
,,,,,,,,
,,,,,,,,
,,,,,,,,
,,,,,,,,
,,,,,,,,
,,,,,,,,
,,,,,,,,
,,,,,,,,
,,,,,,,,
,,,,,,,,
,,,,,,,,
,,,,,,,,
,,,,,,,,
,,,,,,,,
,,,,,,,,
,,,,,,,,
,,,,,,,,
,,,,,,,,
,,,,,,,,
,,,,,,,,
,,,,,,,,
,,,,,,,,
,,,,,,,,
,,,,,,,,
,,,,,,,,
,,,,,,,,
,,,,,,,,
,,,,,,,,
,,,,,,,,
,,,,,,,,
,,,,,,,,
,,,,,,,,
,,,,,,,,
,,,,,,,,
,,,,,,,,
,,,,,,,,
,,,,,,,,
,,,,,,,,
,,,,,,,,
,,,,,,,,
,,,,,,,,
,,,,,,,,
,,,,,,,,
,,,,,,,,
,,,,,,,,
,,,,,,,,
,,,,,,,,
,,,,,,,,
,,,,,,,,
,,,,,,,,
,,,,,,,,
,,,,,,,,
,,,,,,,,
,,,,,,,,
,,,,,,,,
,,,,,,,,
,,,,,,,,
,,,,,,,,
,,,,,,,,
,,,,,,,,
,,,,,,,,
,,,,,,,,
,,,,,,,,
,,,,,,,,
,,,,,,,,
,,,,,,,,
,,,,,,,,
,,,,,,,,
,,,,,,,,
,,,,,,,,
,,,,,,,,
,,,,,,,,
,,,,,,,,
,,,,,,,,
,,,,,,,,
,,,,,,,,
,,,,,,,,
,,,,,,,,
,,,,,,,,
,,,,,,,,
,,,,,,,,
,,,,,,,,
,,,,,,,,
,,,,,,,,
,,,,,,,,
,,,,,,,,
,,,,,,,,
,,,,,,,,
,,,,,,,,
,,,,,,,,
,,,,,,,,
,,,,,,,,
,,,,,,,,
,,,,,,,,
,,,,,,,,
,,,,,,,,
,,,,,,,,
,,,,,,,,
,,,,,,,,
,,,,,,,,
,,,,,,,,
,,,,,,,,
,,,,,,,,
,,,,,,,,
,,,,,,,,
,,,,,,,,
,,,,,,,,
,,,,,,,,
,,,,,,,,
,,,,,,,,
,,,,,,,,
,,,,,,,,
,,,,,,,,
,,,,,,,,
,,,,,,,,
,,,,,,,,
,,,,,,,,
,,,,,,,,
,,,,,,,,
,,,,,,,,
,,,,,,,,
,,,,,,,,
,,,,,,,,
,,,,,,,,
,,,,,,,,
,,,,,,,,
,,,,,,,,
,,,,,,,,
,,,,,,,,
,,,,,,,,
,,,,,,,,
,,,,,,,,
,,,,,,,,
,,,,,,,,
,,,,,,,,
,,,,,,,,
,,,,,,,,
,,,,,,,,
,,,,,,,,
,,,,,,,,
,,,,,,,,
,,,,,,,,
,,,,,,,,
,,,,,,,,
,,,,,,,,
,,,,,,,,
,,,,,,,,
,,,,,,,,
,,,,,,,,
,,,,,,,,
,,,,,,,,
,,,,,,,,
,,,,,,,,
,,,,,,,,
,,,,,,,,
,,,,,,,,
,,,,,,,,
,,,,,,,,
,,,,,,,,
,,,,,,,,
,,,,,,,,
,,,,,,,,
,,,,,,,,
,,,,,,,,
,,,,,,,,
,,,,,,,,
,,,,,,,,
,,,,,,,,
,,,,,,,,
,,,,,,,,
,,,,,,,,
,,,,,,,,
,,,,,,,,
,,,,,,,,
,,,,,,,,
,,,,,,,,
,,,,,,,,
,,,,,,,,
,,,,,,,,
,,,,,,,,
,,,,,,,,
,,,,,,,,
,,,,,,,,
,,,,,,,,
,,,,,,,,
,,,,,,,,
,,,,,,,,
,,,,,,,,
,,,,,,,,
,,,,,,,,
,,,,,,,,
,,,,,,,,
,,,,,,,,
,,,,,,,,
,,,,,,,,
,,,,,,,,
,,,,,,,,
,,,,,,,,
,,,,,,,,
,,,,,,,,
,,,,,,,,
,,,,,,,,
,,,,,,,,
,,,,,,,,
,,,,,,,,
,,,,,,,,
,,,,,,,,
,,,,,,,,
,,,,,,,,
,,,,,,,,
,,,,,,,,
,,,,,,,,
,,,,,,,,
,,,,,,,,
,,,,,,,,
,,,,,,,,
,,,,,,,,
,,,,,,,,
,,,,,,,,
,,,,,,,,
,,,,,,,,
,,,,,,,,
,,,,,,,,
,,,,,,,,
,,,,,,,,
,,,,,,,,
,,,,,,,,
,,,,,,,,
,,,,,,,,
,,,,,,,,
,,,,,,,,
,,,,,,,,
,,,,,,,,
,,,,,,,,
,,,,,,,,
,,,,,,,,
,,,,,,,,
,,,,,,,,
,,,,,,,,
,,,,,,,,
,,,,,,,,
,,,,,,,,
,,,,,,,,
,,,,,,,,
,,,,,,,,
,,,,,,,,
,,,,,,,,
,,,,,,,,
,,,,,,,,
,,,,,,,,
,,,,,,,,
,,,,,,,,
,,,,,,,,
,,,,,,,,
,,,,,,,,
,,,,,,,,
,,,,,,,,
,,,,,,,,
,,,,,,,,
,,,,,,,,
,,,,,,,,
,,,,,,,,
,,,,,,,,
,,,,,,,,
,,,,,,,,
,,,,,,,,
,,,,,,,,
,,,,,,,,
,,,,,,,,
,,,,,,,,
,,,,,,,,
,,,,,,,,
,,,,,,,,
,,,,,,,,
,,,,,,,,
,,,,,,,,
,,,,,,,,
,,,,,,,,
,,,,,,,,
,,,,,,,,
,,,,,,,,
,,,,,,,,
,,,,,,,,
,,,,,,,,
,,,,,,,,
,,,,,,,,
,,,,,,,,
,,,,,,,,
,,,,,,,,
,,,,,,,,
,,,,,,,,
,,,,,,,,
,,,,,,,,
,,,,,,,,
,,,,,,,,
,,,,,,,,
,,,,,,,,
,,,,,,,,
,,,,,,,,
,,,,,,,,
,,,,,,,,
,,,,,,,,
,,,,,,,,
,,,,,,,,
,,,,,,,,
,,,,,,,,
,,,,,,,,
,,,,,,,,
,,,,,,,,
,,,,,,,,
,,,,,,,,
,,,,,,,,
,,,,,,,,
,,,,,,,,
,,,,,,,,
,,,,,,,,
,,,,,,,,
,,,,,,,,
,,,,,,,,
,,,,,,,,
,,,,,,,,
,,,,,,,,
,,,,,,,,
,,,,,,,,
,,,,,,,,
,,,,,,,,
,,,,,,,,
,,,,,,,,
,,,,,,,,
,,,,,,,,
,,,,,,,,
,,,,,,,,
,,,,,,,,
,,,,,,,,
,,,,,,,,
,,,,,,,,
,,,,,,,,
,,,,,,,,
,,,,,,,,
,,,,,,,,
,,,,,,,,
,,,,,,,,
,,,,,,,,
,,,,,,,,
,,,,,,,,
,,,,,,,,
,,,,,,,,
,,,,,,,,
,,,,,,,,
,,,,,,,,
,,,,,,,,
,,,,,,,,
,,,,,,,,
,,,,,,,,
,,,,,,,,
,,,,,,,,
,,,,,,,,
,,,,,,,,
,,,,,,,,
,,,,,,,,
,,,,,,,,
,,,,,,,,
,,,,,,,,
,,,,,,,,
,,,,,,,,
,,,,,,,,
,,,,,,,,
,,,,,,,,
,,,,,,,,
,,,,,,,,
,,,,,,,,
,,,,,,,,
,,,,,,,,
,,,,,,,,
,,,,,,,,
,,,,,,,,
,,,,,,,,
,,,,,,,,
,,,,,,,,
,,,,,,,,
,,,,,,,,
,,,,,,,,
,,,,,,,,
,,,,,,,,
,,,,,,,,
,,,,,,,,
,,,,,,,,
,,,,,,,,
,,,,,,,,
,,,,,,,,
,,,,,,,,
,,,,,,,,
,,,,,,,,
,,,,,,,,
,,,,,,,,
,,,,,,,,
,,,,,,,,
,,,,,,,,
,,,,,,,,
,,,,,,,,
,,,,,,,,
,,,,,,,,
,,,,,,,,
,,,,,,,,
,,,,,,,,
,,,,,,,,
,,,,,,,,
,,,,,,,,
,,,,,,,,
,,,,,,,,
,,,,,,,,
,,,,,,,,
,,,,,,,,
,,,,,,,,
,,,,,,,,
,,,,,,,,
,,,,,,,,
,,,,,,,,
,,,,,,,,
,,,,,,,,
,,,,,,,,
,,,,,,,,
,,,,,,,,
,,,,,,,,
,,,,,,,,
,,,,,,,,
,,,,,,,,
,,,,,,,,
,,,,,,,,
,,,,,,,,
,,,,,,,,
,,,,,,,,
,,,,,,,,
,,,,,,,,
,,,,,,,,
,,,,,,,,
,,,,,,,,
,,,,,,,,
,,,,,,,,
,,,,,,,,
,,,,,,,,
,,,,,,,,
,,,,,,,,
,,,,,,,,
,,,,,,,,
,,,,,,,,
,,,,,,,,
,,,,,,,,
,,,,,,,,
,,,,,,,,
,,,,,,,,
,,,,,,,,
,,,,,,,,
,,,,,,,,
,,,,,,,,
,,,,,,,,
,,,,,,,,
,,,,,,,,
,,,,,,,,
,,,,,,,,
,,,,,,,,
,,,,,,,,
,,,,,,,,
,,,,,,,,
,,,,,,,,
,,,,,,,,
,,,,,,,,
,,,,,,,,
,,,,,,,,
,,,,,,,,
,,,,,,,,
,,,,,,,,
,,,,,,,,
,,,,,,,,
,,,,,,,,
,,,,,,,,
,,,,,,,,
,,,,,,,,
,,,,,,,,
,,,,,,,,
,,,,,,,,
,,,,,,,,
,,,,,,,,
,,,,,,,,
,,,,,,,,
,,,,,,,,
,,,,,,,,
,,,,,,,,
,,,,,,,,
,,,,,,,,
,,,,,,,,
,,,,,,,,
,,,,,,,,
,,,,,,,,
,,,,,,,,
,,,,,,,,
,,,,,,,,
,,,,,,,,
,,,,,,,,
,,,,,,,,
,,,,,,,,
,,,,,,,,
,,,,,,,,
,,,,,,,,
,,,,,,,,
,,,,,,,,
,,,,,,,,
,,,,,,,,
,,,,,,,,
,,,,,,,,
,,,,,,,,
,,,,,,,,
,,,,,,,,
,,,,,,,,
,,,,,,,,
,,,,,,,,
,,,,,,,,
,,,,,,,,
,,,,,,,,
,,,,,,,,
,,,,,,,,
,,,,,,,,
,,,,,,,,
,,,,,,,,
,,,,,,,,
,,,,,,,,
,,,,,,,,
,,,,,,,,
,,,,,,,,
,,,,,,,,
,,,,,,,,
,,,,,,,,
,,,,,,,,
,,,,,,,,
,,,,,,,,
,,,,,,,,
,,,,,,,,
,,,,,,,,
,,,,,,,,
,,,,,,,,
,,,,,,,,
,,,,,,,,
,,,,,,,,
,,,,,,,,
,,,,,,,,
,,,,,,,,
,,,,,,,,
,,,,,,,,
,,,,,,,,
,,,,,,,,
,,,,,,,,
,,,,,,,,
,,,,,,,,
,,,,,,,,
,,,,,,,,
,,,,,,,,
,,,,,,,,
,,,,,,,,
,,,,,,,,
,,,,,,,,
,,,,,,,,
,,,,,,,,
,,,,,,,,
,,,,,,,,
,,,,,,,,
,,,,,,,,
,,,,,,,,
,,,,,,,,
,,,,,,,,
,,,,,,,,
,,,,,,,,
,,,,,,,,
,,,,,,,,
,,,,,,,,
,,,,,,,,
,,,,,,,,
,,,,,,,,
,,,,,,,,
,,,,,,,,
,,,,,,,,
,,,,,,,,
,,,,,,,,
,,,,,,,,
,,,,,,,,
,,,,,,,,
,,,,,,,,
,,,,,,,,
,,,,,,,,
,,,,,,,,
,,,,,,,,
,,,,,,,,
,,,,,,,,
,,,,,,,,
,,,,,,,,
,,,,,,,,
,,,,,,,,
,,,,,,,,
,,,,,,,,
,,,,,,,,
,,,,,,,,
,,,,,,,,
,,,,,,,,
,,,,,,,,
,,,,,,,,
,,,,,,,,
,,,,,,,,
,,,,,,,,
,,,,,,,,
